lead_id,created_at,client_name,client_email,initial_owner,final_owner,contract_type,source_campaign,property_code,first_action_at,first_contact_at,won_at,lost_at,loss_reason,closed_value,property_category
22577792-fd9d-4bcb-b1a2-76f3992c0e8e,2025-01-01T20:44:01,Camila Teixeira,camila.teix83@hotmail.com,Roberto Mendes,Roberto Mendes,venda,Instagram - Casarão SP,TE-6004,2025-01-03T03:37:15,2025-01-03T06:27:06,,2025-01-26T06:27:06,Negociação travou,,usado
836a26c2-f38b-4a1f-b836-203eb913dff4,2025-01-01T22:19:51,Camila Teixeira,camila.teix25@hotmail.com,Paulo Henrique Santos,Camila Alves,venda,LinkedIn Ads - Alto Padrão,CO-8272,2025-01-03T01:30:48,2025-01-03T06:23:26,2025-01-10T06:23:26,,,510958.63,usado
1402692e-c96f-4c39-8808-3b5bea9b199c,2025-01-02T00:35:48,Gabriel Souza,gabriel.souza45@hotmail.com,Marcos Oliveira,Marcos Oliveira,venda,LinkedIn Ads - Alto Padrão,CO-5908,2025-01-03T14:55:09,2025-01-03T18:42:09,,,,,novo
359c5aeb-492d-4bba-ab10-b7b40a1c3db2,2025-01-02T04:07:05,Natalia Rocha,natalia.rocha17@outlook.com,Paulo Henrique Santos,Paulo Henrique Santos,venda,Indicação - Cliente,CO-2195,2025-01-02T04:52:43,2025-01-02T06:33:55,,,,,novo
fc40ee63-a7bd-4024-a7b7-b9e4b49cf856,2025-01-02T08:00:03,Bruno Almeida,bruno.almeida40@gmail.com,Camila Alves,Camila Alves,venda,Site Orgânico,CS-4339,2025-01-03T10:23:18,2025-01-03T14:18:54,,,,,usado
71e5777f-dfe2-4634-8a97-172b77a8db32,2025-01-02T21:11:40,Rafael Torres,rafael.torres69@gmail.com,Carlos Eduardo Silva,Carlos Eduardo Silva,venda,Instagram - Casarão SP,CS-8183,2025-01-03T01:36:53,2025-01-03T02:11:45,2025-02-28T02:11:45,,,1224945.93,usado
112d9641-6e0b-4ca6-a2cd-0b74ab8679b7,2025-01-03T04:18:11,Isabela Nascimento,isabela.nasc17@gmail.com,Roberto Mendes,Roberto Mendes,venda,Whatsapp - Indicação Direta,CS-1916,2025-01-04T05:09:00,2025-01-04T07:52:48,,,,,novo
b4a1e958-60d9-4517-9536-f45b794ddb7e,2025-01-03T11:06:13,Monica Correia,monica.corr63@hotmail.com,Paulo Henrique Santos,Paulo Henrique Santos,venda,Instagram - Casarão SP,CO-9748,2025-01-05T09:30:09,2025-01-05T10:05:34,,2025-01-27T10:05:34,Preço acima do orçamento,,usado
c0778bf7-d466-404a-a959-c649e098f97a,2025-01-04T03:04:18,Julia Medeiros,julia.med79@yahoo.com.br,Carlos Eduardo Silva,Carlos Eduardo Silva,venda,Whatsapp - Indicação Direta,AP-8314,2025-01-05T20:57:02,2025-01-05T22:47:48,2025-03-05T22:47:48,,,1193934.84,usado
85cfb184-8ae0-44d1-9de0-9f22bfbbda16,2025-01-04T11:30:48,Diego Martins,diego.martins42@outlook.com,Fernanda Rodrigues,Ana Paula Ferreira,locação,Site Orgânico,AP-5797,2025-01-05T20:53:08,2025-01-05T22:53:41,,2025-02-08T22:53:41,Desistiu da compra,,usado
50a245f6-73dd-48af-a49f-33e2a943daf5,2025-01-04T15:58:34,Monica Correia,monica.corr52@yahoo.com.br,Marcos Oliveira,Carlos Eduardo Silva,locação,Indicação - Cliente,CO-8192,2025-01-05T05:46:32,2025-01-05T06:27:38,,2025-02-08T06:27:38,Desistiu da compra,,novo
fa922a91-1c1c-4dbb-a975-55a3c330aff5,2025-01-05T02:28:48,Camila Teixeira,camila.teix80@outlook.com,Fernanda Rodrigues,Fernanda Rodrigues,locação,Whatsapp - Indicação Direta,SL-9041,2025-01-06T22:27:24,2025-01-07T00:29:53,2025-03-24T00:29:53,,,1472.37,novo
03226e9a-6458-4237-a578-5b352f924fb5,2025-01-05T07:18:34,Natalia Rocha,natalia.rocha83@outlook.com,Roberto Mendes,Camila Alves,locação,LinkedIn Ads - Alto Padrão,CS-3209,2025-01-05T09:10:51,2025-01-05T10:47:22,,,,,novo
5f1124fc-c242-41f1-ab9b-2bb4647350ea,2025-01-05T10:43:32,Isabela Nascimento,isabela.nasc2@hotmail.com,Roberto Mendes,Roberto Mendes,locação,Meta - Novos Empreendimentos,CO-3796,2025-01-07T01:59:53,2025-01-07T03:04:58,,2025-02-28T03:04:58,Desistiu da compra,,usado
8844c26d-f1d9-48b0-8b0e-ec303cd5fc01,2025-01-05T18:22:40,Natalia Rocha,natalia.rocha78@hotmail.com,Ana Paula Ferreira,Ana Paula Ferreira,locação,LinkedIn Ads - Alto Padrão,AP-8668,2025-01-06T11:45:58,2025-01-06T16:21:18,,,,,usado
809efaa5-f4d2-4b79-9a74-588b8defde2a,2025-01-05T21:34:15,Larissa Pereira,larissa.pereira7@yahoo.com.br,Ana Paula Ferreira,Ana Paula Ferreira,venda,Whatsapp - Indicação Direta,TE-8304,2025-01-06T13:35:22,2025-01-06T15:10:45,,,,,usado
40033056-ca57-459d-9b95-00ce15ecf2d8,2025-01-05T21:43:10,Julia Medeiros,julia.med58@yahoo.com.br,Ana Paula Ferreira,Ana Paula Ferreira,venda,OLX Imóveis,CS-3165,2025-01-07T01:11:29,2025-01-07T01:57:45,,2025-01-13T01:57:45,Mudou de cidade,,novo
4e59784d-5b99-4278-8640-9ce78e06b3b2,2025-01-06T00:40:23,Lucas Barbosa,lucas.barbosa93@outlook.com,Juliana Costa,Juliana Costa,venda,Meta - Novos Empreendimentos,AP-4496,2025-01-07T05:12:37,2025-01-07T08:34:02,,2025-01-08T08:34:02,Imóvel não atendeu expectativa,,usado
3066961d-af11-4fa9-9f5b-3012ce5c1549,2025-01-06T01:35:15,Igor Pinto,igor.pinto48@yahoo.com.br,Ana Paula Ferreira,Ana Paula Ferreira,venda,Indicação - Cliente,SL-8361,2025-01-07T17:29:40,2025-01-07T18:29:56,,,,,usado
2850c9fc-f615-4d5b-973a-bfd8b81fde12,2025-01-06T05:07:18,Larissa Pereira,larissa.pereira30@yahoo.com.br,Ana Paula Ferreira,Ana Paula Ferreira,locação,Whatsapp - Indicação Direta,CO-6347,2025-01-07T18:45:13,2025-01-07T21:43:53,2025-03-21T21:43:53,,,2768.31,novo
190a9827-ec87-401f-b4ca-e2d9de143b37,2025-01-06T05:58:24,Rafael Torres,rafael.torres26@hotmail.com,Fernanda Rodrigues,Fernanda Rodrigues,venda,LinkedIn Ads - Alto Padrão,CS-6183,2025-01-07T19:23:04,2025-01-07T22:33:58,,2025-01-19T22:33:58,Imóvel não atendeu expectativa,,usado
de96f63a-d989-465b-881d-09c1960e3f3f,2025-01-06T06:10:27,Eduardo Moreira,eduardo.mor62@yahoo.com.br,Carlos Eduardo Silva,Carlos Eduardo Silva,venda,Indicação - Cliente,CO-2972,2025-01-06T21:23:37,2025-01-06T21:56:24,,2025-01-31T21:56:24,Não respondeu,,usado
bb627906-1a9a-423e-aba2-fedd8226c169,2025-01-06T16:31:38,Camila Teixeira,camila.teix99@outlook.com,Juliana Costa,Ana Paula Ferreira,venda,Jetimob - Portal,SL-9743,2025-01-08T03:55:56,2025-01-08T08:38:04,,,,,usado
c24a3096-72ac-4099-a11b-063b4dbb2f34,2025-01-06T18:58:00,Mariana Gomes,mariana.gomes77@outlook.com,Marcos Oliveira,Marcos Oliveira,venda,Instagram - Casarão SP,CO-5460,2025-01-07T16:02:07,2025-01-07T19:49:28,,,,,usado
44544ff9-7714-494c-9570-ae6891fa2c67,2025-01-06T19:17:10,Natalia Rocha,natalia.rocha90@hotmail.com,Ana Paula Ferreira,Ana Paula Ferreira,venda,Site Orgânico,SL-8187,2025-01-08T04:24:04,2025-01-08T06:52:15,2025-01-16T06:52:15,,,278659.28,usado
6aa3d5f8-90dc-4cf8-9ef7-85fb93077de8,2025-01-06T21:05:30,Lucas Barbosa,lucas.barbosa25@outlook.com,Ana Paula Ferreira,Camila Alves,venda,Jetimob - Portal,TE-1349,2025-01-07T08:51:31,2025-01-07T10:03:04,,2025-01-12T10:03:04,Desistiu da compra,,novo
c2505714-fb76-4d42-ad30-710af0fcbaad,2025-01-07T01:47:02,Gustavo Nunes,gustavo.nunes69@gmail.com,Roberto Mendes,Roberto Mendes,venda,Meta - Novos Empreendimentos,SL-9019,2025-01-07T16:53:45,2025-01-07T19:32:00,,2025-01-15T19:32:00,Imóvel não atendeu expectativa,,usado
971e4ba3-0a54-4e3c-9556-80e1a7b28452,2025-01-07T03:03:25,Thiago Carvalho,thiago.carvalho44@yahoo.com.br,Paulo Henrique Santos,Paulo Henrique Santos,locação,Whatsapp - Indicação Direta,TE-3250,2025-01-07T13:22:14,2025-01-07T14:07:17,2025-01-18T14:07:17,,,1433.05,novo
0b24c941-fa2f-4760-b4ee-d63889b9921d,2025-01-08T01:49:28,Leandro Santana,leandro.sant68@outlook.com,Juliana Costa,Ana Paula Ferreira,locação,Indicação - Cliente,CO-9897,2025-01-08T18:39:39,2025-01-09T00:01:10,,2025-01-31T00:01:10,Imóvel não atendeu expectativa,,usado
9536531e-f57d-4a9e-a5b8-079d1dd03b55,2025-01-08T06:21:44,Camila Teixeira,camila.teix44@outlook.com,Paulo Henrique Santos,Paulo Henrique Santos,locação,Site Orgânico,CO-6188,2025-01-10T00:14:57,2025-01-10T00:56:48,2025-04-03T00:56:48,,,4388.22,usado
22135472-eeb3-44ea-be35-af782415a805,2025-01-08T07:35:09,Mariana Gomes,mariana.gomes60@yahoo.com.br,Camila Alves,Camila Alves,locação,Whatsapp - Indicação Direta,SL-6179,2025-01-09T06:08:49,2025-01-09T10:07:11,,,,,novo
3223be98-7655-4815-a438-b64d8db3c10b,2025-01-08T09:05:04,Gustavo Nunes,gustavo.nunes14@hotmail.com,Marcos Oliveira,Ana Paula Ferreira,locação,Whatsapp - Indicação Direta,AP-6688,2025-01-09T02:56:05,2025-01-09T06:13:03,,2025-03-05T06:13:03,Mudou de cidade,,usado
271b52ac-0a92-43db-83c0-7d0773b7074b,2025-01-08T17:01:36,Helena Freitas,helena.freitas32@gmail.com,Marcos Oliveira,Marcos Oliveira,venda,Jetimob - Portal,AP-4028,2025-01-09T09:50:40,2025-01-09T11:08:39,2025-03-26T11:08:39,,,1126813.38,novo
d181c1b5-3739-453f-812c-17af7e21c5fe,2025-01-08T18:40:23,Mariana Gomes,mariana.gomes77@gmail.com,Ana Paula Ferreira,Ana Paula Ferreira,venda,Meta - Novos Empreendimentos,TE-5033,2025-01-10T00:26:29,2025-01-10T03:14:49,,2025-02-13T03:14:49,Imóvel não atendeu expectativa,,usado
750e97da-34db-40c0-a203-02f4b79118fc,2025-01-08T20:05:50,Gabriel Souza,gabriel.souza23@gmail.com,Ana Paula Ferreira,Marcos Oliveira,venda,LinkedIn Ads - Alto Padrão,CS-4377,2025-01-09T21:15:11,2025-01-10T00:01:09,,,,,novo
5595a5d0-1bd3-4f3e-bc4f-f00f7714f2e2,2025-01-09T08:03:22,Larissa Pereira,larissa.pereira45@hotmail.com,Marcos Oliveira,Marcos Oliveira,locação,Site Orgânico,CO-6706,2025-01-10T18:44:22,2025-01-10T21:43:41,2025-01-18T21:43:41,,,4526.52,usado
ad030c1d-ac6d-44ad-ab64-c173197ef3a4,2025-01-09T10:47:19,Lucas Barbosa,lucas.barbosa71@yahoo.com.br,Fernanda Rodrigues,Camila Alves,locação,Google Ads - Apartamentos SP,TE-9561,2025-01-10T06:44:25,2025-01-10T08:03:19,,2025-02-28T08:03:19,Não respondeu,,usado
7d232754-739c-4a64-b5ee-e0fe0fb032d5,2025-01-09T18:57:25,Thiago Carvalho,thiago.carvalho75@hotmail.com,Carlos Eduardo Silva,Roberto Mendes,venda,Instagram - Casarão SP,CO-8326,2025-01-10T09:24:51,2025-01-10T14:16:59,,2025-03-10T14:16:59,Mudou de cidade,,novo
4781e9b6-a823-43d6-ac1b-eb4eb1aeae4c,2025-01-09T23:04:15,Igor Pinto,igor.pinto36@yahoo.com.br,Carlos Eduardo Silva,Carlos Eduardo Silva,locação,Instagram - Casarão SP,CS-8239,2025-01-11T02:02:17,2025-01-11T03:09:12,,,,,usado
97bd0e65-9c41-4e81-b010-0001509a6e8d,2025-01-10T08:17:36,Eduardo Moreira,eduardo.mor6@gmail.com,Roberto Mendes,Roberto Mendes,venda,Meta - Novos Empreendimentos,CO-4139,2025-01-11T15:07:59,2025-01-11T17:46:13,,2025-02-20T17:46:13,Sem perfil para financiamento,,novo
3512f61f-d1e7-4ff7-a1d6-68a4bd619064,2025-01-10T16:34:17,Mariana Gomes,mariana.gomes38@gmail.com,Fernanda Rodrigues,Fernanda Rodrigues,venda,Meta - Novos Empreendimentos,AP-1751,2025-01-12T00:26:45,2025-01-12T01:53:02,,2025-02-10T01:53:02,Sem perfil para financiamento,,novo
38ea88e9-6f27-47ec-92f5-fcfc94e64821,2025-01-10T23:02:47,Gabriel Souza,gabriel.souza61@outlook.com,Camila Alves,Camila Alves,venda,Google Ads - Apartamentos SP,SL-8827,2025-01-11T18:20:24,2025-01-11T19:14:51,,2025-01-15T19:14:51,Comprou com outra imobiliária,,novo
cbbedb78-d12a-41a3-aad2-57e861c95fc5,2025-01-11T01:17:53,Lucas Barbosa,lucas.barbosa65@outlook.com,Paulo Henrique Santos,Paulo Henrique Santos,venda,Jetimob - Portal,SL-7518,2025-01-11T23:05:21,2025-01-12T00:19:22,,2025-02-26T00:19:22,Sem perfil para financiamento,,usado
bd896fb5-f2b3-47b1-9c4f-78a385c13048,2025-01-11T04:01:37,Diego Martins,diego.martins22@outlook.com,Paulo Henrique Santos,Paulo Henrique Santos,venda,Meta - Novos Empreendimentos,SL-8909,2025-01-13T01:16:11,2025-01-13T02:40:38,,,,,usado
91d26386-d7e0-4b1c-891c-1b00d490fc3a,2025-01-11T06:08:49,Gustavo Nunes,gustavo.nunes37@gmail.com,Fernanda Rodrigues,Marcos Oliveira,venda,LinkedIn Ads - Alto Padrão,TE-8750,2025-01-12T01:32:57,2025-01-12T05:26:59,,2025-02-07T05:26:59,Preço acima do orçamento,,novo
da2763a0-9333-45c3-b746-bccdfbc8b0e9,2025-01-11T14:36:55,Isabela Nascimento,isabela.nasc25@hotmail.com,Camila Alves,Camila Alves,venda,LinkedIn Ads - Alto Padrão,CS-2235,2025-01-11T19:24:18,2025-01-11T23:29:30,,2025-01-12T23:29:30,Não respondeu,,usado
38f669d1-5702-4c32-9faa-cd970ef342d5,2025-01-11T14:50:57,Nelson Xavier,nelson.xavier85@hotmail.com,Fernanda Rodrigues,Fernanda Rodrigues,venda,Whatsapp - Indicação Direta,CO-6432,2025-01-11T20:01:26,2025-01-11T21:03:58,2025-03-21T21:03:58,,,977747.65,usado
de38a5bb-54f9-4894-8341-542613fa9347,2025-01-11T23:26:27,Rafael Torres,rafael.torres21@gmail.com,Ana Paula Ferreira,Ana Paula Ferreira,venda,Whatsapp - Indicação Direta,CO-3969,2025-01-13T04:49:29,2025-01-13T10:04:08,,,,,usado
78f377e3-d5b8-47df-9682-28989e883fe1,2025-01-12T00:10:50,Lucas Barbosa,lucas.barbosa70@outlook.com,Marcos Oliveira,Marcos Oliveira,venda,Zap Imóveis,TE-9335,2025-01-12T14:28:47,2025-01-12T18:33:47,,2025-01-18T18:33:47,Não respondeu,,usado
dbb7af8c-16bd-4595-b5c5-e4af4d34ceb3,2025-01-12T01:12:50,Natalia Rocha,natalia.rocha15@yahoo.com.br,Marcos Oliveira,Marcos Oliveira,venda,Site Orgânico,SL-1744,2025-01-12T03:56:16,2025-01-12T05:33:44,,,,,novo
fc5dbfee-c588-45fb-b72a-f3c650818cf8,2025-01-12T02:23:29,Gustavo Nunes,gustavo.nunes42@yahoo.com.br,Ana Paula Ferreira,Roberto Mendes,venda,OLX Imóveis,AP-2781,2025-01-13T15:26:19,2025-01-13T18:01:21,,2025-02-25T18:01:21,Preço acima do orçamento,,usado
400d8664-553e-4591-a78b-269c852aa65c,2025-01-12T04:10:05,Gabriel Souza,gabriel.souza83@outlook.com,Ana Paula Ferreira,Ana Paula Ferreira,venda,Jetimob - Portal,TE-3858,2025-01-13T07:05:05,2025-01-13T12:51:22,2025-03-08T12:51:22,,,1688493.59,usado
6a0e9193-3cde-49e8-8af2-88483d98683c,2025-01-13T14:23:19,Helena Freitas,helena.freitas9@gmail.com,Marcos Oliveira,Marcos Oliveira,locação,LinkedIn Ads - Alto Padrão,TE-7730,2025-01-13T18:01:16,2025-01-13T23:52:09,,2025-02-11T23:52:09,Negociação travou,,usado
01455bc3-9805-45a6-a0dc-e1ba1950a778,2025-01-13T14:42:21,Lucas Barbosa,lucas.barbosa15@hotmail.com,Roberto Mendes,Roberto Mendes,venda,Meta - Novos Empreendimentos,CO-5528,2025-01-14T03:07:56,2025-01-14T07:55:34,,2025-01-18T07:55:34,Mudou de cidade,,usado
2362f8ca-40f3-4e68-ad39-15bec20abdc9,2025-01-13T15:04:37,Mariana Gomes,mariana.gomes1@outlook.com,Fernanda Rodrigues,Fernanda Rodrigues,locação,Google Ads - Apartamentos SP,CS-6285,2025-01-14T20:39:52,2025-01-15T00:48:17,,2025-02-21T00:48:17,Imóvel não atendeu expectativa,,usado
14d61c02-076b-41c4-ac6c-ef80d7b9de1e,2025-01-13T17:53:52,Eduardo Moreira,eduardo.mor4@hotmail.com,Carlos Eduardo Silva,Carlos Eduardo Silva,locação,Zap Imóveis,CO-8654,2025-01-15T14:46:38,2025-01-15T18:17:40,2025-03-28T18:17:40,,,1728.18,usado
9300853d-9a13-4ac8-8f34-32ee86987e33,2025-01-13T21:14:28,Natalia Rocha,natalia.rocha31@outlook.com,Ana Paula Ferreira,Ana Paula Ferreira,locação,Indicação - Cliente,CO-1399,2025-01-15T10:18:43,2025-01-15T15:37:12,,2025-03-07T15:37:12,Imóvel não atendeu expectativa,,usado
51265a4d-29c9-4073-aa72-ee5b0e6a8969,2025-01-14T01:08:27,Amanda Castro,amanda.castro42@yahoo.com.br,Marcos Oliveira,Ana Paula Ferreira,venda,Jetimob - Portal,CO-8937,2025-01-15T16:34:03,2025-01-15T19:54:05,2025-02-26T19:54:05,,,901853.78,usado
7f305f9e-67b8-4118-b3eb-d298eae4dd1b,2025-01-14T08:37:49,Beatriz Lima,beatriz.lima61@outlook.com,Roberto Mendes,Camila Alves,venda,Google Ads - Apartamentos SP,AP-1311,2025-01-14T15:53:32,2025-01-14T21:33:48,,2025-02-11T21:33:48,Não respondeu,,novo
de73f5fc-ff70-4027-9f50-e34832b84d26,2025-01-14T13:42:14,Beatriz Lima,beatriz.lima39@gmail.com,Camila Alves,Camila Alves,venda,Site Orgânico,CS-7367,2025-01-16T11:16:45,2025-01-16T15:36:35,,2025-02-23T15:36:35,Comprou com outra imobiliária,,usado
d071bbbb-c2b9-4986-9ae5-8454f2fd56ea,2025-01-14T13:44:29,Larissa Pereira,larissa.pereira8@gmail.com,Juliana Costa,Juliana Costa,locação,Zap Imóveis,AP-5240,2025-01-14T14:53:08,2025-01-14T15:44:24,,,,,usado
0303c6fd-b63f-491c-b764-3a5ac9944801,2025-01-14T14:15:15,Nelson Xavier,nelson.xavier76@gmail.com,Paulo Henrique Santos,Paulo Henrique Santos,venda,Indicação - Cliente,CS-5537,2025-01-15T16:51:42,2025-01-15T20:39:42,,2025-03-06T20:39:42,Preço acima do orçamento,,usado
1b85bcd5-3327-4abf-b516-7b6e21db79a6,2025-01-14T22:53:44,Helena Freitas,helena.freitas47@outlook.com,Paulo Henrique Santos,Paulo Henrique Santos,locação,Zap Imóveis,SL-8426,2025-01-15T21:45:50,2025-01-16T00:11:49,,2025-01-27T00:11:49,Sem perfil para financiamento,,usado
e00c5ba2-f6f5-4b71-9fac-62deff27eb24,2025-01-15T07:51:58,Igor Pinto,igor.pinto97@gmail.com,Ana Paula Ferreira,Juliana Costa,venda,Site Orgânico,CO-1822,2025-01-16T05:49:50,2025-01-16T10:44:18,,2025-02-21T10:44:18,Imóvel não atendeu expectativa,,usado
e4fa3874-ae21-4d84-b9aa-90cd9cfdebf5,2025-01-15T08:20:32,Julia Medeiros,julia.med5@hotmail.com,Ana Paula Ferreira,Ana Paula Ferreira,venda,OLX Imóveis,CS-7765,2025-01-16T08:28:45,2025-01-16T12:20:33,,2025-03-12T12:20:33,Preço acima do orçamento,,usado
12f4c18b-bdca-4984-a747-e29894e697d5,2025-01-15T11:39:20,Gustavo Nunes,gustavo.nunes11@outlook.com,Juliana Costa,Juliana Costa,locação,Whatsapp - Indicação Direta,TE-4697,2025-01-16T09:20:06,2025-01-16T12:16:12,,,,,usado
163973f2-023c-4462-ad18-4d4ebcecc727,2025-01-15T14:05:07,Mariana Gomes,mariana.gomes47@hotmail.com,Ana Paula Ferreira,Ana Paula Ferreira,venda,Zap Imóveis,AP-8889,2025-01-16T00:16:40,2025-01-16T01:39:53,,,,,usado
e322a865-1346-45e7-8f80-aae7d6acf491,2025-01-15T21:53:25,Beatriz Lima,beatriz.lima1@outlook.com,Paulo Henrique Santos,Paulo Henrique Santos,locação,Whatsapp - Indicação Direta,CO-4271,2025-01-16T06:10:23,2025-01-16T08:16:41,2025-02-02T08:16:41,,,2416.65,novo
3aba2e36-23a8-4b8d-8356-84ef86cd1085,2025-01-16T00:42:09,Thiago Carvalho,thiago.carvalho28@outlook.com,Carlos Eduardo Silva,Carlos Eduardo Silva,venda,Zap Imóveis,AP-1821,2025-01-17T20:50:28,2025-01-18T00:15:44,2025-03-27T00:15:44,,,924914.35,usado
b2035a5e-97b9-49fa-ae63-4d5ee9d96d9b,2025-01-16T01:02:54,Diego Martins,diego.martins13@outlook.com,Carlos Eduardo Silva,Carlos Eduardo Silva,locação,Whatsapp - Indicação Direta,CS-7172,2025-01-17T16:58:11,2025-01-17T21:42:38,,,,,novo
e75f37a5-23b0-43c8-9de5-9e2e3b45c11b,2025-01-16T02:03:17,Fernanda Lopes,fernanda.lop51@outlook.com,Ana Paula Ferreira,Ana Paula Ferreira,venda,Jetimob - Portal,AP-5005,2025-01-16T07:42:37,2025-01-16T11:34:41,2025-04-14T11:34:41,,,833154.0,novo
3349952d-d6f8-4ac2-bf3c-7729f27a01a7,2025-01-16T06:04:42,Beatriz Lima,beatriz.lima43@gmail.com,Juliana Costa,Paulo Henrique Santos,locação,Site Orgânico,SL-5612,2025-01-16T08:33:21,2025-01-16T12:12:02,,,,,novo
42c76392-3b8e-4b3b-a29c-50c8819a61aa,2025-01-16T08:07:41,Rodrigo Cunha,rodrigo.cunha1@yahoo.com.br,Paulo Henrique Santos,Paulo Henrique Santos,locação,Indicação - Cliente,SL-3604,2025-01-16T21:21:12,2025-01-17T01:27:13,,2025-02-10T01:27:13,Comprou com outra imobiliária,,usado
9c431d9e-d078-48ee-ac36-3670bf41bf4b,2025-01-16T10:32:38,Camila Teixeira,camila.teix9@yahoo.com.br,Fernanda Rodrigues,Fernanda Rodrigues,locação,OLX Imóveis,CO-6606,2025-01-16T18:56:04,2025-01-16T23:07:03,,2025-03-03T23:07:03,Negociação travou,,usado
1616c543-ee90-4a81-9e5a-7f22e62f3c6a,2025-01-17T01:44:03,Monica Correia,monica.corr6@yahoo.com.br,Paulo Henrique Santos,Paulo Henrique Santos,locação,LinkedIn Ads - Alto Padrão,TE-5668,2025-01-17T23:20:16,2025-01-18T02:46:29,,2025-03-11T02:46:29,Negociação travou,,usado
30696b09-da7a-489d-b323-c22fb7288744,2025-01-17T05:37:17,Patricia Dias,patricia.dias54@outlook.com,Marcos Oliveira,Marcos Oliveira,venda,Instagram - Casarão SP,CS-9123,2025-01-18T03:39:10,2025-01-18T04:53:53,2025-03-12T04:53:53,,,1124920.76,usado
df652a27-5757-4b3a-93a0-72dfd3b9eb6f,2025-01-17T05:58:40,Felipe Ribeiro,felipe.ribeiro51@gmail.com,Juliana Costa,Juliana Costa,venda,LinkedIn Ads - Alto Padrão,TE-3539,2025-01-17T17:59:29,2025-01-17T21:14:28,,2025-02-08T21:14:28,Preço acima do orçamento,,novo
174a757f-0b29-4311-9245-6ace816d2710,2025-01-17T06:03:29,Nelson Xavier,nelson.xavier81@gmail.com,Ana Paula Ferreira,Ana Paula Ferreira,venda,Jetimob - Portal,CO-2702,2025-01-18T13:07:42,2025-01-18T18:47:49,,2025-01-28T18:47:49,Preço acima do orçamento,,novo
e98adb70-f280-496e-8292-8758ec121892,2025-01-17T18:05:29,Beatriz Lima,beatriz.lima91@hotmail.com,Camila Alves,Roberto Mendes,venda,Instagram - Casarão SP,CO-7697,2025-01-19T07:59:43,2025-01-19T12:03:19,2025-02-03T12:03:19,,,470283.8,usado
d807b1fd-0969-4302-8a47-88266679aeee,2025-01-18T00:13:26,Camila Teixeira,camila.teix36@yahoo.com.br,Roberto Mendes,Paulo Henrique Santos,venda,LinkedIn Ads - Alto Padrão,AP-8700,2025-01-18T15:42:09,2025-01-18T16:46:40,2025-03-14T16:46:40,,,697358.95,novo
87e34f92-457f-4259-8b54-6d79d3317594,2025-01-18T00:55:58,Helena Freitas,helena.freitas55@yahoo.com.br,Fernanda Rodrigues,Fernanda Rodrigues,locação,Indicação - Cliente,CS-8822,2025-01-18T01:21:35,2025-01-18T03:58:10,,2025-02-05T03:58:10,Imóvel não atendeu expectativa,,novo
0778b7b1-b775-4acb-b4b9-39e1d063820a,2025-01-18T05:25:25,Camila Teixeira,camila.teix69@gmail.com,Ana Paula Ferreira,Ana Paula Ferreira,locação,Whatsapp - Indicação Direta,TE-1019,2025-01-19T14:01:35,2025-01-19T16:53:59,,2025-03-16T16:53:59,Preço acima do orçamento,,usado
5d97daca-ce73-40d3-b3bb-9a303c951420,2025-01-18T06:05:25,Monica Correia,monica.corr90@gmail.com,Paulo Henrique Santos,Carlos Eduardo Silva,venda,Zap Imóveis,TE-4619,2025-01-20T03:03:27,2025-01-20T04:19:52,,2025-02-05T04:19:52,Imóvel não atendeu expectativa,,usado
d0fde18f-0cba-4ff7-a75e-da0e77fbcb2b,2025-01-18T06:54:41,Lucas Barbosa,lucas.barbosa18@outlook.com,Camila Alves,Fernanda Rodrigues,locação,Jetimob - Portal,SL-3084,2025-01-18T09:52:07,2025-01-18T11:07:10,,,,,novo
d8ad6f9e-6ed7-4102-a911-ccc794cac21f,2025-01-18T09:43:19,Larissa Pereira,larissa.pereira68@gmail.com,Roberto Mendes,Roberto Mendes,venda,Instagram - Casarão SP,SL-5379,2025-01-19T03:41:28,2025-01-19T06:25:27,,2025-03-05T06:25:27,Desistiu da compra,,usado
282ba42a-5759-4e03-be4e-9af21d48dcb4,2025-01-18T11:23:12,Nelson Xavier,nelson.xavier99@hotmail.com,Paulo Henrique Santos,Paulo Henrique Santos,locação,LinkedIn Ads - Alto Padrão,CO-7154,2025-01-18T17:51:24,2025-01-18T23:05:18,2025-03-30T23:05:18,,,2860.75,novo
f62643e3-ab79-4c03-b3e9-cdce0d6cf7ef,2025-01-18T12:29:38,Fernanda Lopes,fernanda.lop42@outlook.com,Ana Paula Ferreira,Ana Paula Ferreira,locação,Instagram - Casarão SP,CO-7981,2025-01-19T05:25:58,2025-01-19T06:09:57,,,,,novo
35a382ea-cfbe-4f14-853d-aee44a93fb98,2025-01-18T15:27:33,Beatriz Lima,beatriz.lima49@outlook.com,Fernanda Rodrigues,Fernanda Rodrigues,venda,OLX Imóveis,SL-7906,2025-01-19T14:05:12,2025-01-19T18:42:23,2025-03-07T18:42:23,,,359932.68,novo
c842d6ec-ce20-4f5e-acec-cf2471a8b772,2025-01-18T15:43:03,Camila Teixeira,camila.teix46@hotmail.com,Marcos Oliveira,Marcos Oliveira,locação,Instagram - Casarão SP,TE-1166,2025-01-18T19:55:06,2025-01-19T00:22:43,,2025-03-09T00:22:43,Desistiu da compra,,usado
879561d0-0dba-4214-acf6-836ab1cb7a05,2025-01-20T00:31:48,Thiago Carvalho,thiago.carvalho51@gmail.com,Juliana Costa,Juliana Costa,locação,Zap Imóveis,AP-7790,2025-01-21T16:44:40,2025-01-21T20:28:59,,,,,novo
f16d4475-1320-4bea-bafa-80ce550cc0bf,2025-01-20T01:43:10,Felipe Ribeiro,felipe.ribeiro94@gmail.com,Ana Paula Ferreira,Carlos Eduardo Silva,locação,Whatsapp - Indicação Direta,CO-4485,2025-01-20T14:18:10,2025-01-20T19:43:11,,2025-03-03T19:43:11,Comprou com outra imobiliária,,usado
64720166-ea54-43b3-afcb-51f58d6e1b9c,2025-01-20T10:26:57,Larissa Pereira,larissa.pereira10@hotmail.com,Camila Alves,Camila Alves,locação,Meta - Novos Empreendimentos,SL-6692,2025-01-21T12:31:09,2025-01-21T17:55:17,,,,,usado
2e054658-5907-4c68-b393-f7be5d329edb,2025-01-20T22:50:16,Leandro Santana,leandro.sant39@gmail.com,Paulo Henrique Santos,Paulo Henrique Santos,locação,Instagram - Casarão SP,TE-3247,2025-01-21T23:26:33,2025-01-22T03:20:24,,2025-03-14T03:20:24,Não respondeu,,usado
cbc460b4-68b9-4e1f-b9c9-dc9a27c18862,2025-01-21T11:37:32,Gustavo Nunes,gustavo.nunes28@outlook.com,Camila Alves,Camila Alves,locação,LinkedIn Ads - Alto Padrão,CS-5339,2025-01-22T13:32:33,2025-01-22T18:09:04,,2025-03-01T18:09:04,Mudou de cidade,,novo
461ebb4f-f601-4d2b-bb87-50d0ffcf9c16,2025-01-21T19:43:25,Eduardo Moreira,eduardo.mor44@yahoo.com.br,Carlos Eduardo Silva,Carlos Eduardo Silva,locação,Google Ads - Apartamentos SP,AP-3381,2025-01-22T16:40:41,2025-01-22T17:31:50,2025-02-04T17:31:50,,,3993.06,usado
26f9240c-2ab8-425e-93fa-e6dbf60efe48,2025-01-21T21:19:22,Gustavo Nunes,gustavo.nunes7@outlook.com,Carlos Eduardo Silva,Carlos Eduardo Silva,venda,LinkedIn Ads - Alto Padrão,SL-9793,2025-01-22T18:03:51,2025-01-22T23:25:03,,2025-03-12T23:25:03,Mudou de cidade,,novo
600ac1c5-3e45-46c5-9645-99f219211fd0,2025-01-22T07:16:37,Monica Correia,monica.corr33@outlook.com,Juliana Costa,Juliana Costa,venda,Google Ads - Apartamentos SP,TE-4552,2025-01-22T13:12:38,2025-01-22T18:58:42,2025-04-12T18:58:42,,,2512840.7,usado
671c9f97-5244-44cc-8604-dafac1e29536,2025-01-22T12:42:29,Gabriel Souza,gabriel.souza46@outlook.com,Marcos Oliveira,Marcos Oliveira,venda,Meta - Novos Empreendimentos,AP-3689,2025-01-23T23:08:43,2025-01-24T03:36:50,2025-04-15T03:36:50,,,1353053.17,usado
685ac52d-9781-4274-bfa5-f602e7a8154e,2025-01-22T18:28:31,Igor Pinto,igor.pinto84@gmail.com,Carlos Eduardo Silva,Juliana Costa,venda,Google Ads - Apartamentos SP,TE-3496,2025-01-24T02:38:32,2025-01-24T06:14:39,2025-02-28T06:14:39,,,2071205.79,novo
af2852e3-889c-46f4-ac5f-aa3d8f68c240,2025-01-22T21:51:10,Igor Pinto,igor.pinto7@hotmail.com,Ana Paula Ferreira,Ana Paula Ferreira,locação,Meta - Novos Empreendimentos,CS-1084,2025-01-23T17:26:37,2025-01-23T23:05:10,,,,,usado
dc30dabd-bc7f-4f5c-a2f5-64d3d3d47731,2025-01-22T23:15:16,Beatriz Lima,beatriz.lima98@yahoo.com.br,Carlos Eduardo Silva,Paulo Henrique Santos,venda,Jetimob - Portal,CS-2083,2025-01-24T16:53:23,2025-01-24T20:05:04,,2025-02-23T20:05:04,Desistiu da compra,,novo
41f0934b-c37a-43c1-b60e-8d6bc9509a2d,2025-01-23T07:58:56,Lucas Barbosa,lucas.barbosa64@hotmail.com,Fernanda Rodrigues,Fernanda Rodrigues,locação,LinkedIn Ads - Alto Padrão,CO-3756,2025-01-23T16:11:24,2025-01-23T20:39:06,,2025-03-23T20:39:06,Preço acima do orçamento,,usado
49fb167e-c761-4593-bce0-e91aff315217,2025-01-23T08:05:10,Nelson Xavier,nelson.xavier42@gmail.com,Juliana Costa,Juliana Costa,locação,Jetimob - Portal,CO-4615,2025-01-24T07:23:21,2025-01-24T12:47:12,2025-04-15T12:47:12,,,3185.46,novo
1d79b052-d301-457f-addb-4a45b9595168,2025-01-23T10:03:53,Julia Medeiros,julia.med46@gmail.com,Ana Paula Ferreira,Ana Paula Ferreira,venda,Site Orgânico,TE-8680,2025-01-23T18:58:37,2025-01-23T21:36:29,,2025-02-03T21:36:29,Desistiu da compra,,usado
f88de4f8-3d31-44ef-a834-f0a3d945c890,2025-01-23T18:03:00,Fernanda Lopes,fernanda.lop97@hotmail.com,Carlos Eduardo Silva,Carlos Eduardo Silva,locação,Jetimob - Portal,TE-6224,2025-01-25T02:21:51,2025-01-25T04:37:40,,2025-02-04T04:37:40,Desistiu da compra,,usado
8a06bdd5-ee82-4218-bfe5-f1fef13fefbd,2025-01-23T21:54:32,Nelson Xavier,nelson.xavier47@outlook.com,Paulo Henrique Santos,Carlos Eduardo Silva,venda,LinkedIn Ads - Alto Padrão,SL-7095,2025-01-25T01:29:59,2025-01-25T04:54:42,,2025-03-08T04:54:42,Sem perfil para financiamento,,usado
ffc3deaf-cb32-4a99-bbf6-2e1125540ddd,2025-01-24T00:43:45,Lucas Barbosa,lucas.barbosa74@outlook.com,Marcos Oliveira,Marcos Oliveira,venda,OLX Imóveis,SL-1132,2025-01-25T14:06:37,2025-01-25T19:57:54,,,,,usado
f5f9cb3f-fb15-4641-a9b5-4f4b9e118c47,2025-01-25T05:38:14,Larissa Pereira,larissa.pereira95@gmail.com,Roberto Mendes,Roberto Mendes,venda,Site Orgânico,AP-5288,2025-01-26T03:06:49,2025-01-26T09:05:37,,2025-03-26T09:05:37,Negociação travou,,usado
c36d4241-4e30-41ef-8243-eb9cb0ec323b,2025-01-25T06:43:38,Lucas Barbosa,lucas.barbosa16@gmail.com,Juliana Costa,Juliana Costa,locação,Jetimob - Portal,AP-4263,2025-01-25T11:19:40,2025-01-25T15:29:27,2025-03-18T15:29:27,,,4372.72,usado
9d8107c9-85c5-4f9d-8090-2622426f7ffe,2025-01-25T11:11:58,Thiago Carvalho,thiago.carvalho39@yahoo.com.br,Paulo Henrique Santos,Paulo Henrique Santos,venda,Zap Imóveis,TE-5631,2025-01-26T10:22:28,2025-01-26T12:43:27,,2025-02-16T12:43:27,Sem perfil para financiamento,,novo
47f164ba-8c7f-46ba-8148-1994436e52cd,2025-01-25T18:27:48,Nelson Xavier,nelson.xavier74@gmail.com,Ana Paula Ferreira,Ana Paula Ferreira,venda,Google Ads - Apartamentos SP,AP-5006,2025-01-26T12:54:28,2025-01-26T14:14:00,,,,,novo
84433da4-6402-420c-b531-f41e2d63cd67,2025-01-26T07:37:41,Thiago Carvalho,thiago.carvalho31@outlook.com,Marcos Oliveira,Marcos Oliveira,locação,Instagram - Casarão SP,CO-6180,2025-01-26T08:10:27,2025-01-26T12:05:26,,2025-02-02T12:05:26,Não respondeu,,usado
c42e2a9c-168a-4f9e-b17b-d3428ae931cd,2025-01-26T08:30:59,Igor Pinto,igor.pinto25@outlook.com,Roberto Mendes,Roberto Mendes,venda,Google Ads - Apartamentos SP,TE-7620,2025-01-26T15:19:08,2025-01-26T15:57:32,,2025-02-14T15:57:32,Sem perfil para financiamento,,usado
ba7dc1de-a382-4710-968a-b2a552ccdc55,2025-01-26T20:50:31,Rafael Torres,rafael.torres51@outlook.com,Carlos Eduardo Silva,Carlos Eduardo Silva,locação,LinkedIn Ads - Alto Padrão,CO-8144,2025-01-27T22:48:50,2025-01-27T23:19:56,,,,,usado
da593aa5-3e32-486c-ad0b-940ce773cb1a,2025-01-26T21:42:08,Mariana Gomes,mariana.gomes49@gmail.com,Carlos Eduardo Silva,Juliana Costa,venda,LinkedIn Ads - Alto Padrão,SL-6000,2025-01-27T08:42:14,2025-01-27T09:20:03,2025-03-13T09:20:03,,,1419469.98,usado
1d42c9fb-58d1-4647-9626-4208f57b02b0,2025-01-27T07:16:51,Amanda Castro,amanda.castro30@outlook.com,Ana Paula Ferreira,Fernanda Rodrigues,venda,Site Orgânico,CS-4138,2025-01-27T20:37:30,2025-01-28T00:22:04,,,,,novo
0f9232c0-43aa-410c-a77c-b7282707d65b,2025-01-27T08:38:05,Patricia Dias,patricia.dias64@gmail.com,Juliana Costa,Juliana Costa,locação,Instagram - Casarão SP,CS-9603,2025-01-28T02:39:34,2025-01-28T03:21:55,2025-02-11T03:21:55,,,3126.65,novo
a8722548-399d-4445-8dfd-6e99110ad1c5,2025-01-27T14:13:04,Rafael Torres,rafael.torres22@yahoo.com.br,Fernanda Rodrigues,Fernanda Rodrigues,venda,Whatsapp - Indicação Direta,AP-3185,2025-01-28T20:35:59,2025-01-28T23:10:07,2025-04-03T23:10:07,,,1387316.34,novo
4d9e92bc-838a-4f87-b951-3014bdb6cfa5,2025-01-27T16:27:13,Isabela Nascimento,isabela.nasc22@outlook.com,Camila Alves,Camila Alves,locação,LinkedIn Ads - Alto Padrão,TE-9369,2025-01-28T05:23:07,2025-01-28T08:52:21,,,,,novo
93a9b51f-8acb-4c30-8f96-0d2e85c4f0c2,2025-01-27T16:50:01,Helena Freitas,helena.freitas49@outlook.com,Marcos Oliveira,Marcos Oliveira,venda,Meta - Novos Empreendimentos,AP-4522,2025-01-28T03:52:42,2025-01-28T06:14:33,,2025-02-24T06:14:33,Não respondeu,,usado
6ad09351-5750-4172-81d0-0d5b3050a0c6,2025-01-27T19:42:11,Nelson Xavier,nelson.xavier44@yahoo.com.br,Marcos Oliveira,Marcos Oliveira,locação,Whatsapp - Indicação Direta,TE-9022,2025-01-28T21:36:03,2025-01-28T23:59:57,,2025-03-04T23:59:57,Mudou de cidade,,usado
9a872d31-4d6f-41cc-8fe9-9d19b38d624c,2025-01-28T01:11:31,Diego Martins,diego.martins45@outlook.com,Paulo Henrique Santos,Paulo Henrique Santos,locação,Zap Imóveis,AP-2889,2025-01-28T09:50:43,2025-01-28T15:38:21,,2025-02-04T15:38:21,Mudou de cidade,,usado
bc912d6f-9f95-4864-a707-f535c9ce32d0,2025-01-28T03:35:02,Rodrigo Cunha,rodrigo.cunha74@hotmail.com,Roberto Mendes,Juliana Costa,locação,Instagram - Casarão SP,CS-8081,2025-01-28T10:40:11,2025-01-28T16:26:42,2025-02-01T16:26:42,,,1725.93,usado
d3e37855-afb7-4eba-af5a-6a5d05b69195,2025-01-28T16:15:35,Gabriel Souza,gabriel.souza7@yahoo.com.br,Roberto Mendes,Juliana Costa,locação,Jetimob - Portal,CS-5408,2025-01-28T17:19:12,2025-01-28T22:06:42,,,,,usado
f2ec62aa-08b9-4486-a1a4-9f0ebee93d8d,2025-01-28T21:38:29,Isabela Nascimento,isabela.nasc56@gmail.com,Ana Paula Ferreira,Ana Paula Ferreira,venda,Instagram - Casarão SP,AP-1753,2025-01-29T11:47:37,2025-01-29T14:21:19,2025-04-09T14:21:19,,,325321.95,novo
670afa99-ae34-4478-90a7-fbc7815f22b3,2025-01-29T02:11:43,Gustavo Nunes,gustavo.nunes66@outlook.com,Ana Paula Ferreira,Ana Paula Ferreira,locação,OLX Imóveis,AP-5543,2025-01-30T11:53:36,2025-01-30T13:07:24,2025-03-15T13:07:24,,,2097.89,usado
10a1be9e-998b-4585-a7a5-9a252294f636,2025-01-29T06:41:00,Beatriz Lima,beatriz.lima37@hotmail.com,Marcos Oliveira,Camila Alves,venda,Jetimob - Portal,SL-4241,2025-01-29T17:33:06,2025-01-29T18:52:16,,2025-02-08T18:52:16,Não respondeu,,usado
3a801764-7716-4609-91b7-7a3768615ad6,2025-01-29T06:42:46,Patricia Dias,patricia.dias79@gmail.com,Fernanda Rodrigues,Fernanda Rodrigues,venda,Meta - Novos Empreendimentos,TE-6908,2025-01-30T08:52:27,2025-01-30T13:41:58,,2025-02-01T13:41:58,Mudou de cidade,,novo
4560c498-8c36-4a15-ab21-c459535deedf,2025-01-29T12:04:40,Thiago Carvalho,thiago.carvalho72@yahoo.com.br,Carlos Eduardo Silva,Carlos Eduardo Silva,venda,Jetimob - Portal,TE-4994,2025-01-31T06:36:03,2025-01-31T09:11:54,,,,,usado
185a7b34-026e-4f86-98e3-ed2cf54ebcbc,2025-01-29T15:20:58,Igor Pinto,igor.pinto39@hotmail.com,Fernanda Rodrigues,Carlos Eduardo Silva,venda,Site Orgânico,CS-3019,2025-01-30T20:01:45,2025-01-30T23:29:00,,,,,novo
fff85708-34ac-487f-9f90-706d7ab89334,2025-01-30T02:47:27,Lucas Barbosa,lucas.barbosa97@hotmail.com,Camila Alves,Camila Alves,venda,Indicação - Cliente,CO-1944,2025-01-31T05:35:05,2025-01-31T06:49:20,2025-03-01T06:49:20,,,959027.39,usado
f621ee20-e1fb-4666-80a0-fecbf97ce30c,2025-01-30T02:59:29,Julia Medeiros,julia.med84@gmail.com,Carlos Eduardo Silva,Carlos Eduardo Silva,venda,Site Orgânico,CO-1919,2025-01-30T07:03:07,2025-01-30T12:12:04,,2025-02-21T12:12:04,Não respondeu,,usado
80c75af2-018a-4f2c-befb-cf06e779eaf4,2025-01-30T07:35:05,Gustavo Nunes,gustavo.nunes34@gmail.com,Fernanda Rodrigues,Fernanda Rodrigues,venda,Meta - Novos Empreendimentos,CO-6026,2025-02-01T03:54:05,2025-02-01T09:17:03,,,,,novo
81a731f9-c179-4c94-b915-221ae9cf0bc3,2025-01-30T13:58:54,Thiago Carvalho,thiago.carvalho28@outlook.com,Paulo Henrique Santos,Roberto Mendes,venda,Jetimob - Portal,TE-5140,2025-01-31T22:13:17,2025-02-01T01:50:29,2025-04-15T01:50:29,,,1286829.12,novo
867852c4-74c1-4e76-acd5-d3d817428817,2025-01-31T06:01:34,Camila Teixeira,camila.teix60@outlook.com,Carlos Eduardo Silva,Carlos Eduardo Silva,locação,Indicação - Cliente,AP-5366,2025-02-01T08:08:42,2025-02-01T09:38:37,,,,,usado
3306c716-b6e2-494b-813d-f341ced6bd11,2025-01-31T07:13:39,Rafael Torres,rafael.torres50@gmail.com,Marcos Oliveira,Marcos Oliveira,locação,Instagram - Casarão SP,SL-8469,2025-02-01T08:25:57,2025-02-01T11:19:04,,2025-02-10T11:19:04,Imóvel não atendeu expectativa,,usado
ce248258-b630-4f37-9db1-f35be5127c62,2025-01-31T07:16:03,Bruno Almeida,bruno.almeida81@hotmail.com,Carlos Eduardo Silva,Ana Paula Ferreira,venda,Instagram - Casarão SP,CS-6905,2025-01-31T17:47:58,2025-01-31T18:55:14,,2025-02-21T18:55:14,Preço acima do orçamento,,usado
0c7b648e-971f-4b7b-958c-fa5f2f3abdb1,2025-01-31T08:17:25,Patricia Dias,patricia.dias86@outlook.com,Marcos Oliveira,Marcos Oliveira,venda,LinkedIn Ads - Alto Padrão,AP-2494,2025-02-01T05:04:37,2025-02-01T09:40:20,,2025-02-10T09:40:20,Preço acima do orçamento,,usado
73dbf7ca-1d01-4d16-9a84-d5df41028538,2025-01-31T17:16:31,Gabriel Souza,gabriel.souza87@yahoo.com.br,Ana Paula Ferreira,Ana Paula Ferreira,venda,Whatsapp - Indicação Direta,AP-1745,2025-02-01T10:30:32,2025-02-01T13:46:28,,2025-03-17T13:46:28,Sem perfil para financiamento,,usado
0f714ebe-7e68-4cf3-ac5e-1d3abb049f3c,2025-01-31T20:29:41,Camila Teixeira,camila.teix43@yahoo.com.br,Marcos Oliveira,Marcos Oliveira,venda,Whatsapp - Indicação Direta,SL-6182,2025-01-31T20:49:34,2025-01-31T22:40:48,2025-04-26T22:40:48,,,476344.12,usado
ed47cf55-de39-4158-93b8-fa8c67ec9666,2025-01-31T23:38:40,Amanda Castro,amanda.castro74@yahoo.com.br,Juliana Costa,Juliana Costa,venda,OLX Imóveis,SL-2865,2025-02-02T04:06:43,2025-02-02T07:36:47,,2025-03-10T07:36:47,Preço acima do orçamento,,usado
59a8b557-31ab-4894-a1fc-7ad20e0c82dd,2025-02-01T00:31:56,Mariana Gomes,mariana.gomes91@gmail.com,Fernanda Rodrigues,Fernanda Rodrigues,venda,Jetimob - Portal,AP-6742,2025-02-02T11:08:24,2025-02-02T11:54:17,,2025-03-01T11:54:17,Comprou com outra imobiliária,,novo
38a6c2c9-1533-40f8-8af2-cbda5eef0f13,2025-02-01T00:58:38,Fernanda Lopes,fernanda.lop18@gmail.com,Roberto Mendes,Roberto Mendes,locação,Jetimob - Portal,AP-7797,2025-02-01T23:23:41,2025-02-02T00:14:14,,,,,usado
a8bab5ed-8cd5-4283-9351-e68aa8b2e6eb,2025-02-01T07:43:11,Rafael Torres,rafael.torres94@hotmail.com,Paulo Henrique Santos,Camila Alves,venda,Indicação - Cliente,TE-6846,2025-02-02T22:49:55,2025-02-03T01:24:47,,2025-02-22T01:24:47,Comprou com outra imobiliária,,novo
4f2ad4e6-c597-469d-98ad-9bfdafdaa4ea,2025-02-01T14:19:16,Natalia Rocha,natalia.rocha24@outlook.com,Marcos Oliveira,Marcos Oliveira,venda,Whatsapp - Indicação Direta,SL-6995,2025-02-02T00:30:20,2025-02-02T04:51:34,,2025-03-29T04:51:34,Mudou de cidade,,novo
ed8ef3de-5d8b-4127-954e-8631cfdd21ee,2025-02-01T20:12:56,Helena Freitas,helena.freitas21@outlook.com,Paulo Henrique Santos,Marcos Oliveira,venda,Site Orgânico,TE-9721,2025-02-02T10:40:31,2025-02-02T15:39:43,,2025-03-18T15:39:43,Não respondeu,,usado
cc6c8d34-d3fd-456d-877d-5c21c7eebf57,2025-02-02T01:34:06,Igor Pinto,igor.pinto58@gmail.com,Fernanda Rodrigues,Fernanda Rodrigues,locação,Jetimob - Portal,AP-5398,2025-02-03T06:32:53,2025-02-03T11:51:11,2025-04-22T11:51:11,,,4597.44,novo
cc53fba8-c057-4606-b918-895bdef7b5ff,2025-02-02T06:07:19,Helena Freitas,helena.freitas43@yahoo.com.br,Camila Alves,Camila Alves,locação,Whatsapp - Indicação Direta,CS-5922,2025-02-02T15:50:33,2025-02-02T18:04:14,,,,,novo
a294f224-8912-4b98-97c4-731ba445a82e,2025-02-02T10:57:46,Helena Freitas,helena.freitas6@yahoo.com.br,Ana Paula Ferreira,Roberto Mendes,venda,Google Ads - Apartamentos SP,CO-9436,2025-02-03T21:37:04,2025-02-04T01:22:40,,2025-02-17T01:22:40,Imóvel não atendeu expectativa,,novo
37a33ec7-d0d4-4d53-a0c9-b719fa44484b,2025-02-02T23:50:55,Natalia Rocha,natalia.rocha24@gmail.com,Roberto Mendes,Roberto Mendes,venda,Indicação - Cliente,AP-2503,2025-02-03T17:58:05,2025-02-03T20:57:48,2025-03-17T20:57:48,,,538746.46,usado
ddcffe65-d730-4e3a-bec9-ca84ec6e1036,2025-02-03T03:25:48,Lucas Barbosa,lucas.barbosa23@gmail.com,Juliana Costa,Juliana Costa,venda,LinkedIn Ads - Alto Padrão,CO-1582,2025-02-03T10:58:22,2025-02-03T14:00:23,,,,,usado
322bba5a-2f14-4d28-9673-609554ebf4f1,2025-02-03T13:30:33,Monica Correia,monica.corr56@outlook.com,Ana Paula Ferreira,Ana Paula Ferreira,venda,Instagram - Casarão SP,AP-8144,2025-02-05T04:14:27,2025-02-05T08:31:07,,,,,novo
de2dc564-b09a-46ab-aa06-ed6c6a9053b0,2025-02-04T04:11:03,Rodrigo Cunha,rodrigo.cunha87@hotmail.com,Marcos Oliveira,Ana Paula Ferreira,locação,Zap Imóveis,AP-4908,2025-02-04T22:09:55,2025-02-04T23:26:34,,2025-03-15T23:26:34,Comprou com outra imobiliária,,novo
5037c07f-83a6-4fd0-b848-d970e52a00c8,2025-02-04T04:58:28,Bruno Almeida,bruno.almeida48@outlook.com,Paulo Henrique Santos,Paulo Henrique Santos,locação,Zap Imóveis,TE-4943,2025-02-04T23:02:23,2025-02-05T02:33:58,,2025-03-01T02:33:58,Negociação travou,,usado
6b42b852-0a84-44ef-8981-65e408173017,2025-02-04T05:31:21,Helena Freitas,helena.freitas36@yahoo.com.br,Carlos Eduardo Silva,Carlos Eduardo Silva,venda,Zap Imóveis,TE-3621,2025-02-05T22:16:25,2025-02-06T02:30:11,,2025-02-15T02:30:11,Não respondeu,,usado
c0abbb82-b36d-4085-8508-617b4673457f,2025-02-04T07:56:14,Diego Martins,diego.martins36@hotmail.com,Carlos Eduardo Silva,Carlos Eduardo Silva,venda,Site Orgânico,CS-7382,2025-02-06T01:27:04,2025-02-06T06:05:05,,2025-02-27T06:05:05,Preço acima do orçamento,,novo
cc7d148a-06ea-42b9-a108-fbc77e05e4b4,2025-02-04T20:28:57,Natalia Rocha,natalia.rocha6@outlook.com,Camila Alves,Camila Alves,locação,OLX Imóveis,AP-5803,2025-02-06T14:59:44,2025-02-06T17:29:04,2025-02-17T17:29:04,,,1040.25,usado
aedf5980-63a1-4391-a1ac-195386f0dad6,2025-02-05T03:30:46,Isabela Nascimento,isabela.nasc66@hotmail.com,Camila Alves,Camila Alves,venda,Meta - Novos Empreendimentos,CS-3621,2025-02-06T08:10:50,2025-02-06T10:47:49,,2025-03-08T10:47:49,Sem perfil para financiamento,,usado
074a3d0a-b2f9-4f92-9875-ca2d5cb4b826,2025-02-05T06:14:07,Monica Correia,monica.corr53@yahoo.com.br,Roberto Mendes,Roberto Mendes,venda,Jetimob - Portal,SL-2311,2025-02-05T11:16:09,2025-02-05T12:07:13,,,,,novo
4ffd2bf3-7d12-46fc-9b65-2e83836be802,2025-02-05T12:25:09,Lucas Barbosa,lucas.barbosa99@hotmail.com,Marcos Oliveira,Marcos Oliveira,venda,Meta - Novos Empreendimentos,CO-6961,2025-02-07T05:08:14,2025-02-07T10:04:24,,2025-02-18T10:04:24,Comprou com outra imobiliária,,usado
d827589f-4321-4a10-b841-aa4e6b4e052b,2025-02-05T12:41:45,Beatriz Lima,beatriz.lima7@yahoo.com.br,Juliana Costa,Juliana Costa,venda,OLX Imóveis,TE-8378,2025-02-07T04:19:41,2025-02-07T08:15:21,,2025-02-16T08:15:21,Não respondeu,,usado
b10b387b-4ebc-4597-bc95-da9141f35b24,2025-02-06T02:04:58,Felipe Ribeiro,felipe.ribeiro60@outlook.com,Ana Paula Ferreira,Ana Paula Ferreira,locação,Whatsapp - Indicação Direta,TE-2166,2025-02-07T02:09:20,2025-02-07T07:25:36,,2025-02-27T07:25:36,Mudou de cidade,,usado
790c31eb-1e47-452b-b80d-a2884f89b575,2025-02-06T18:23:06,Fernanda Lopes,fernanda.lop6@yahoo.com.br,Roberto Mendes,Roberto Mendes,venda,Indicação - Cliente,CS-1840,2025-02-08T05:27:35,2025-02-08T11:14:42,,2025-02-20T11:14:42,Não respondeu,,usado
0f2c0d3b-ab26-47ad-9eb9-75db7ebb4348,2025-02-07T05:11:31,Gabriel Souza,gabriel.souza69@gmail.com,Juliana Costa,Carlos Eduardo Silva,locação,Site Orgânico,CS-1293,2025-02-08T16:25:53,2025-02-08T18:10:33,,,,,usado
2ca8d05e-76b2-497f-9514-467ca8b38455,2025-02-07T17:28:52,Bruno Almeida,bruno.almeida34@gmail.com,Marcos Oliveira,Marcos Oliveira,venda,Jetimob - Portal,TE-7432,2025-02-07T22:46:29,2025-02-08T02:14:54,,2025-03-20T02:14:54,Não respondeu,,novo
16c97d4b-3980-42c3-a8eb-7a20a00ebf82,2025-02-07T19:32:48,Nelson Xavier,nelson.xavier98@gmail.com,Paulo Henrique Santos,Paulo Henrique Santos,locação,Instagram - Casarão SP,CO-7865,2025-02-09T09:57:37,2025-02-09T15:23:53,,2025-02-27T15:23:53,Mudou de cidade,,usado
65cc4108-9dc2-49b4-aa72-4294984ac93b,2025-02-08T05:51:43,Natalia Rocha,natalia.rocha72@outlook.com,Fernanda Rodrigues,Juliana Costa,venda,OLX Imóveis,TE-1659,2025-02-09T16:08:34,2025-02-09T21:03:53,,2025-02-19T21:03:53,Comprou com outra imobiliária,,novo
cec27969-c983-4824-ba56-86973ba3ab0d,2025-02-08T10:15:50,Bruno Almeida,bruno.almeida7@hotmail.com,Camila Alves,Fernanda Rodrigues,venda,Instagram - Casarão SP,SL-5593,2025-02-09T19:42:39,2025-02-09T20:45:04,,,,,usado
e2fc0d70-a029-46e4-a443-ad740727d060,2025-02-08T11:18:59,Eduardo Moreira,eduardo.mor87@gmail.com,Marcos Oliveira,Marcos Oliveira,locação,Google Ads - Apartamentos SP,CO-8408,2025-02-08T23:23:03,2025-02-09T02:25:32,,,,,usado
548be1cd-2443-4022-800f-9f741492e36b,2025-02-08T13:14:34,Monica Correia,monica.corr56@gmail.com,Carlos Eduardo Silva,Carlos Eduardo Silva,venda,Zap Imóveis,TE-8033,2025-02-09T20:00:20,2025-02-09T22:05:52,,2025-03-02T22:05:52,Comprou com outra imobiliária,,usado
d7437027-f9f4-4d7d-ab11-a703a4cb30a3,2025-02-08T17:34:32,Julia Medeiros,julia.med10@outlook.com,Roberto Mendes,Roberto Mendes,venda,Whatsapp - Indicação Direta,SL-3994,2025-02-10T14:14:05,2025-02-10T15:46:50,,2025-02-26T15:46:50,Desistiu da compra,,usado
ce2bc25e-959b-497a-8ec5-e4dabcf6fcc8,2025-02-08T22:13:21,Diego Martins,diego.martins37@yahoo.com.br,Marcos Oliveira,Marcos Oliveira,venda,Google Ads - Apartamentos SP,SL-4287,2025-02-09T12:52:47,2025-02-09T16:48:16,,2025-03-19T16:48:16,Negociação travou,,novo
9262047f-1dd6-4705-94d3-be63589d3fba,2025-02-09T01:39:39,Leandro Santana,leandro.sant71@outlook.com,Roberto Mendes,Roberto Mendes,locação,OLX Imóveis,CS-5930,2025-02-09T16:18:59,2025-02-09T17:58:20,,,,,usado
11467bf6-b84c-477a-843d-d7723a25de36,2025-02-09T08:54:06,Larissa Pereira,larissa.pereira84@hotmail.com,Camila Alves,Roberto Mendes,locação,Jetimob - Portal,AP-1604,2025-02-10T16:19:12,2025-02-10T19:24:42,,,,,usado
5b2c1c5c-65a1-46e5-bb0c-4111ff8cb882,2025-02-09T16:40:41,Natalia Rocha,natalia.rocha20@gmail.com,Paulo Henrique Santos,Paulo Henrique Santos,venda,Site Orgânico,CO-6990,2025-02-11T04:56:28,2025-02-11T07:42:50,,,,,usado
3b82987b-81d8-4698-a308-3a19af8325eb,2025-02-10T00:09:00,Gustavo Nunes,gustavo.nunes22@hotmail.com,Roberto Mendes,Roberto Mendes,locação,Whatsapp - Indicação Direta,CS-9153,2025-02-10T11:22:18,2025-02-10T15:22:49,,2025-03-25T15:22:49,Preço acima do orçamento,,usado
068ebf0c-5898-48f2-98ac-3b640257fb6f,2025-02-10T02:29:31,Leandro Santana,leandro.sant59@outlook.com,Ana Paula Ferreira,Ana Paula Ferreira,venda,OLX Imóveis,AP-2020,2025-02-10T13:55:59,2025-02-10T15:52:07,,2025-04-03T15:52:07,Mudou de cidade,,usado
c23805c5-2cf7-4597-83b7-73ff01b62dba,2025-02-10T03:39:54,Amanda Castro,amanda.castro8@outlook.com,Roberto Mendes,Roberto Mendes,venda,LinkedIn Ads - Alto Padrão,AP-6642,2025-02-10T22:01:20,2025-02-11T01:24:24,,2025-03-10T01:24:24,Comprou com outra imobiliária,,usado
d54715ef-4709-4fb4-93d9-b6a0a9a21f18,2025-02-10T04:47:00,Patricia Dias,patricia.dias57@outlook.com,Marcos Oliveira,Marcos Oliveira,venda,Indicação - Cliente,CS-1429,2025-02-11T10:26:06,2025-02-11T14:15:57,,2025-03-22T14:15:57,Desistiu da compra,,usado
0c03f05b-c6e0-4ff8-b6eb-2f4a7a64abf5,2025-02-10T04:47:08,Beatriz Lima,beatriz.lima45@outlook.com,Juliana Costa,Juliana Costa,venda,Instagram - Casarão SP,SL-2111,2025-02-11T07:13:48,2025-02-11T11:56:56,2025-03-28T11:56:56,,,930067.3,novo
c74a3a10-9281-4568-877e-4de94f47a840,2025-02-10T10:36:33,Gustavo Nunes,gustavo.nunes93@outlook.com,Carlos Eduardo Silva,Carlos Eduardo Silva,venda,Whatsapp - Indicação Direta,TE-4728,2025-02-11T09:43:21,2025-02-11T13:06:21,,2025-04-02T13:06:21,Mudou de cidade,,usado
ddf35d20-59d4-4a18-a5ee-b8077dbb14e3,2025-02-10T12:27:25,Isabela Nascimento,isabela.nasc55@hotmail.com,Marcos Oliveira,Fernanda Rodrigues,venda,Indicação - Cliente,CS-3270,2025-02-12T02:52:55,2025-02-12T08:07:34,,2025-03-30T08:07:34,Comprou com outra imobiliária,,usado
fcda3a1e-1c26-4696-8319-473505cc979c,2025-02-10T13:44:33,Mariana Gomes,mariana.gomes51@gmail.com,Camila Alves,Camila Alves,locação,Instagram - Casarão SP,AP-1151,2025-02-10T18:58:55,2025-02-11T00:53:19,,2025-03-25T00:53:19,Negociação travou,,novo
062a14e5-d51e-44d8-af7d-6a56e5d4f852,2025-02-10T22:12:51,Camila Teixeira,camila.teix81@hotmail.com,Fernanda Rodrigues,Marcos Oliveira,venda,Whatsapp - Indicação Direta,AP-7527,2025-02-11T01:11:23,2025-02-11T06:09:57,,2025-03-24T06:09:57,Não respondeu,,novo
e76e69bc-dcb1-46a9-a0d1-aba6473738e5,2025-02-10T22:54:13,Igor Pinto,igor.pinto10@yahoo.com.br,Ana Paula Ferreira,Ana Paula Ferreira,venda,Zap Imóveis,SL-5382,2025-02-11T11:59:47,2025-02-11T14:56:36,,,,,usado
dd5b995c-c017-4746-b3d9-093e21021bab,2025-02-11T12:16:37,Lucas Barbosa,lucas.barbosa78@gmail.com,Paulo Henrique Santos,Paulo Henrique Santos,venda,Whatsapp - Indicação Direta,TE-9784,2025-02-13T02:04:13,2025-02-13T05:26:02,,2025-04-07T05:26:02,Preço acima do orçamento,,usado
ac90f2ea-1f01-4fc8-b9ed-8b9a8e254bd8,2025-02-11T15:14:45,Amanda Castro,amanda.castro79@gmail.com,Ana Paula Ferreira,Juliana Costa,venda,Instagram - Casarão SP,AP-3573,2025-02-11T18:56:29,2025-02-11T19:27:22,,2025-03-22T19:27:22,Negociação travou,,novo
47e4eead-89ab-4671-a266-ae26c40d8764,2025-02-11T18:07:20,Nelson Xavier,nelson.xavier84@hotmail.com,Roberto Mendes,Roberto Mendes,venda,Meta - Novos Empreendimentos,CS-6203,2025-02-13T05:02:57,2025-02-13T09:45:33,,,,,usado
da521a23-2264-4811-84f6-639eff89f2dd,2025-02-11T22:16:43,Mariana Gomes,mariana.gomes11@yahoo.com.br,Marcos Oliveira,Ana Paula Ferreira,venda,Indicação - Cliente,CO-3527,2025-02-12T15:39:22,2025-02-12T16:39:34,,,,,usado
cae9fced-f377-4013-a333-622e4a174e86,2025-02-12T04:00:09,Patricia Dias,patricia.dias99@gmail.com,Juliana Costa,Carlos Eduardo Silva,venda,OLX Imóveis,AP-5993,2025-02-13T05:57:54,2025-02-13T07:17:16,,2025-02-28T07:17:16,Comprou com outra imobiliária,,usado
9e8fc8e4-6cf4-4bdb-be78-99d3c1f47046,2025-02-12T08:14:33,Felipe Ribeiro,felipe.ribeiro18@outlook.com,Fernanda Rodrigues,Camila Alves,venda,Instagram - Casarão SP,CO-2783,2025-02-14T00:39:51,2025-02-14T05:53:14,2025-04-26T05:53:14,,,510023.22,novo
89aaf1e3-c274-43d7-a394-6d703ce85631,2025-02-12T10:10:13,Lucas Barbosa,lucas.barbosa50@yahoo.com.br,Fernanda Rodrigues,Camila Alves,locação,Zap Imóveis,TE-5369,2025-02-13T06:36:13,2025-02-13T09:28:19,,,,,usado
a03d211c-daae-4f0e-b8e3-1b9f70ccf0ed,2025-02-12T15:06:25,Larissa Pereira,larissa.pereira27@hotmail.com,Fernanda Rodrigues,Paulo Henrique Santos,venda,Indicação - Cliente,CS-4390,2025-02-13T08:00:39,2025-02-13T10:03:25,,2025-03-06T10:03:25,Sem perfil para financiamento,,usado
51e5ccf6-ee99-4f93-9953-6cda04e074e0,2025-02-12T22:25:27,Helena Freitas,helena.freitas57@hotmail.com,Carlos Eduardo Silva,Juliana Costa,venda,Zap Imóveis,CS-2405,2025-02-13T10:09:58,2025-02-13T14:04:54,2025-03-24T14:04:54,,,746399.37,novo
894cc029-036b-4d84-a029-a927e792fe5b,2025-02-13T01:16:11,Rafael Torres,rafael.torres43@gmail.com,Ana Paula Ferreira,Ana Paula Ferreira,venda,Indicação - Cliente,TE-8096,2025-02-14T01:08:03,2025-02-14T03:44:21,,2025-03-09T03:44:21,Desistiu da compra,,usado
409f4784-0400-4748-ba86-6cd7752c25ab,2025-02-13T04:18:34,Natalia Rocha,natalia.rocha14@outlook.com,Roberto Mendes,Roberto Mendes,venda,Site Orgânico,TE-9395,2025-02-13T08:42:07,2025-02-13T12:15:01,,2025-04-05T12:15:01,Imóvel não atendeu expectativa,,usado
6dc11c1f-d040-4e92-bf30-cb723c5126ec,2025-02-13T07:46:08,Mariana Gomes,mariana.gomes73@hotmail.com,Roberto Mendes,Camila Alves,locação,Google Ads - Apartamentos SP,CS-8989,2025-02-14T01:33:53,2025-02-14T02:18:01,2025-04-04T02:18:01,,,2834.72,novo
de377fc0-ad56-457e-9577-e9317f389218,2025-02-13T09:44:39,Bruno Almeida,bruno.almeida64@gmail.com,Carlos Eduardo Silva,Carlos Eduardo Silva,venda,Site Orgânico,TE-1002,2025-02-14T14:47:07,2025-02-14T18:41:25,,2025-03-19T18:41:25,Desistiu da compra,,usado
55f895ea-18f6-413f-bf96-cfc20fa32a09,2025-02-13T10:45:00,Lucas Barbosa,lucas.barbosa93@gmail.com,Carlos Eduardo Silva,Carlos Eduardo Silva,venda,Instagram - Casarão SP,AP-5920,2025-02-15T03:50:20,2025-02-15T04:27:30,,,,,usado
1f374c5b-c051-41da-8bd5-945240c2a3ce,2025-02-13T14:20:18,Mariana Gomes,mariana.gomes28@hotmail.com,Juliana Costa,Juliana Costa,venda,OLX Imóveis,CS-3422,2025-02-14T05:45:15,2025-02-14T10:15:12,,,,,usado
2d3f9ebf-0f5c-4db8-b5ac-cf844fc2fedb,2025-02-13T14:24:04,Helena Freitas,helena.freitas75@yahoo.com.br,Paulo Henrique Santos,Paulo Henrique Santos,locação,OLX Imóveis,TE-1602,2025-02-15T00:06:33,2025-02-15T05:04:37,,2025-04-15T05:04:37,Não respondeu,,usado
aa8b8b4a-dd75-47ae-a40f-e5da0e9ba23c,2025-02-13T16:14:15,Monica Correia,monica.corr34@outlook.com,Fernanda Rodrigues,Fernanda Rodrigues,venda,Instagram - Casarão SP,SL-1324,2025-02-15T09:53:04,2025-02-15T15:40:53,2025-05-02T15:40:53,,,721225.67,usado
973fa161-c42c-45f1-ae53-ad6a82b218c2,2025-02-13T17:45:06,Rodrigo Cunha,rodrigo.cunha64@hotmail.com,Carlos Eduardo Silva,Carlos Eduardo Silva,venda,OLX Imóveis,TE-8912,2025-02-15T13:58:31,2025-02-15T15:26:59,,2025-04-03T15:26:59,Comprou com outra imobiliária,,usado
bea743dd-beaa-43d4-937b-d061f90205fa,2025-02-14T03:31:03,Camila Teixeira,camila.teix75@outlook.com,Carlos Eduardo Silva,Ana Paula Ferreira,locação,LinkedIn Ads - Alto Padrão,SL-2037,2025-02-14T14:03:05,2025-02-14T16:54:52,2025-03-23T16:54:52,,,2492.74,usado
bc4eab36-65ed-41d5-8e76-ab1cdfa99b20,2025-02-14T05:01:47,Bruno Almeida,bruno.almeida90@hotmail.com,Juliana Costa,Juliana Costa,venda,OLX Imóveis,AP-6213,2025-02-16T00:52:58,2025-02-16T03:28:47,,,,,usado
67d61bf2-5608-419f-bf6e-7909d15aac9b,2025-02-14T12:33:58,Patricia Dias,patricia.dias98@hotmail.com,Fernanda Rodrigues,Fernanda Rodrigues,venda,Indicação - Cliente,TE-3784,2025-02-16T05:37:14,2025-02-16T06:35:47,,,,,usado
1a95370a-c293-4275-9586-acea9fbef711,2025-02-14T14:04:20,Leandro Santana,leandro.sant5@outlook.com,Ana Paula Ferreira,Ana Paula Ferreira,venda,Instagram - Casarão SP,TE-2154,2025-02-16T09:48:30,2025-02-16T12:33:01,,2025-03-14T12:33:01,Mudou de cidade,,usado
366a3e10-cf40-4c7d-8c6e-57f60891d5e7,2025-02-14T18:49:32,Igor Pinto,igor.pinto38@gmail.com,Ana Paula Ferreira,Ana Paula Ferreira,venda,Whatsapp - Indicação Direta,CO-6420,2025-02-14T23:43:03,2025-02-15T03:37:30,,,,,novo
d613f8d4-348b-4267-b457-8a2b7078e9dc,2025-02-15T03:14:03,Patricia Dias,patricia.dias42@outlook.com,Juliana Costa,Ana Paula Ferreira,venda,LinkedIn Ads - Alto Padrão,CS-8613,2025-02-15T21:29:15,2025-02-15T22:08:44,,,,,usado
3403b8d2-3e24-4780-890d-0409d870404b,2025-02-15T03:22:48,Eduardo Moreira,eduardo.mor67@gmail.com,Ana Paula Ferreira,Ana Paula Ferreira,venda,Meta - Novos Empreendimentos,TE-6119,2025-02-16T05:06:29,2025-02-16T05:40:02,,2025-04-15T05:40:02,Negociação travou,,usado
d76a30f3-92eb-48c9-8f11-4875faf368a0,2025-02-15T14:25:12,Rodrigo Cunha,rodrigo.cunha6@gmail.com,Fernanda Rodrigues,Fernanda Rodrigues,locação,Instagram - Casarão SP,SL-9918,2025-02-16T21:49:51,2025-02-17T00:20:24,,2025-04-12T00:20:24,Não respondeu,,usado
ad88614c-2123-4fd1-bd6d-69100027afe4,2025-02-16T05:42:03,Amanda Castro,amanda.castro96@yahoo.com.br,Juliana Costa,Juliana Costa,locação,LinkedIn Ads - Alto Padrão,SL-3378,2025-02-16T06:22:08,2025-02-16T11:58:07,,2025-04-01T11:58:07,Imóvel não atendeu expectativa,,usado
4461f660-269b-4d80-9be2-8d1a878d77ea,2025-02-16T08:32:08,Igor Pinto,igor.pinto97@hotmail.com,Marcos Oliveira,Marcos Oliveira,venda,Meta - Novos Empreendimentos,TE-4804,2025-02-18T01:21:59,2025-02-18T02:04:17,,,,,usado
abb39168-8432-4213-ae24-fccd1546e125,2025-02-16T14:01:22,Natalia Rocha,natalia.rocha37@outlook.com,Ana Paula Ferreira,Ana Paula Ferreira,venda,OLX Imóveis,SL-3399,2025-02-18T11:52:56,2025-02-18T12:49:01,,,,,novo
5c0cc3ef-0768-4964-85e5-6ce3136cf512,2025-02-16T18:47:12,Amanda Castro,amanda.castro15@outlook.com,Camila Alves,Roberto Mendes,locação,Jetimob - Portal,CO-6992,2025-02-16T19:33:12,2025-02-16T23:00:16,,2025-04-01T23:00:16,Sem perfil para financiamento,,novo
ab9590bb-c4d7-440a-b161-20d3d6293e89,2025-02-16T19:04:18,Larissa Pereira,larissa.pereira9@outlook.com,Paulo Henrique Santos,Paulo Henrique Santos,locação,Jetimob - Portal,SL-7757,2025-02-17T20:49:45,2025-02-18T01:11:02,,2025-03-09T01:11:02,Não respondeu,,usado
74226f5d-4ab4-49ef-8ea6-6a2823173bd4,2025-02-16T20:13:52,Mariana Gomes,mariana.gomes72@outlook.com,Camila Alves,Camila Alves,venda,Zap Imóveis,CO-3262,2025-02-18T08:09:05,2025-02-18T11:06:27,,2025-03-01T11:06:27,Não respondeu,,usado
462298d3-17d9-40e7-98ec-51926b988064,2025-02-17T01:27:37,Larissa Pereira,larissa.pereira81@gmail.com,Juliana Costa,Marcos Oliveira,venda,Site Orgânico,CO-2527,2025-02-17T23:39:49,2025-02-18T00:48:34,,,,,novo
0dd53cec-cd59-4db8-8ce8-c7d1130c048e,2025-02-17T02:50:09,Leandro Santana,leandro.sant72@yahoo.com.br,Marcos Oliveira,Marcos Oliveira,venda,Whatsapp - Indicação Direta,CS-9906,2025-02-17T16:07:25,2025-02-17T21:11:46,,,,,novo
7939b1db-39c6-4ecd-80ad-259d53059093,2025-02-17T03:37:40,Gabriel Souza,gabriel.souza44@yahoo.com.br,Paulo Henrique Santos,Camila Alves,locação,Whatsapp - Indicação Direta,TE-1441,2025-02-18T06:45:43,2025-02-18T07:24:40,,2025-02-27T07:24:40,Negociação travou,,usado
975a481d-1106-4e0e-8244-3f79134ac105,2025-02-17T11:56:59,Thiago Carvalho,thiago.carvalho60@yahoo.com.br,Marcos Oliveira,Marcos Oliveira,venda,Jetimob - Portal,CS-6362,2025-02-19T06:46:04,2025-02-19T10:31:21,2025-05-06T10:31:21,,,1197018.19,usado
1a635728-9741-418f-b9e1-63a2f632de3e,2025-02-18T07:48:57,Thiago Carvalho,thiago.carvalho34@hotmail.com,Juliana Costa,Juliana Costa,venda,Indicação - Cliente,AP-9980,2025-02-19T16:52:50,2025-02-19T20:01:28,2025-02-23T20:01:28,,,528762.14,usado
c57917ba-3564-4405-b475-d342d2cbb1ca,2025-02-18T09:17:56,Leandro Santana,leandro.sant66@outlook.com,Marcos Oliveira,Marcos Oliveira,venda,LinkedIn Ads - Alto Padrão,CS-8483,2025-02-18T18:31:44,2025-02-18T22:19:32,,2025-02-27T22:19:32,Não respondeu,,usado
71efd59f-3bb7-4e8e-b3b7-ca55cc71f148,2025-02-18T16:00:02,Felipe Ribeiro,felipe.ribeiro81@gmail.com,Marcos Oliveira,Carlos Eduardo Silva,locação,Instagram - Casarão SP,CS-3485,2025-02-19T23:34:03,2025-02-20T00:33:01,,2025-04-05T00:33:01,Desistiu da compra,,novo
9a85c9d2-8ba3-4a9a-8127-edaffc4f6c30,2025-02-18T17:19:57,Patricia Dias,patricia.dias98@hotmail.com,Roberto Mendes,Roberto Mendes,venda,OLX Imóveis,TE-4212,2025-02-19T18:32:38,2025-02-19T20:22:36,,2025-03-19T20:22:36,Imóvel não atendeu expectativa,,usado
f7ecd004-2a58-4ffb-aabc-0bee1a32c9d1,2025-02-19T01:01:47,Lucas Barbosa,lucas.barbosa88@gmail.com,Carlos Eduardo Silva,Carlos Eduardo Silva,venda,LinkedIn Ads - Alto Padrão,CS-8775,2025-02-19T17:37:09,2025-02-19T22:43:34,,2025-04-14T22:43:34,Não respondeu,,usado
021e7f25-9791-4150-9d1c-4c57bab71750,2025-02-19T03:03:11,Gabriel Souza,gabriel.souza65@yahoo.com.br,Roberto Mendes,Roberto Mendes,locação,Site Orgânico,SL-6363,2025-02-19T07:51:33,2025-02-19T13:45:42,,2025-02-28T13:45:42,Desistiu da compra,,novo
ea7c239b-eeb8-43f1-8ccd-d9b9ff8a9ee7,2025-02-19T13:30:44,Igor Pinto,igor.pinto68@gmail.com,Juliana Costa,Fernanda Rodrigues,venda,Indicação - Cliente,CS-2684,2025-02-19T21:55:22,2025-02-19T23:15:48,,,,,novo
43d535d3-cbe5-48cf-b682-f5d789819fc5,2025-02-20T03:54:42,Felipe Ribeiro,felipe.ribeiro29@yahoo.com.br,Paulo Henrique Santos,Paulo Henrique Santos,locação,LinkedIn Ads - Alto Padrão,CO-1108,2025-02-21T01:04:58,2025-02-21T02:50:51,,2025-03-11T02:50:51,Desistiu da compra,,usado
ffb5f042-3c55-472d-a7e4-dbf446b0878a,2025-02-20T09:35:23,Eduardo Moreira,eduardo.mor56@gmail.com,Juliana Costa,Juliana Costa,locação,OLX Imóveis,CS-1894,2025-02-21T09:54:23,2025-02-21T12:59:14,,2025-03-04T12:59:14,Não respondeu,,novo
471b16f2-d711-4d32-8d0c-8095a5a8a517,2025-02-20T11:00:08,Monica Correia,monica.corr64@yahoo.com.br,Roberto Mendes,Juliana Costa,locação,Jetimob - Portal,AP-2936,2025-02-22T01:15:56,2025-02-22T05:49:18,2025-05-14T05:49:18,,,2973.86,novo
b74c2508-1168-4868-8f6e-49ec86e604f5,2025-02-20T20:52:44,Beatriz Lima,beatriz.lima86@gmail.com,Carlos Eduardo Silva,Paulo Henrique Santos,venda,Jetimob - Portal,AP-3474,2025-02-21T18:49:18,2025-02-21T19:39:15,,2025-04-22T19:39:15,Negociação travou,,novo
7ffc3882-b870-4538-92ea-fceb4fa630fc,2025-02-21T08:17:32,Rafael Torres,rafael.torres1@hotmail.com,Carlos Eduardo Silva,Camila Alves,locação,Site Orgânico,CO-9715,2025-02-21T20:14:52,2025-02-21T22:39:06,,2025-04-22T22:39:06,Não respondeu,,novo
8d651115-f401-4d21-8809-7b6967d327cf,2025-02-21T11:34:48,Julia Medeiros,julia.med13@gmail.com,Fernanda Rodrigues,Paulo Henrique Santos,venda,Instagram - Casarão SP,SL-5429,2025-02-21T23:54:39,2025-02-22T03:37:26,,2025-04-07T03:37:26,Desistiu da compra,,novo
5a8d3a35-422e-433f-aaa6-b8c178e5e0ac,2025-02-21T20:38:10,Monica Correia,monica.corr21@hotmail.com,Camila Alves,Camila Alves,locação,Site Orgânico,CS-6313,2025-02-22T07:42:27,2025-02-22T08:23:02,,2025-03-12T08:23:02,Não respondeu,,usado
49195cde-d686-4205-bfd8-7c0dcd84e94a,2025-02-22T04:46:44,Thiago Carvalho,thiago.carvalho17@outlook.com,Fernanda Rodrigues,Juliana Costa,venda,Indicação - Cliente,CO-9900,2025-02-22T05:15:13,2025-02-22T10:14:51,,2025-04-06T10:14:51,Não respondeu,,usado
7c3ef3a3-1b16-463e-ad96-3756055bbad9,2025-02-22T15:03:09,Nelson Xavier,nelson.xavier98@gmail.com,Camila Alves,Camila Alves,locação,Meta - Novos Empreendimentos,CS-5877,2025-02-23T12:41:40,2025-02-23T15:06:42,,,,,usado
b0142d79-f9dc-4f53-85b7-67e930e9c136,2025-02-22T15:14:30,Amanda Castro,amanda.castro63@hotmail.com,Carlos Eduardo Silva,Carlos Eduardo Silva,venda,Jetimob - Portal,AP-9625,2025-02-24T11:18:32,2025-02-24T12:55:01,2025-03-21T12:55:01,,,695245.82,usado
0becfae7-54bc-4d44-9836-3f53c36569b2,2025-02-22T16:11:00,Natalia Rocha,natalia.rocha35@outlook.com,Roberto Mendes,Marcos Oliveira,venda,Indicação - Cliente,AP-6101,2025-02-23T18:10:37,2025-02-23T18:57:21,2025-05-23T18:57:21,,,704647.64,usado
2163f001-c9b8-41ca-889d-0b1181c255f9,2025-02-22T23:17:15,Amanda Castro,amanda.castro62@outlook.com,Juliana Costa,Paulo Henrique Santos,venda,Meta - Novos Empreendimentos,AP-3589,2025-02-23T21:38:03,2025-02-24T00:00:19,2025-04-08T00:00:19,,,899950.86,usado
803ae7c4-1a17-47bf-867f-f2689a3986c2,2025-02-23T05:25:37,Natalia Rocha,natalia.rocha53@hotmail.com,Paulo Henrique Santos,Paulo Henrique Santos,venda,OLX Imóveis,CO-4614,2025-02-24T11:28:47,2025-02-24T14:49:16,,,,,novo
31f41381-c7f7-4362-84e2-928f0669ad25,2025-02-23T05:56:35,Beatriz Lima,beatriz.lima99@gmail.com,Paulo Henrique Santos,Paulo Henrique Santos,locação,Meta - Novos Empreendimentos,SL-3544,2025-02-24T00:43:00,2025-02-24T02:28:41,,2025-03-25T02:28:41,Comprou com outra imobiliária,,novo
2a9a450e-8917-479a-8750-81c13181bfca,2025-02-23T08:38:37,Amanda Castro,amanda.castro45@outlook.com,Marcos Oliveira,Marcos Oliveira,locação,LinkedIn Ads - Alto Padrão,CO-1076,2025-02-24T08:59:32,2025-02-24T12:33:53,,2025-03-18T12:33:53,Não respondeu,,novo
e8838b97-af99-4f35-9985-4e6675ffeff3,2025-02-23T17:06:35,Gabriel Souza,gabriel.souza88@gmail.com,Marcos Oliveira,Fernanda Rodrigues,venda,OLX Imóveis,CS-8433,2025-02-25T15:45:47,2025-02-25T20:27:14,,2025-03-04T20:27:14,Sem perfil para financiamento,,novo
9258131b-da07-43c9-a54b-3ca3b4d00c05,2025-02-23T20:07:33,Mariana Gomes,mariana.gomes68@gmail.com,Roberto Mendes,Roberto Mendes,locação,Site Orgânico,SL-8439,2025-02-24T20:27:40,2025-02-25T00:59:46,,,,,novo
55a32fce-4216-4e51-a6a7-7213beb6cd21,2025-02-24T04:08:54,Julia Medeiros,julia.med37@yahoo.com.br,Marcos Oliveira,Roberto Mendes,venda,Whatsapp - Indicação Direta,CS-6731,2025-02-25T13:42:19,2025-02-25T16:21:40,,2025-03-03T16:21:40,Sem perfil para financiamento,,novo
dc9b9708-3198-4cd0-857c-aba28afac78e,2025-02-24T04:13:08,Gustavo Nunes,gustavo.nunes58@hotmail.com,Fernanda Rodrigues,Fernanda Rodrigues,locação,Whatsapp - Indicação Direta,TE-3469,2025-02-25T03:26:37,2025-02-25T05:34:06,,,,,novo
41965f8c-7932-4b75-a0a6-a58a6802bc68,2025-02-24T06:22:58,Lucas Barbosa,lucas.barbosa17@outlook.com,Ana Paula Ferreira,Ana Paula Ferreira,venda,Zap Imóveis,AP-6940,2025-02-24T22:51:06,2025-02-25T03:33:56,2025-03-17T03:33:56,,,537484.52,novo
d246a94c-5296-4b13-87f6-2abe6a42d35c,2025-02-24T10:29:47,Leandro Santana,leandro.sant6@gmail.com,Juliana Costa,Marcos Oliveira,venda,OLX Imóveis,CS-1301,2025-02-25T03:37:08,2025-02-25T05:46:54,,,,,novo
0b1a80b7-8f34-471b-9ea2-ee35c76fb3c0,2025-02-24T18:47:23,Beatriz Lima,beatriz.lima97@hotmail.com,Ana Paula Ferreira,Ana Paula Ferreira,venda,Site Orgânico,CO-4727,2025-02-26T10:05:28,2025-02-26T12:53:37,,2025-04-23T12:53:37,Negociação travou,,usado
40b1764e-21bd-4a4d-b4eb-3182d38eaa02,2025-02-25T08:15:38,Igor Pinto,igor.pinto72@hotmail.com,Paulo Henrique Santos,Fernanda Rodrigues,locação,OLX Imóveis,AP-3733,2025-02-26T03:35:42,2025-02-26T05:57:05,2025-05-16T05:57:05,,,3122.65,usado
3187802a-c11c-4aee-82f4-becfcaf94bae,2025-02-25T14:31:15,Isabela Nascimento,isabela.nasc39@yahoo.com.br,Ana Paula Ferreira,Ana Paula Ferreira,locação,Google Ads - Apartamentos SP,TE-9467,2025-02-27T13:41:41,2025-02-27T15:00:20,,,,,usado
98ffab23-22c0-4e90-ba34-86c5601d9c58,2025-02-25T17:26:09,Monica Correia,monica.corr54@outlook.com,Fernanda Rodrigues,Marcos Oliveira,venda,Google Ads - Apartamentos SP,TE-5981,2025-02-26T06:00:39,2025-02-26T09:58:19,,2025-04-04T09:58:19,Preço acima do orçamento,,usado
9f1d213f-55c3-481a-8302-e51f7dc66b55,2025-02-25T19:23:42,Lucas Barbosa,lucas.barbosa24@yahoo.com.br,Camila Alves,Camila Alves,locação,Indicação - Cliente,TE-3733,2025-02-26T04:27:25,2025-02-26T09:35:16,,2025-04-23T09:35:16,Imóvel não atendeu expectativa,,usado
9cc46a6f-117f-4b49-bff6-6606648cbd03,2025-02-25T21:27:35,Lucas Barbosa,lucas.barbosa23@outlook.com,Roberto Mendes,Roberto Mendes,venda,Zap Imóveis,TE-1462,2025-02-27T18:56:52,2025-02-27T22:32:51,,2025-03-12T22:32:51,Negociação travou,,usado
02a2a788-52a2-438c-8f50-fbe17704df8c,2025-02-26T08:15:55,Fernanda Lopes,fernanda.lop58@gmail.com,Juliana Costa,Juliana Costa,venda,Indicação - Cliente,AP-8381,2025-02-28T00:28:32,2025-02-28T06:22:43,2025-05-24T06:22:43,,,1456787.6,novo
62687322-6e70-477d-bdf0-70878497ef72,2025-02-26T18:07:25,Lucas Barbosa,lucas.barbosa14@outlook.com,Juliana Costa,Juliana Costa,venda,Site Orgânico,SL-4626,2025-02-28T09:41:10,2025-02-28T15:11:16,,2025-03-27T15:11:16,Não respondeu,,usado
72f2f45b-192f-4221-9619-17449f669ec9,2025-02-26T22:22:17,Thiago Carvalho,thiago.carvalho43@hotmail.com,Roberto Mendes,Carlos Eduardo Silva,venda,Indicação - Cliente,CS-9850,2025-02-27T03:44:12,2025-02-27T09:00:08,2025-04-16T09:00:08,,,1068412.14,novo
7707af8b-e216-49ef-b81d-7ada381f46b5,2025-02-26T22:33:45,Fernanda Lopes,fernanda.lop86@outlook.com,Ana Paula Ferreira,Ana Paula Ferreira,locação,OLX Imóveis,AP-5712,2025-02-27T03:37:29,2025-02-27T06:54:56,2025-05-02T06:54:56,,,1975.68,usado
5050f2f1-09fe-4468-8377-82c4919ef9aa,2025-02-26T23:53:35,Rafael Torres,rafael.torres10@yahoo.com.br,Marcos Oliveira,Marcos Oliveira,venda,OLX Imóveis,TE-6435,2025-02-27T06:41:48,2025-02-27T12:37:59,,2025-04-01T12:37:59,Imóvel não atendeu expectativa,,novo
61c25894-f198-45db-9b17-a786f0cab011,2025-02-27T08:44:09,Helena Freitas,helena.freitas81@yahoo.com.br,Paulo Henrique Santos,Paulo Henrique Santos,venda,Instagram - Casarão SP,SL-8891,2025-02-27T13:07:31,2025-02-27T15:19:07,,2025-03-09T15:19:07,Sem perfil para financiamento,,usado
373c2727-1265-4990-a265-72eca408071a,2025-02-27T10:06:28,Beatriz Lima,beatriz.lima65@outlook.com,Ana Paula Ferreira,Ana Paula Ferreira,venda,Google Ads - Apartamentos SP,SL-5703,2025-03-01T09:01:25,2025-03-01T10:01:13,,2025-03-26T10:01:13,Negociação travou,,novo
25de3732-e215-4506-b2f8-c5c2ec42a14a,2025-02-27T22:37:23,Amanda Castro,amanda.castro25@gmail.com,Marcos Oliveira,Marcos Oliveira,venda,Google Ads - Apartamentos SP,TE-3073,2025-03-01T01:13:44,2025-03-01T05:33:53,2025-05-05T05:33:53,,,946367.16,novo
46cbb719-f02f-4fab-8646-ac440a5adecc,2025-02-28T21:24:03,Diego Martins,diego.martins98@outlook.com,Camila Alves,Camila Alves,locação,Google Ads - Apartamentos SP,CO-3561,2025-03-02T09:16:13,2025-03-02T14:09:09,,,,,usado
fe4c8745-ecd8-40ca-9984-91d3ecb13382,2025-02-28T21:37:26,Igor Pinto,igor.pinto60@outlook.com,Camila Alves,Camila Alves,venda,LinkedIn Ads - Alto Padrão,CS-2389,2025-03-02T04:02:30,2025-03-02T06:23:07,,,,,novo
0673dc0d-226c-420c-b430-919d83278aad,2025-03-01T06:39:23,Leandro Santana,leandro.sant77@gmail.com,Roberto Mendes,Ana Paula Ferreira,venda,Instagram - Casarão SP,SL-7861,2025-03-01T15:56:54,2025-03-01T21:52:29,,,,,novo
11437d61-b271-4194-be6e-3c682891b7da,2025-03-01T12:42:23,Beatriz Lima,beatriz.lima60@hotmail.com,Camila Alves,Camila Alves,venda,Indicação - Cliente,TE-9952,2025-03-02T04:18:00,2025-03-02T04:56:13,,2025-04-29T04:56:13,Desistiu da compra,,novo
26c5bdd8-23f1-42f8-8021-f33c852a3b1c,2025-03-01T12:53:50,Leandro Santana,leandro.sant37@outlook.com,Marcos Oliveira,Marcos Oliveira,locação,Indicação - Cliente,CS-5744,2025-03-02T18:35:11,2025-03-02T20:34:59,,2025-03-15T20:34:59,Imóvel não atendeu expectativa,,novo
b0ed56fb-b92d-469a-b89a-6ddf611df45b,2025-03-01T17:18:10,Beatriz Lima,beatriz.lima59@outlook.com,Carlos Eduardo Silva,Carlos Eduardo Silva,venda,OLX Imóveis,CO-2768,2025-03-01T20:55:22,2025-03-01T21:52:02,,2025-03-06T21:52:02,Comprou com outra imobiliária,,usado
4462ab5a-62d4-4559-9a7c-810f83cb66c4,2025-03-01T17:29:47,Mariana Gomes,mariana.gomes47@gmail.com,Juliana Costa,Juliana Costa,locação,Meta - Novos Empreendimentos,SL-7544,2025-03-02T13:01:02,2025-03-02T14:37:09,2025-03-13T14:37:09,,,1272.72,novo
44b67fbc-0727-42dd-a9ee-d31a3defd069,2025-03-02T02:11:25,Natalia Rocha,natalia.rocha60@hotmail.com,Juliana Costa,Juliana Costa,venda,Indicação - Cliente,CO-9151,2025-03-02T04:52:41,2025-03-02T07:22:52,2025-04-06T07:22:52,,,457868.78,novo
b1a2102d-c7e1-448c-9010-b1530602ff55,2025-03-02T04:05:10,Natalia Rocha,natalia.rocha42@hotmail.com,Ana Paula Ferreira,Ana Paula Ferreira,venda,OLX Imóveis,CS-9586,2025-03-02T11:34:08,2025-03-02T13:37:34,,2025-03-23T13:37:34,Não respondeu,,usado
27cc8109-9de4-4da8-85eb-2d30f2655b86,2025-03-02T06:14:46,Monica Correia,monica.corr31@hotmail.com,Roberto Mendes,Roberto Mendes,locação,Google Ads - Apartamentos SP,CS-6442,2025-03-03T20:46:23,2025-03-04T02:01:31,,,,,usado
8deb23bb-37ef-4ae0-ad59-f66f6c254e91,2025-03-02T12:11:18,Julia Medeiros,julia.med22@outlook.com,Fernanda Rodrigues,Ana Paula Ferreira,venda,OLX Imóveis,CS-2778,2025-03-04T05:27:45,2025-03-04T08:44:12,,2025-03-14T08:44:12,Não respondeu,,novo
6c603f72-cf1b-403f-85c2-fa812036fb75,2025-03-02T15:08:31,Monica Correia,monica.corr73@outlook.com,Carlos Eduardo Silva,Carlos Eduardo Silva,venda,Whatsapp - Indicação Direta,SL-4453,2025-03-03T20:50:57,2025-03-03T21:30:57,,,,,usado
1d381c79-dda6-4051-84ce-4b64415b7438,2025-03-03T03:26:52,Mariana Gomes,mariana.gomes82@hotmail.com,Paulo Henrique Santos,Paulo Henrique Santos,locação,Jetimob - Portal,CO-8037,2025-03-03T13:24:17,2025-03-03T18:02:33,,,,,novo
b667b4d5-8c2e-4b18-87f1-2a71409fbe6b,2025-03-03T14:29:23,Beatriz Lima,beatriz.lima58@gmail.com,Marcos Oliveira,Marcos Oliveira,locação,Whatsapp - Indicação Direta,CS-9021,2025-03-03T20:47:17,2025-03-03T23:40:25,,2025-03-31T23:40:25,Negociação travou,,usado
ce6bfd12-1de0-4672-aa20-e393c58810e0,2025-03-03T21:46:06,Gabriel Souza,gabriel.souza11@outlook.com,Juliana Costa,Juliana Costa,locação,LinkedIn Ads - Alto Padrão,CS-4594,2025-03-04T04:42:15,2025-03-04T08:24:31,,,,,usado
0090ad5b-d3b1-4be4-97eb-161864735a29,2025-03-04T00:37:49,Thiago Carvalho,thiago.carvalho26@outlook.com,Juliana Costa,Juliana Costa,venda,LinkedIn Ads - Alto Padrão,AP-5467,2025-03-04T06:12:46,2025-03-04T11:59:00,,2025-03-11T11:59:00,Desistiu da compra,,novo
4bafd755-42f7-4453-a872-b6dd77c9267a,2025-03-04T01:58:20,Larissa Pereira,larissa.pereira95@gmail.com,Marcos Oliveira,Marcos Oliveira,venda,Meta - Novos Empreendimentos,TE-2424,2025-03-04T03:29:58,2025-03-04T05:12:07,,2025-03-06T05:12:07,Desistiu da compra,,usado
8349672a-7b2d-48e6-91b0-74a815338bb8,2025-03-04T08:32:03,Patricia Dias,patricia.dias90@yahoo.com.br,Paulo Henrique Santos,Paulo Henrique Santos,venda,OLX Imóveis,TE-8373,2025-03-04T17:32:00,2025-03-04T21:21:31,,2025-04-28T21:21:31,Desistiu da compra,,novo
c0079784-b2d1-4e12-a5bf-1f3fca758d6a,2025-03-04T09:29:20,Eduardo Moreira,eduardo.mor81@hotmail.com,Carlos Eduardo Silva,Fernanda Rodrigues,venda,LinkedIn Ads - Alto Padrão,SL-9231,2025-03-04T18:12:07,2025-03-04T20:27:21,2025-04-11T20:27:21,,,612972.63,novo
9cbd316d-6645-431a-baa6-d3528f5ffcae,2025-03-04T21:27:57,Thiago Carvalho,thiago.carvalho71@hotmail.com,Carlos Eduardo Silva,Juliana Costa,venda,OLX Imóveis,AP-6886,2025-03-06T03:52:35,2025-03-06T08:25:14,2025-04-02T08:25:14,,,1438114.32,usado
5e7d08d0-de21-4cfe-82cb-9ce8d630a3fc,2025-03-05T02:17:46,Igor Pinto,igor.pinto37@hotmail.com,Fernanda Rodrigues,Fernanda Rodrigues,venda,LinkedIn Ads - Alto Padrão,AP-7243,2025-03-06T08:39:18,2025-03-06T09:57:06,2025-04-21T09:57:06,,,872437.5,usado
7c2c5c2d-c0cc-4f5d-807a-9f75db5d563a,2025-03-05T13:19:09,Julia Medeiros,julia.med44@yahoo.com.br,Fernanda Rodrigues,Juliana Costa,locação,Zap Imóveis,TE-8751,2025-03-06T23:42:41,2025-03-07T00:50:18,,,,,usado
146d78b0-90f6-4c3e-a56d-1459ca5f9371,2025-03-05T16:31:32,Felipe Ribeiro,felipe.ribeiro28@yahoo.com.br,Juliana Costa,Marcos Oliveira,locação,Instagram - Casarão SP,CS-2789,2025-03-06T04:05:13,2025-03-06T04:51:58,,,,,usado
915ee403-b5f1-4324-acb0-9222e58c289d,2025-03-05T17:20:10,Amanda Castro,amanda.castro37@gmail.com,Camila Alves,Camila Alves,venda,Instagram - Casarão SP,SL-3171,2025-03-07T10:31:39,2025-03-07T11:06:20,2025-04-01T11:06:20,,,619390.15,usado
8a599669-dde5-489a-99e1-6896cfaa864b,2025-03-05T20:27:35,Fernanda Lopes,fernanda.lop53@yahoo.com.br,Carlos Eduardo Silva,Carlos Eduardo Silva,venda,LinkedIn Ads - Alto Padrão,CO-1845,2025-03-06T02:50:06,2025-03-06T04:55:09,,,,,novo
cbc77c6f-cfa0-49c3-b270-3c36e3e65bea,2025-03-06T00:14:37,Camila Teixeira,camila.teix1@gmail.com,Paulo Henrique Santos,Paulo Henrique Santos,venda,Instagram - Casarão SP,TE-5697,2025-03-07T09:46:15,2025-03-07T12:38:21,,,,,novo
87290bc1-a9c7-4297-858e-ae508dde4697,2025-03-06T04:51:18,Isabela Nascimento,isabela.nasc11@outlook.com,Juliana Costa,Paulo Henrique Santos,venda,Zap Imóveis,CS-7065,2025-03-06T17:44:35,2025-03-06T23:23:41,,2025-04-14T23:23:41,Comprou com outra imobiliária,,novo
e3dfae4e-1628-4f8b-ad09-1df85a9961c3,2025-03-07T01:48:19,Beatriz Lima,beatriz.lima35@hotmail.com,Roberto Mendes,Marcos Oliveira,venda,Google Ads - Apartamentos SP,SL-4342,2025-03-07T19:05:10,2025-03-07T22:04:31,,2025-04-20T22:04:31,Desistiu da compra,,usado
aebe0ad6-4495-467d-aa76-ecbd75474b0d,2025-03-07T04:35:35,Fernanda Lopes,fernanda.lop62@hotmail.com,Juliana Costa,Fernanda Rodrigues,venda,Google Ads - Apartamentos SP,CS-4113,2025-03-08T16:28:06,2025-03-08T21:07:02,,,,,usado
a8759a1d-9e8b-44ca-bf47-1948748f84a1,2025-03-07T05:01:07,Diego Martins,diego.martins74@gmail.com,Camila Alves,Camila Alves,venda,Site Orgânico,AP-2659,2025-03-07T16:11:28,2025-03-07T22:07:43,,2025-04-06T22:07:43,Preço acima do orçamento,,usado
cf664446-a311-40f4-b5f5-a56c2d613e6c,2025-03-08T00:46:07,Eduardo Moreira,eduardo.mor17@outlook.com,Roberto Mendes,Roberto Mendes,venda,Google Ads - Apartamentos SP,AP-9488,2025-03-08T08:37:36,2025-03-08T14:16:04,2025-05-16T14:16:04,,,470998.99,novo
aeaec6a7-b005-4c38-bfa8-674c9e6563c2,2025-03-08T02:15:10,Igor Pinto,igor.pinto79@outlook.com,Camila Alves,Camila Alves,venda,Site Orgânico,SL-4684,2025-03-09T15:17:31,2025-03-09T19:40:08,,2025-04-10T19:40:08,Imóvel não atendeu expectativa,,usado
17657436-cb5e-41f9-a394-edb53123d3e1,2025-03-08T11:33:18,Gustavo Nunes,gustavo.nunes15@gmail.com,Paulo Henrique Santos,Paulo Henrique Santos,venda,Zap Imóveis,SL-1396,2025-03-10T10:57:48,2025-03-10T14:51:09,,,,,usado
3232e6d2-012d-4510-9c90-b095eac945ed,2025-03-08T23:09:43,Felipe Ribeiro,felipe.ribeiro13@hotmail.com,Carlos Eduardo Silva,Carlos Eduardo Silva,venda,Instagram - Casarão SP,SL-5093,2025-03-09T13:38:47,2025-03-09T17:17:02,,2025-03-23T17:17:02,Não respondeu,,novo
4f689d5c-6232-4162-b9d0-2da51ce32b22,2025-03-09T00:29:35,Larissa Pereira,larissa.pereira48@outlook.com,Juliana Costa,Juliana Costa,venda,Indicação - Cliente,CO-7121,2025-03-10T20:18:57,2025-03-11T00:58:53,,,,,usado
1c0040ea-b92c-421c-bc07-35f8fb1385e4,2025-03-09T01:14:11,Camila Teixeira,camila.teix58@yahoo.com.br,Carlos Eduardo Silva,Carlos Eduardo Silva,venda,Jetimob - Portal,SL-7046,2025-03-09T17:48:08,2025-03-09T23:47:01,,2025-04-01T23:47:01,Negociação travou,,usado
4ba52135-86f9-40c9-9b10-0670a473aef1,2025-03-09T02:11:32,Rafael Torres,rafael.torres48@gmail.com,Roberto Mendes,Roberto Mendes,venda,Zap Imóveis,AP-6862,2025-03-10T10:14:17,2025-03-10T12:41:00,,2025-05-05T12:41:00,Mudou de cidade,,novo
3ada2e3b-ffec-4b5c-a630-5cb9fbe9e1f0,2025-03-09T08:22:36,Camila Teixeira,camila.teix85@outlook.com,Paulo Henrique Santos,Carlos Eduardo Silva,venda,Zap Imóveis,SL-6296,2025-03-10T03:50:11,2025-03-10T07:10:00,,,,,novo
540f6ac4-7829-4a3d-acf0-508f27f234cd,2025-03-09T11:37:59,Leandro Santana,leandro.sant49@gmail.com,Carlos Eduardo Silva,Carlos Eduardo Silva,venda,Jetimob - Portal,TE-5444,2025-03-11T09:00:25,2025-03-11T09:52:23,,2025-04-23T09:52:23,Imóvel não atendeu expectativa,,novo
14eca578-838c-405b-9665-95f905368e06,2025-03-09T12:55:36,Helena Freitas,helena.freitas51@hotmail.com,Juliana Costa,Juliana Costa,locação,OLX Imóveis,CO-9743,2025-03-10T01:33:19,2025-03-10T04:52:33,,2025-03-17T04:52:33,Negociação travou,,usado
59e6e44c-f15a-4400-8476-a20b84478ae2,2025-03-09T13:24:00,Thiago Carvalho,thiago.carvalho14@gmail.com,Ana Paula Ferreira,Ana Paula Ferreira,locação,Instagram - Casarão SP,CO-6185,2025-03-11T13:09:41,2025-03-11T15:36:28,2025-05-25T15:36:28,,,3402.54,novo
8ac5cde8-8f27-4d2b-94c0-8446a725af97,2025-03-09T17:37:32,Eduardo Moreira,eduardo.mor30@yahoo.com.br,Camila Alves,Paulo Henrique Santos,venda,Whatsapp - Indicação Direta,AP-7971,2025-03-11T06:24:36,2025-03-11T11:54:56,2025-05-29T11:54:56,,,890408.12,novo
68d09728-abc1-4a32-bc23-e1ae23a8a1a6,2025-03-10T00:48:32,Monica Correia,monica.corr41@outlook.com,Camila Alves,Camila Alves,venda,Jetimob - Portal,CS-2785,2025-03-10T22:26:35,2025-03-11T00:40:13,2025-04-28T00:40:13,,,1041240.73,novo
a243e2d8-73c4-4ce1-b8f7-c88a4695562f,2025-03-10T12:34:31,Rafael Torres,rafael.torres72@hotmail.com,Fernanda Rodrigues,Camila Alves,venda,Zap Imóveis,CS-8531,2025-03-11T14:50:30,2025-03-11T19:03:32,,,,,usado
bdfa229c-4b98-406a-b847-24bc3051c1d3,2025-03-10T17:23:20,Igor Pinto,igor.pinto30@gmail.com,Ana Paula Ferreira,Fernanda Rodrigues,venda,Jetimob - Portal,SL-8953,2025-03-12T04:08:14,2025-03-12T09:29:26,,2025-03-28T09:29:26,Negociação travou,,novo
67d19843-5a58-4740-909d-98bbac893bb3,2025-03-10T21:24:59,Eduardo Moreira,eduardo.mor18@yahoo.com.br,Carlos Eduardo Silva,Carlos Eduardo Silva,locação,Jetimob - Portal,AP-5087,2025-03-12T17:29:24,2025-03-12T21:51:56,,2025-05-04T21:51:56,Negociação travou,,novo
c6e91a87-8635-4694-86db-f8a8b69c7163,2025-03-10T23:14:30,Larissa Pereira,larissa.pereira72@outlook.com,Camila Alves,Camila Alves,locação,OLX Imóveis,TE-5684,2025-03-12T14:03:34,2025-03-12T17:26:04,2025-04-02T17:26:04,,,1078.21,usado
e889e1c7-3ebd-419b-a094-3ee2f4d51bc1,2025-03-11T01:00:23,Igor Pinto,igor.pinto49@gmail.com,Marcos Oliveira,Carlos Eduardo Silva,venda,Google Ads - Apartamentos SP,AP-1323,2025-03-11T21:04:11,2025-03-11T23:39:40,,2025-04-11T23:39:40,Comprou com outra imobiliária,,novo
fb2876b7-080e-45f4-87a3-342d742c991d,2025-03-11T02:38:07,Leandro Santana,leandro.sant47@hotmail.com,Juliana Costa,Juliana Costa,venda,Indicação - Cliente,CS-9094,2025-03-12T06:08:50,2025-03-12T09:13:05,,,,,novo
91338785-f17a-4b8f-928c-f18dd60b0778,2025-03-11T03:22:59,Eduardo Moreira,eduardo.mor53@outlook.com,Fernanda Rodrigues,Fernanda Rodrigues,venda,LinkedIn Ads - Alto Padrão,SL-2854,2025-03-11T07:19:05,2025-03-11T11:50:02,,2025-05-05T11:50:02,Sem perfil para financiamento,,usado
3a7bf06c-799a-44e9-bb0e-7e123ff00006,2025-03-11T05:17:29,Amanda Castro,amanda.castro86@yahoo.com.br,Fernanda Rodrigues,Fernanda Rodrigues,venda,Meta - Novos Empreendimentos,CS-4681,2025-03-12T09:34:16,2025-03-12T11:20:13,2025-03-24T11:20:13,,,656463.41,novo
6596096d-6c9d-498d-b0e6-85ada807cebd,2025-03-11T12:26:47,Igor Pinto,igor.pinto29@yahoo.com.br,Camila Alves,Camila Alves,locação,Google Ads - Apartamentos SP,CS-7924,2025-03-11T22:51:35,2025-03-12T03:33:32,2025-05-02T03:33:32,,,1307.07,novo
9593d645-a446-4bf6-950a-5ab75e5a93f5,2025-03-11T16:34:29,Natalia Rocha,natalia.rocha75@gmail.com,Carlos Eduardo Silva,Carlos Eduardo Silva,venda,Indicação - Cliente,SL-2022,2025-03-13T15:02:13,2025-03-13T15:32:30,,2025-04-05T15:32:30,Não respondeu,,novo
b3c90503-5090-4635-8355-b96c17328f78,2025-03-12T01:26:25,Bruno Almeida,bruno.almeida7@gmail.com,Roberto Mendes,Roberto Mendes,venda,Meta - Novos Empreendimentos,SL-8259,2025-03-13T06:37:09,2025-03-13T09:23:50,2025-05-20T09:23:50,,,901844.1,usado
47092a82-1326-4fed-a1bd-14cb94460ec1,2025-03-12T05:21:53,Gabriel Souza,gabriel.souza33@yahoo.com.br,Carlos Eduardo Silva,Ana Paula Ferreira,venda,Zap Imóveis,AP-9866,2025-03-12T08:46:14,2025-03-12T14:24:23,2025-05-06T14:24:23,,,1450199.68,usado
58f1bac7-d4b7-4ecd-a5eb-58f793ac7a30,2025-03-12T06:03:53,Bruno Almeida,bruno.almeida23@yahoo.com.br,Camila Alves,Ana Paula Ferreira,venda,Instagram - Casarão SP,AP-7251,2025-03-14T02:19:20,2025-03-14T04:39:41,,,,,novo
88d80c9d-0e69-40ae-915b-01774e01988e,2025-03-12T08:22:19,Beatriz Lima,beatriz.lima50@yahoo.com.br,Ana Paula Ferreira,Ana Paula Ferreira,locação,Whatsapp - Indicação Direta,AP-6460,2025-03-12T13:24:38,2025-03-12T18:07:28,,2025-03-14T18:07:28,Sem perfil para financiamento,,usado
c3de2b37-87f5-4d6b-81f3-78cc6368ed24,2025-03-12T14:31:47,Rodrigo Cunha,rodrigo.cunha57@hotmail.com,Marcos Oliveira,Ana Paula Ferreira,locação,OLX Imóveis,CO-3280,2025-03-13T02:43:59,2025-03-13T04:04:51,,2025-04-07T04:04:51,Não respondeu,,usado
3ecee110-1bb2-4bc0-8484-1992ad263bc5,2025-03-12T14:40:55,Rafael Torres,rafael.torres63@yahoo.com.br,Ana Paula Ferreira,Camila Alves,venda,Instagram - Casarão SP,SL-1202,2025-03-13T15:55:14,2025-03-13T20:30:38,,2025-03-28T20:30:38,Imóvel não atendeu expectativa,,usado
f4d13ccb-9921-4290-b1a8-bd4f49dab067,2025-03-13T02:31:19,Rafael Torres,rafael.torres38@gmail.com,Fernanda Rodrigues,Roberto Mendes,venda,Site Orgânico,SL-9697,2025-03-14T18:24:05,2025-03-14T20:18:53,,,,,usado
38478733-089a-43ca-91c5-11eb8073ace3,2025-03-13T03:51:51,Larissa Pereira,larissa.pereira43@gmail.com,Paulo Henrique Santos,Paulo Henrique Santos,venda,Whatsapp - Indicação Direta,AP-9128,2025-03-13T06:37:10,2025-03-13T11:50:46,2025-04-05T11:50:46,,,733350.11,usado
dd376f4f-4bbf-470d-85fe-a0f8c7ac7b76,2025-03-13T06:48:33,Natalia Rocha,natalia.rocha17@yahoo.com.br,Fernanda Rodrigues,Fernanda Rodrigues,venda,Jetimob - Portal,CO-3007,2025-03-13T13:39:25,2025-03-13T14:26:07,,,,,novo
64968f02-defe-4495-8b0f-89badfe2488d,2025-03-13T07:04:27,Julia Medeiros,julia.med67@hotmail.com,Fernanda Rodrigues,Fernanda Rodrigues,locação,Zap Imóveis,TE-1173,2025-03-13T07:44:49,2025-03-13T08:47:04,2025-05-12T08:47:04,,,2642.95,usado
26f30014-5c46-4d73-b1a2-06bd5cf9705f,2025-03-13T07:35:17,Bruno Almeida,bruno.almeida4@outlook.com,Ana Paula Ferreira,Ana Paula Ferreira,locação,Whatsapp - Indicação Direta,TE-1339,2025-03-14T23:02:02,2025-03-15T02:42:12,,,,,usado
fdf9d758-451a-4950-9bbd-ab7071158bd4,2025-03-13T13:25:20,Julia Medeiros,julia.med47@hotmail.com,Paulo Henrique Santos,Paulo Henrique Santos,locação,Zap Imóveis,TE-6143,2025-03-14T23:59:54,2025-03-15T02:09:00,,2025-04-11T02:09:00,Imóvel não atendeu expectativa,,usado
89f91f16-92cd-4c19-8f12-62e92f84f4f8,2025-03-14T00:16:16,Julia Medeiros,julia.med16@hotmail.com,Carlos Eduardo Silva,Carlos Eduardo Silva,venda,Zap Imóveis,TE-9474,2025-03-14T12:47:20,2025-03-14T15:20:03,,2025-05-09T15:20:03,Sem perfil para financiamento,,usado
a571948b-5097-456a-a8ea-97a2d2d6f5cf,2025-03-14T01:56:49,Igor Pinto,igor.pinto31@yahoo.com.br,Marcos Oliveira,Marcos Oliveira,venda,OLX Imóveis,CO-7825,2025-03-16T00:18:37,2025-03-16T01:06:22,,2025-03-29T01:06:22,Negociação travou,,usado
2f1ed127-1850-49b9-87fd-6bbb89d2152e,2025-03-14T08:22:37,Camila Teixeira,camila.teix30@outlook.com,Fernanda Rodrigues,Fernanda Rodrigues,venda,Instagram - Casarão SP,CS-2591,2025-03-14T10:21:55,2025-03-14T15:12:09,2025-05-02T15:12:09,,,2335007.37,usado
04e2720b-8148-4d96-9d9c-641f6444a300,2025-03-14T22:16:43,Isabela Nascimento,isabela.nasc29@outlook.com,Juliana Costa,Juliana Costa,venda,LinkedIn Ads - Alto Padrão,TE-2193,2025-03-16T01:57:11,2025-03-16T06:24:14,,2025-04-11T06:24:14,Desistiu da compra,,usado
8ba1dec0-d006-4b15-9fa6-36fb4bd2c2a4,2025-03-14T22:57:31,Camila Teixeira,camila.teix31@outlook.com,Fernanda Rodrigues,Carlos Eduardo Silva,venda,Site Orgânico,CO-7607,2025-03-15T21:02:57,2025-03-16T01:57:22,,2025-05-10T01:57:22,Negociação travou,,usado
bff5d865-59ac-4481-96a6-670b24444dbf,2025-03-15T03:56:05,Isabela Nascimento,isabela.nasc53@hotmail.com,Camila Alves,Camila Alves,locação,Google Ads - Apartamentos SP,CS-7209,2025-03-15T16:44:16,2025-03-15T21:33:01,,2025-04-12T21:33:01,Negociação travou,,novo
1401f097-7d76-476f-b3c7-a74630281635,2025-03-15T07:51:36,Rodrigo Cunha,rodrigo.cunha71@yahoo.com.br,Camila Alves,Camila Alves,venda,Jetimob - Portal,SL-9540,2025-03-15T21:06:47,2025-03-15T22:02:21,,2025-04-02T22:02:21,Imóvel não atendeu expectativa,,usado
6755e873-3d65-441e-9c96-400cf3d91dc2,2025-03-15T22:21:43,Julia Medeiros,julia.med63@yahoo.com.br,Roberto Mendes,Roberto Mendes,venda,OLX Imóveis,CO-8405,2025-03-16T17:45:30,2025-03-16T22:22:56,,2025-05-12T22:22:56,Imóvel não atendeu expectativa,,novo
90b2ac7a-863d-4251-8405-0844c25f8b90,2025-03-15T22:43:26,Bruno Almeida,bruno.almeida48@hotmail.com,Fernanda Rodrigues,Fernanda Rodrigues,venda,Jetimob - Portal,CS-1265,2025-03-17T02:33:53,2025-03-17T05:21:41,2025-05-01T05:21:41,,,2167748.69,novo
940f2bdf-6363-44d5-832a-2d01f7d870a0,2025-03-16T11:00:07,Natalia Rocha,natalia.rocha78@hotmail.com,Ana Paula Ferreira,Roberto Mendes,locação,Meta - Novos Empreendimentos,TE-1420,2025-03-17T19:32:48,2025-03-18T01:19:00,,2025-05-03T01:19:00,Desistiu da compra,,usado
c6f20361-4b61-4517-827a-bf70d209acb0,2025-03-16T12:03:14,Rafael Torres,rafael.torres38@outlook.com,Fernanda Rodrigues,Fernanda Rodrigues,venda,OLX Imóveis,CS-3116,2025-03-16T23:10:34,2025-03-17T02:44:57,,2025-04-09T02:44:57,Não respondeu,,novo
0fdd990f-37ea-4d5f-8e64-6d8b4545dbb8,2025-03-16T13:26:00,Natalia Rocha,natalia.rocha66@hotmail.com,Ana Paula Ferreira,Ana Paula Ferreira,locação,Meta - Novos Empreendimentos,SL-2162,2025-03-17T11:36:50,2025-03-17T15:21:43,2025-04-20T15:21:43,,,3672.83,usado
a1b399b9-c302-44cc-b289-fcb16198f8cf,2025-03-16T19:00:53,Thiago Carvalho,thiago.carvalho40@yahoo.com.br,Camila Alves,Camila Alves,venda,Indicação - Cliente,SL-1660,2025-03-17T10:48:57,2025-03-17T11:49:03,2025-05-04T11:49:03,,,1399673.18,novo
4afd5318-a0f8-40ec-a4b8-417e5639573b,2025-03-17T00:19:09,Nelson Xavier,nelson.xavier94@hotmail.com,Juliana Costa,Juliana Costa,locação,Google Ads - Apartamentos SP,CS-9872,2025-03-18T18:26:13,2025-03-19T00:10:02,2025-06-14T00:10:02,,,2772.76,novo
b7b215a8-2ea7-4966-897d-ddda64ded9ce,2025-03-17T08:36:47,Amanda Castro,amanda.castro39@hotmail.com,Ana Paula Ferreira,Ana Paula Ferreira,venda,Whatsapp - Indicação Direta,CO-2029,2025-03-18T13:17:48,2025-03-18T13:53:14,,2025-04-03T13:53:14,Comprou com outra imobiliária,,novo
18a71bed-4cea-4013-80c2-3e16992245ff,2025-03-18T04:53:41,Lucas Barbosa,lucas.barbosa63@yahoo.com.br,Marcos Oliveira,Marcos Oliveira,venda,Indicação - Cliente,SL-7249,2025-03-18T07:07:54,2025-03-18T10:03:01,,2025-05-11T10:03:01,Sem perfil para financiamento,,novo
074bd479-9133-46c2-84f9-37d1381d5158,2025-03-18T15:10:44,Lucas Barbosa,lucas.barbosa81@outlook.com,Paulo Henrique Santos,Paulo Henrique Santos,venda,Site Orgânico,TE-3501,2025-03-18T19:03:50,2025-03-19T00:37:44,,,,,novo
fb5c372f-3085-444f-9196-09dac3e76667,2025-03-18T16:47:51,Isabela Nascimento,isabela.nasc3@outlook.com,Roberto Mendes,Roberto Mendes,venda,OLX Imóveis,TE-2862,2025-03-19T14:22:11,2025-03-19T16:51:39,,2025-04-17T16:51:39,Desistiu da compra,,usado
729ae392-128a-462b-809d-d910c50615b9,2025-03-18T22:24:39,Igor Pinto,igor.pinto64@hotmail.com,Carlos Eduardo Silva,Carlos Eduardo Silva,locação,Zap Imóveis,AP-8213,2025-03-19T20:23:51,2025-03-20T00:52:16,,2025-05-01T00:52:16,Comprou com outra imobiliária,,novo
490924f9-26d2-44fd-a0d8-cae215da8c0d,2025-03-19T19:12:57,Helena Freitas,helena.freitas89@yahoo.com.br,Fernanda Rodrigues,Fernanda Rodrigues,locação,Jetimob - Portal,CO-7560,2025-03-21T13:00:50,2025-03-21T17:36:57,2025-04-14T17:36:57,,,1200.44,usado
3d367eb4-bc36-4e31-8e9e-738c3636d0e9,2025-03-19T21:47:04,Bruno Almeida,bruno.almeida3@gmail.com,Roberto Mendes,Roberto Mendes,locação,Meta - Novos Empreendimentos,TE-6978,2025-03-21T07:37:54,2025-03-21T11:46:24,,2025-04-12T11:46:24,Sem perfil para financiamento,,usado
f8fb0e4b-9fa9-4a4e-8493-1116004571b3,2025-03-19T22:59:27,Eduardo Moreira,eduardo.mor69@outlook.com,Marcos Oliveira,Marcos Oliveira,locação,Whatsapp - Indicação Direta,CO-4985,2025-03-21T07:44:21,2025-03-21T13:10:12,,,,,usado
dfa03ea8-b78d-497f-b62c-019c8716f1a0,2025-03-20T09:36:15,Patricia Dias,patricia.dias13@hotmail.com,Ana Paula Ferreira,Ana Paula Ferreira,venda,OLX Imóveis,CO-1887,2025-03-20T12:36:27,2025-03-20T17:06:45,,,,,usado
3e50689c-f4f6-4856-a63e-fd4be3c23152,2025-03-20T13:48:18,Fernanda Lopes,fernanda.lop97@gmail.com,Camila Alves,Camila Alves,venda,LinkedIn Ads - Alto Padrão,AP-8464,2025-03-21T23:55:27,2025-03-22T02:59:02,2025-04-22T02:59:02,,,1114924.01,novo
e72a20c5-6439-476c-826c-f29de2d38c95,2025-03-21T07:03:23,Rodrigo Cunha,rodrigo.cunha4@outlook.com,Paulo Henrique Santos,Paulo Henrique Santos,venda,Jetimob - Portal,CO-2337,2025-03-21T22:25:17,2025-03-21T23:27:58,,2025-04-12T23:27:58,Comprou com outra imobiliária,,novo
cce6e53e-1f80-4de4-b652-db0d5c477ae8,2025-03-21T08:00:07,Larissa Pereira,larissa.pereira89@yahoo.com.br,Roberto Mendes,Roberto Mendes,venda,Meta - Novos Empreendimentos,AP-2690,2025-03-21T22:26:10,2025-03-22T01:02:28,,,,,novo
2445270b-5be8-40c9-be71-2afa7083e69e,2025-03-21T10:01:25,Nelson Xavier,nelson.xavier16@yahoo.com.br,Fernanda Rodrigues,Fernanda Rodrigues,venda,Google Ads - Apartamentos SP,AP-6985,2025-03-21T13:58:38,2025-03-21T17:00:19,,,,,usado
c8061b7c-4974-433a-ba6b-a5e4e7dd4bb9,2025-03-21T19:27:38,Natalia Rocha,natalia.rocha79@gmail.com,Marcos Oliveira,Marcos Oliveira,locação,Instagram - Casarão SP,AP-4537,2025-03-22T00:24:33,2025-03-22T02:10:47,,2025-04-04T02:10:47,Desistiu da compra,,usado
88058ff3-0058-406e-acc6-f6aecd2a2d6f,2025-03-21T20:10:11,Camila Teixeira,camila.teix56@gmail.com,Fernanda Rodrigues,Fernanda Rodrigues,locação,Indicação - Cliente,CO-3885,2025-03-23T01:46:18,2025-03-23T07:19:47,,,,,usado
70dbe44b-335b-46e8-b709-8e3c3c78a53d,2025-03-22T03:47:44,Thiago Carvalho,thiago.carvalho88@hotmail.com,Ana Paula Ferreira,Ana Paula Ferreira,venda,Zap Imóveis,AP-2838,2025-03-23T23:08:38,2025-03-24T00:45:20,,2025-04-04T00:45:20,Imóvel não atendeu expectativa,,novo
62bfa6d2-22d5-4110-b33c-17fcaff1efad,2025-03-22T10:10:49,Amanda Castro,amanda.castro71@outlook.com,Roberto Mendes,Roberto Mendes,venda,Zap Imóveis,AP-1752,2025-03-24T02:21:29,2025-03-24T02:56:52,,,,,novo
2b5ad19a-0f69-48cb-96bf-c1e9ddd284c5,2025-03-22T14:00:06,Isabela Nascimento,isabela.nasc97@outlook.com,Juliana Costa,Juliana Costa,venda,Indicação - Cliente,AP-4063,2025-03-23T14:42:53,2025-03-23T17:17:22,,2025-04-28T17:17:22,Sem perfil para financiamento,,usado
168cfb88-acf6-4ccc-9094-c55b1a04d538,2025-03-23T07:46:57,Camila Teixeira,camila.teix99@yahoo.com.br,Paulo Henrique Santos,Paulo Henrique Santos,venda,Indicação - Cliente,CS-6653,2025-03-24T20:04:12,2025-03-24T21:12:29,2025-05-17T21:12:29,,,1309731.24,novo
97a2f944-9ecf-485c-8dc5-34cdbd67e969,2025-03-23T08:42:54,Helena Freitas,helena.freitas43@outlook.com,Ana Paula Ferreira,Ana Paula Ferreira,venda,Indicação - Cliente,CS-5659,2025-03-24T18:20:15,2025-03-24T21:59:06,,2025-04-23T21:59:06,Imóvel não atendeu expectativa,,usado
c6c3c5ec-d95f-47c8-9aff-684f88c7a2c5,2025-03-23T17:13:54,Igor Pinto,igor.pinto20@hotmail.com,Fernanda Rodrigues,Carlos Eduardo Silva,venda,LinkedIn Ads - Alto Padrão,AP-2832,2025-03-25T16:31:42,2025-03-25T21:27:56,2025-04-27T21:27:56,,,1429400.53,usado
d7abdb3b-374d-4ecf-8762-458ea082c436,2025-03-23T20:30:20,Leandro Santana,leandro.sant92@outlook.com,Juliana Costa,Juliana Costa,venda,Instagram - Casarão SP,SL-3173,2025-03-25T19:18:59,2025-03-25T20:47:40,,2025-05-05T20:47:40,Imóvel não atendeu expectativa,,usado
a404c051-6ec6-4d00-a03d-bd1cb9751a9a,2025-03-23T21:05:45,Natalia Rocha,natalia.rocha20@yahoo.com.br,Marcos Oliveira,Roberto Mendes,venda,Meta - Novos Empreendimentos,AP-3359,2025-03-25T04:42:37,2025-03-25T10:34:22,2025-04-14T10:34:22,,,903239.47,usado
34384d9c-ea47-4812-ba2a-4aff25e7dca4,2025-03-24T01:58:10,Mariana Gomes,mariana.gomes38@hotmail.com,Ana Paula Ferreira,Ana Paula Ferreira,locação,Site Orgânico,CS-6499,2025-03-24T19:05:15,2025-03-24T23:40:50,,2025-05-14T23:40:50,Imóvel não atendeu expectativa,,usado
9312af94-876d-48df-ae2a-1f532de15419,2025-03-24T06:17:36,Larissa Pereira,larissa.pereira72@outlook.com,Fernanda Rodrigues,Fernanda Rodrigues,venda,Jetimob - Portal,CO-1430,2025-03-24T07:46:48,2025-03-24T09:46:59,,,,,usado
d774eb06-e843-46e3-91ad-af10d4398c76,2025-03-24T07:43:54,Julia Medeiros,julia.med27@outlook.com,Juliana Costa,Marcos Oliveira,venda,Jetimob - Portal,CO-7322,2025-03-25T14:23:44,2025-03-25T15:17:10,,,,,novo
6fa41220-9758-4a91-bfc7-d51d267ff8eb,2025-03-24T10:19:38,Monica Correia,monica.corr14@outlook.com,Juliana Costa,Juliana Costa,venda,LinkedIn Ads - Alto Padrão,AP-3332,2025-03-24T12:31:48,2025-03-24T14:18:11,,,,,usado
600d1b61-44c1-49b4-8db0-2c38c9fdd752,2025-03-24T23:05:48,Eduardo Moreira,eduardo.mor15@yahoo.com.br,Juliana Costa,Camila Alves,venda,Site Orgânico,CO-1911,2025-03-25T19:05:43,2025-03-25T22:41:49,,2025-05-08T22:41:49,Sem perfil para financiamento,,usado
2b9e10eb-04cf-4d69-88e6-6fb07d8bae98,2025-03-25T06:05:07,Beatriz Lima,beatriz.lima29@yahoo.com.br,Fernanda Rodrigues,Fernanda Rodrigues,locação,Zap Imóveis,SL-2276,2025-03-26T06:13:58,2025-03-26T11:41:37,2025-06-03T11:41:37,,,1040.79,usado
c9370ee0-96a8-40d0-8955-21da1720da13,2025-03-25T14:51:10,Amanda Castro,amanda.castro31@gmail.com,Paulo Henrique Santos,Paulo Henrique Santos,venda,OLX Imóveis,CO-7251,2025-03-26T22:41:09,2025-03-27T01:47:51,2025-05-18T01:47:51,,,683489.41,usado
b009c9d9-ba35-444f-9962-7f7ffe46136a,2025-03-25T20:36:33,Lucas Barbosa,lucas.barbosa38@gmail.com,Paulo Henrique Santos,Paulo Henrique Santos,venda,Site Orgânico,CS-9537,2025-03-26T04:49:41,2025-03-26T06:48:26,,2025-04-05T06:48:26,Não respondeu,,novo
9b5e02ee-7b95-4156-be45-fd626797718a,2025-03-25T21:38:51,Helena Freitas,helena.freitas32@yahoo.com.br,Roberto Mendes,Fernanda Rodrigues,venda,Indicação - Cliente,CO-9433,2025-03-26T21:34:17,2025-03-26T22:34:00,,2025-04-25T22:34:00,Desistiu da compra,,usado
0ca947d8-0fcf-4294-b64b-08306642a853,2025-03-25T21:55:25,Larissa Pereira,larissa.pereira38@gmail.com,Paulo Henrique Santos,Paulo Henrique Santos,venda,Meta - Novos Empreendimentos,SL-8940,2025-03-26T02:14:23,2025-03-26T03:50:01,,,,,usado
e4bcc42e-9f06-4083-9ed7-ad9ba81872a7,2025-03-26T17:38:14,Felipe Ribeiro,felipe.ribeiro30@hotmail.com,Juliana Costa,Fernanda Rodrigues,venda,Meta - Novos Empreendimentos,AP-2285,2025-03-27T17:20:09,2025-03-27T17:52:20,,,,,usado
a50951ce-048f-4ff8-96b7-e9934d554411,2025-03-26T19:00:35,Camila Teixeira,camila.teix82@gmail.com,Paulo Henrique Santos,Marcos Oliveira,locação,Zap Imóveis,AP-6649,2025-03-28T01:12:11,2025-03-28T05:56:47,,2025-04-19T05:56:47,Comprou com outra imobiliária,,novo
9364dcd2-a5c0-47ba-a184-91118ff9a054,2025-03-26T21:43:35,Rafael Torres,rafael.torres9@hotmail.com,Carlos Eduardo Silva,Carlos Eduardo Silva,venda,Zap Imóveis,CS-3480,2025-03-28T06:42:46,2025-03-28T11:56:33,2025-04-12T11:56:33,,,2253766.44,usado
f4719cd8-f1f8-4dec-bdef-d6c886410be9,2025-03-27T03:00:48,Fernanda Lopes,fernanda.lop33@yahoo.com.br,Juliana Costa,Juliana Costa,locação,Google Ads - Apartamentos SP,TE-9561,2025-03-27T21:04:38,2025-03-27T22:42:25,,,,,novo
b874a902-9e44-478b-930f-934b339e8697,2025-03-27T05:22:31,Isabela Nascimento,isabela.nasc95@yahoo.com.br,Carlos Eduardo Silva,Carlos Eduardo Silva,venda,Google Ads - Apartamentos SP,CS-5770,2025-03-28T18:32:03,2025-03-28T20:36:24,2025-05-07T20:36:24,,,1417531.3,usado
d830bd8d-d650-49de-b4ff-12629f2af5e2,2025-03-27T05:54:38,Gustavo Nunes,gustavo.nunes11@gmail.com,Camila Alves,Roberto Mendes,venda,LinkedIn Ads - Alto Padrão,TE-3705,2025-03-28T02:16:43,2025-03-28T03:56:37,,2025-05-14T03:56:37,Desistiu da compra,,novo
31976196-8b26-498c-9813-cab99c7b2a7a,2025-03-27T06:11:02,Rafael Torres,rafael.torres15@outlook.com,Ana Paula Ferreira,Roberto Mendes,venda,Whatsapp - Indicação Direta,CS-6617,2025-03-28T23:08:18,2025-03-29T02:25:05,,2025-05-27T02:25:05,Preço acima do orçamento,,novo
684f4667-6cf1-4e89-84a8-f1775645dfcd,2025-03-27T06:59:46,Monica Correia,monica.corr48@gmail.com,Fernanda Rodrigues,Fernanda Rodrigues,venda,LinkedIn Ads - Alto Padrão,SL-7319,2025-03-28T21:24:40,2025-03-29T01:28:47,,,,,usado
8245704e-7a39-4c14-b3bd-7407ac95efd6,2025-03-27T16:29:12,Rodrigo Cunha,rodrigo.cunha33@gmail.com,Fernanda Rodrigues,Fernanda Rodrigues,locação,Indicação - Cliente,AP-2494,2025-03-28T22:57:31,2025-03-28T23:55:40,,2025-05-14T23:55:40,Comprou com outra imobiliária,,novo
15497bde-b594-425c-a264-bcdacace5d89,2025-03-27T21:09:19,Patricia Dias,patricia.dias49@yahoo.com.br,Fernanda Rodrigues,Fernanda Rodrigues,venda,LinkedIn Ads - Alto Padrão,TE-4695,2025-03-29T11:32:12,2025-03-29T12:13:13,2025-05-04T12:13:13,,,997862.13,novo
9aed97f6-8471-4d21-a2be-7ca340cfc4f5,2025-03-27T23:09:49,Patricia Dias,patricia.dias63@gmail.com,Paulo Henrique Santos,Marcos Oliveira,venda,Zap Imóveis,CS-8264,2025-03-29T16:14:22,2025-03-29T17:17:10,,2025-05-03T17:17:10,Imóvel não atendeu expectativa,,usado
b0c12d2e-248c-45e7-ab9f-68457d2da058,2025-03-28T00:02:28,Beatriz Lima,beatriz.lima40@outlook.com,Paulo Henrique Santos,Camila Alves,venda,Jetimob - Portal,SL-6848,2025-03-29T17:36:46,2025-03-29T19:56:18,2025-05-18T19:56:18,,,314161.48,usado
bd3c9396-c4b7-4670-8664-ceabb2622a54,2025-03-28T08:07:33,Rafael Torres,rafael.torres35@yahoo.com.br,Juliana Costa,Fernanda Rodrigues,venda,LinkedIn Ads - Alto Padrão,SL-4050,2025-03-29T22:06:12,2025-03-30T01:43:35,,,,,novo
41d8f446-76e1-4aa0-a5e0-a3bfca91aad4,2025-03-28T21:00:52,Eduardo Moreira,eduardo.mor30@gmail.com,Juliana Costa,Camila Alves,venda,Meta - Novos Empreendimentos,SL-9897,2025-03-29T05:42:19,2025-03-29T10:52:58,2025-04-27T10:52:58,,,294160.02,usado
ac15123f-c55c-445c-900c-3572a4fcedf3,2025-03-28T21:19:42,Amanda Castro,amanda.castro33@gmail.com,Juliana Costa,Juliana Costa,venda,Indicação - Cliente,SL-9740,2025-03-29T05:30:21,2025-03-29T11:11:05,2025-06-24T11:11:05,,,1110318.76,novo
323e4346-61c2-4135-af5f-d369b3c235de,2025-03-28T23:39:53,Bruno Almeida,bruno.almeida53@yahoo.com.br,Carlos Eduardo Silva,Marcos Oliveira,venda,Zap Imóveis,TE-9779,2025-03-30T08:35:59,2025-03-30T13:29:50,,,,,novo
47c65a79-6bc3-4d5f-94c1-dd7d26a935da,2025-03-29T05:04:42,Gabriel Souza,gabriel.souza6@yahoo.com.br,Carlos Eduardo Silva,Carlos Eduardo Silva,venda,OLX Imóveis,CO-2605,2025-03-29T09:09:30,2025-03-29T13:48:01,,2025-04-25T13:48:01,Desistiu da compra,,usado
4ef374e7-f6c0-4802-8071-fc54650c7169,2025-03-29T05:45:15,Rafael Torres,rafael.torres1@hotmail.com,Marcos Oliveira,Marcos Oliveira,venda,LinkedIn Ads - Alto Padrão,TE-1094,2025-03-29T17:14:54,2025-03-29T20:59:14,,2025-04-25T20:59:14,Negociação travou,,usado
cebb0cd6-72db-412e-9603-7f7499483c32,2025-03-29T06:36:31,Rodrigo Cunha,rodrigo.cunha87@outlook.com,Roberto Mendes,Roberto Mendes,locação,Whatsapp - Indicação Direta,SL-7951,2025-03-30T23:11:55,2025-03-31T00:47:39,,2025-05-01T00:47:39,Não respondeu,,usado
0c2a5fc8-fb24-4a2b-8090-010865e9124f,2025-03-29T12:22:35,Camila Teixeira,camila.teix97@outlook.com,Juliana Costa,Juliana Costa,locação,OLX Imóveis,AP-4742,2025-03-29T22:35:32,2025-03-29T23:12:46,,2025-04-06T23:12:46,Imóvel não atendeu expectativa,,novo
3a3acc68-c50a-4c43-bde7-5b89e46d7f76,2025-03-29T18:24:46,Thiago Carvalho,thiago.carvalho87@outlook.com,Camila Alves,Camila Alves,venda,OLX Imóveis,TE-9641,2025-03-31T09:38:30,2025-03-31T14:32:55,2025-05-05T14:32:55,,,1235021.59,usado
dda405b7-18d1-4960-bfc1-20be65eadb52,2025-03-30T01:15:25,Patricia Dias,patricia.dias50@yahoo.com.br,Carlos Eduardo Silva,Carlos Eduardo Silva,locação,Jetimob - Portal,SL-4643,2025-03-31T14:57:12,2025-03-31T20:26:21,,2025-05-03T20:26:21,Sem perfil para financiamento,,usado
09079048-1dd3-4592-8b23-e1f737d700c4,2025-03-30T04:30:08,Mariana Gomes,mariana.gomes36@outlook.com,Camila Alves,Carlos Eduardo Silva,venda,Whatsapp - Indicação Direta,CS-5835,2025-03-31T03:32:52,2025-03-31T04:31:48,,2025-04-27T04:31:48,Desistiu da compra,,usado
3e9d634a-df8a-4a4e-a583-968913af0a32,2025-03-30T08:45:36,Gustavo Nunes,gustavo.nunes85@hotmail.com,Camila Alves,Camila Alves,venda,Jetimob - Portal,CO-3962,2025-03-31T01:16:56,2025-03-31T02:14:47,2025-04-22T02:14:47,,,444413.35,usado
fccb3669-565d-483b-a87f-82e302b94855,2025-03-30T14:32:01,Rodrigo Cunha,rodrigo.cunha14@outlook.com,Carlos Eduardo Silva,Carlos Eduardo Silva,venda,Instagram - Casarão SP,CO-1307,2025-03-31T21:54:21,2025-03-31T22:24:38,2025-05-22T22:24:38,,,599788.82,usado
313ff739-3df1-43ff-a01c-8f37f4ed061b,2025-04-01T01:40:53,Amanda Castro,amanda.castro61@yahoo.com.br,Marcos Oliveira,Marcos Oliveira,locação,Zap Imóveis,TE-2579,2025-04-02T17:35:26,2025-04-02T21:13:56,2025-06-09T21:13:56,,,1480.56,usado
1c4bdc09-d3b1-45e0-aef1-827641334b2c,2025-04-01T07:10:01,Lucas Barbosa,lucas.barbosa81@hotmail.com,Marcos Oliveira,Marcos Oliveira,venda,Indicação - Cliente,CS-9460,2025-04-02T19:49:20,2025-04-03T00:58:50,,2025-05-24T00:58:50,Imóvel não atendeu expectativa,,usado
7fe74b53-e4a7-49b3-95c2-46581fb7337e,2025-04-01T13:03:16,Amanda Castro,amanda.castro26@hotmail.com,Ana Paula Ferreira,Ana Paula Ferreira,venda,Google Ads - Apartamentos SP,TE-8679,2025-04-02T05:56:28,2025-04-02T09:30:59,2025-06-24T09:30:59,,,979239.72,usado
2128ca0d-3802-4250-ac07-6d7ece12a2b9,2025-04-01T15:31:50,Camila Teixeira,camila.teix48@gmail.com,Juliana Costa,Juliana Costa,locação,OLX Imóveis,CO-9534,2025-04-02T05:45:29,2025-04-02T06:51:40,,2025-05-27T06:51:40,Não respondeu,,novo
47d4eb43-79a0-48c4-b678-1b9e2660db5a,2025-04-01T19:45:24,Natalia Rocha,natalia.rocha51@outlook.com,Juliana Costa,Juliana Costa,venda,Zap Imóveis,CS-2595,2025-04-02T00:41:40,2025-04-02T05:38:09,2025-06-19T05:38:09,,,1951782.98,novo
99463dbb-4b8d-4409-b896-3bc754410f6a,2025-04-01T22:09:06,Beatriz Lima,beatriz.lima97@outlook.com,Carlos Eduardo Silva,Carlos Eduardo Silva,locação,Google Ads - Apartamentos SP,AP-4458,2025-04-02T16:14:45,2025-04-02T19:36:23,,,,,usado
c7119385-4071-4ec3-afcd-ea3734d56969,2025-04-02T08:53:24,Leandro Santana,leandro.sant99@yahoo.com.br,Camila Alves,Camila Alves,venda,Jetimob - Portal,CS-5361,2025-04-03T03:17:28,2025-04-03T06:09:48,2025-05-03T06:09:48,,,1926522.55,novo
c80b4cb0-af9a-4158-bb6a-1665ab1b4310,2025-04-02T08:55:26,Thiago Carvalho,thiago.carvalho37@outlook.com,Paulo Henrique Santos,Paulo Henrique Santos,venda,Whatsapp - Indicação Direta,CO-5173,2025-04-02T12:44:05,2025-04-02T14:04:23,,2025-04-20T14:04:23,Comprou com outra imobiliária,,usado
8d3c5f59-85cb-47c9-af58-1bff9a48d4ed,2025-04-02T09:29:12,Natalia Rocha,natalia.rocha3@outlook.com,Marcos Oliveira,Ana Paula Ferreira,locação,LinkedIn Ads - Alto Padrão,CO-7723,2025-04-03T05:59:05,2025-04-03T11:50:32,,2025-06-02T11:50:32,Comprou com outra imobiliária,,novo
d9066ed0-d548-4fdc-865c-f9db710063a1,2025-04-02T18:06:46,Leandro Santana,leandro.sant29@outlook.com,Ana Paula Ferreira,Ana Paula Ferreira,locação,Whatsapp - Indicação Direta,CO-7893,2025-04-03T20:08:55,2025-04-03T23:15:51,,2025-04-25T23:15:51,Imóvel não atendeu expectativa,,usado
85127c52-d22f-4dc0-a0e3-a61d1d8f00fe,2025-04-02T19:49:19,Nelson Xavier,nelson.xavier97@yahoo.com.br,Paulo Henrique Santos,Paulo Henrique Santos,venda,Site Orgânico,TE-1971,2025-04-02T21:59:42,2025-04-03T00:09:15,2025-04-18T00:09:15,,,1479175.19,usado
7b2f4e54-8296-45e9-96fc-7df45bd3d856,2025-04-02T20:12:41,Felipe Ribeiro,felipe.ribeiro32@hotmail.com,Camila Alves,Camila Alves,venda,Zap Imóveis,CO-1737,2025-04-03T12:35:43,2025-04-03T14:05:17,2025-06-12T14:05:17,,,431223.4,usado
4a08ee2e-c894-4b5b-899e-4c3157ec5d15,2025-04-02T22:09:47,Nelson Xavier,nelson.xavier55@yahoo.com.br,Ana Paula Ferreira,Marcos Oliveira,venda,Indicação - Cliente,TE-3878,2025-04-03T12:54:47,2025-04-03T14:58:15,,2025-05-04T14:58:15,Não respondeu,,novo
846eb598-b21d-4f2a-b28c-83b254817ae8,2025-04-03T01:57:59,Beatriz Lima,beatriz.lima26@gmail.com,Paulo Henrique Santos,Paulo Henrique Santos,locação,Site Orgânico,CO-1854,2025-04-04T11:22:40,2025-04-04T14:14:29,,2025-04-13T14:14:29,Não respondeu,,novo
7aed37c4-44f3-46cc-b0de-bb9ffa105878,2025-04-03T02:04:48,Mariana Gomes,mariana.gomes13@outlook.com,Carlos Eduardo Silva,Roberto Mendes,venda,Meta - Novos Empreendimentos,SL-4444,2025-04-03T19:53:08,2025-04-03T22:26:01,2025-06-12T22:26:01,,,572323.78,novo
329fe6c6-6c16-473c-a52f-af76b12822fd,2025-04-03T02:15:07,Fernanda Lopes,fernanda.lop44@yahoo.com.br,Paulo Henrique Santos,Paulo Henrique Santos,locação,OLX Imóveis,CO-2176,2025-04-03T15:52:37,2025-04-03T21:27:14,,2025-05-09T21:27:14,Mudou de cidade,,usado
b17e72f3-7778-4472-940f-3de413b3654c,2025-04-03T06:34:35,Gabriel Souza,gabriel.souza31@outlook.com,Marcos Oliveira,Ana Paula Ferreira,locação,Zap Imóveis,SL-9314,2025-04-04T18:54:56,2025-04-05T00:35:34,,2025-05-12T00:35:34,Preço acima do orçamento,,novo
4cfe3c14-911f-4b31-91dc-bb3c48df2519,2025-04-03T07:45:51,Leandro Santana,leandro.sant10@hotmail.com,Roberto Mendes,Roberto Mendes,venda,OLX Imóveis,CO-6805,2025-04-03T19:25:44,2025-04-03T21:32:33,,2025-05-26T21:32:33,Imóvel não atendeu expectativa,,novo
4a99d986-fa13-4c6b-a7f9-b2e9bd2f2626,2025-04-03T21:15:38,Larissa Pereira,larissa.pereira9@gmail.com,Camila Alves,Camila Alves,locação,OLX Imóveis,TE-6356,2025-04-05T03:12:48,2025-04-05T07:53:39,,2025-05-09T07:53:39,Negociação travou,,novo
139e1da1-de6f-45a2-b403-b3cd770d76dd,2025-04-04T02:29:43,Diego Martins,diego.martins56@outlook.com,Ana Paula Ferreira,Ana Paula Ferreira,venda,Jetimob - Portal,CO-5224,2025-04-05T15:26:53,2025-04-05T20:11:01,,2025-06-02T20:11:01,Comprou com outra imobiliária,,usado
d408d493-83bf-4f28-a517-630cf64065f1,2025-04-04T10:23:58,Natalia Rocha,natalia.rocha54@gmail.com,Ana Paula Ferreira,Camila Alves,locação,Instagram - Casarão SP,AP-2704,2025-04-04T21:17:19,2025-04-04T23:42:54,,2025-05-25T23:42:54,Desistiu da compra,,novo
f9445061-4705-482d-bed2-744a210c7040,2025-04-04T16:37:09,Lucas Barbosa,lucas.barbosa11@hotmail.com,Ana Paula Ferreira,Ana Paula Ferreira,venda,LinkedIn Ads - Alto Padrão,CS-8242,2025-04-06T00:28:15,2025-04-06T03:44:27,,,,,usado
9d3c4443-e474-4d07-a489-d9e1284d1583,2025-04-04T20:50:39,Larissa Pereira,larissa.pereira59@yahoo.com.br,Fernanda Rodrigues,Fernanda Rodrigues,venda,Zap Imóveis,SL-7974,2025-04-06T09:40:31,2025-04-06T10:18:17,,2025-04-25T10:18:17,Imóvel não atendeu expectativa,,novo
277206c5-a3a5-471b-a7a2-2a85dc24f667,2025-04-05T05:55:18,Rafael Torres,rafael.torres99@hotmail.com,Ana Paula Ferreira,Ana Paula Ferreira,locação,Whatsapp - Indicação Direta,AP-1153,2025-04-06T08:00:04,2025-04-06T13:00:05,,,,,usado
3fd984a3-ce0c-4388-a778-25304aca41d8,2025-04-05T09:53:42,Gustavo Nunes,gustavo.nunes89@gmail.com,Juliana Costa,Paulo Henrique Santos,venda,Site Orgânico,TE-2228,2025-04-06T10:23:21,2025-04-06T13:58:59,,2025-05-15T13:58:59,Sem perfil para financiamento,,novo
a1eda80f-a91d-4a9c-a079-334e2b6482cf,2025-04-06T03:14:19,Felipe Ribeiro,felipe.ribeiro54@outlook.com,Fernanda Rodrigues,Fernanda Rodrigues,venda,Meta - Novos Empreendimentos,TE-4175,2025-04-07T15:58:02,2025-04-07T19:45:37,2025-05-21T19:45:37,,,1291901.25,usado
262c21c4-c776-4912-b6e5-f933b386d395,2025-04-06T04:44:52,Nelson Xavier,nelson.xavier17@yahoo.com.br,Paulo Henrique Santos,Paulo Henrique Santos,venda,Site Orgânico,CO-1890,2025-04-07T20:35:58,2025-04-08T00:40:26,,2025-04-15T00:40:26,Sem perfil para financiamento,,novo
a4794468-a65f-4934-9615-cded6dbb1186,2025-04-06T07:23:39,Natalia Rocha,natalia.rocha25@yahoo.com.br,Marcos Oliveira,Marcos Oliveira,venda,Whatsapp - Indicação Direta,SL-1459,2025-04-07T09:26:06,2025-04-07T10:17:40,,2025-05-26T10:17:40,Sem perfil para financiamento,,novo
402c699f-02ef-4f0b-bb1d-4933d9ca9f13,2025-04-06T08:55:18,Diego Martins,diego.martins78@outlook.com,Marcos Oliveira,Paulo Henrique Santos,locação,Meta - Novos Empreendimentos,CO-3302,2025-04-07T20:12:11,2025-04-08T01:50:03,,2025-06-01T01:50:03,Sem perfil para financiamento,,novo
459aee71-98c6-47df-ab7e-7add2a5c1a89,2025-04-06T17:59:52,Nelson Xavier,nelson.xavier18@yahoo.com.br,Roberto Mendes,Roberto Mendes,venda,Jetimob - Portal,CO-3612,2025-04-07T22:25:35,2025-04-08T00:17:37,,2025-04-23T00:17:37,Sem perfil para financiamento,,usado
bd36a43a-17da-4920-9687-d79436a44364,2025-04-06T20:25:55,Thiago Carvalho,thiago.carvalho86@gmail.com,Juliana Costa,Juliana Costa,venda,LinkedIn Ads - Alto Padrão,AP-6577,2025-04-08T09:00:45,2025-04-08T12:20:21,,2025-04-28T12:20:21,Negociação travou,,novo
08dff020-94ac-4740-9696-ee20551a057d,2025-04-06T23:07:41,Gabriel Souza,gabriel.souza17@gmail.com,Fernanda Rodrigues,Fernanda Rodrigues,locação,Google Ads - Apartamentos SP,SL-7235,2025-04-08T22:44:32,2025-04-09T01:30:28,2025-05-13T01:30:28,,,2098.21,novo
9e18ee37-561a-4704-869e-1438e93aa0e9,2025-04-07T08:25:21,Monica Correia,monica.corr73@outlook.com,Marcos Oliveira,Carlos Eduardo Silva,locação,LinkedIn Ads - Alto Padrão,CO-3184,2025-04-08T16:13:21,2025-04-08T18:25:36,,2025-04-28T18:25:36,Imóvel não atendeu expectativa,,usado
e53a462e-14ca-46f1-a2df-61429fb7d96f,2025-04-07T13:26:12,Beatriz Lima,beatriz.lima62@yahoo.com.br,Marcos Oliveira,Marcos Oliveira,locação,OLX Imóveis,CO-3175,2025-04-08T20:01:23,2025-04-09T00:42:44,,2025-04-19T00:42:44,Imóvel não atendeu expectativa,,usado
ef2ece19-ff60-436d-9a19-f48bbb9c38b6,2025-04-07T20:00:13,Rafael Torres,rafael.torres81@yahoo.com.br,Fernanda Rodrigues,Ana Paula Ferreira,venda,Google Ads - Apartamentos SP,CS-4268,2025-04-08T04:59:33,2025-04-08T09:26:34,2025-06-05T09:26:34,,,817850.41,usado
f6242a93-35a4-42d2-9921-9ffb734247c7,2025-04-08T01:49:35,Rodrigo Cunha,rodrigo.cunha78@outlook.com,Carlos Eduardo Silva,Fernanda Rodrigues,venda,LinkedIn Ads - Alto Padrão,CO-3182,2025-04-09T04:34:52,2025-04-09T06:09:27,,2025-05-23T06:09:27,Sem perfil para financiamento,,usado
a3a18a2f-8dc0-43b8-801b-4cc5df607305,2025-04-08T10:20:10,Nelson Xavier,nelson.xavier65@gmail.com,Fernanda Rodrigues,Fernanda Rodrigues,venda,Jetimob - Portal,TE-1731,2025-04-09T17:02:16,2025-04-09T21:15:13,,2025-05-01T21:15:13,Mudou de cidade,,usado
b07a8ff6-a7ef-4122-8c5c-eb901c87f12a,2025-04-08T11:34:30,Gabriel Souza,gabriel.souza20@yahoo.com.br,Roberto Mendes,Roberto Mendes,venda,Site Orgânico,SL-8703,2025-04-09T08:56:28,2025-04-09T12:59:16,2025-04-26T12:59:16,,,702766.04,usado
2d698b10-dda2-4ffc-9f88-8762719fac3d,2025-04-08T13:18:26,Monica Correia,monica.corr42@hotmail.com,Fernanda Rodrigues,Fernanda Rodrigues,locação,Indicação - Cliente,CO-6184,2025-04-09T01:59:43,2025-04-09T06:28:04,,,,,novo
e5153181-9e46-4a12-872a-22e82eba03d9,2025-04-09T00:59:43,Patricia Dias,patricia.dias8@gmail.com,Camila Alves,Camila Alves,venda,Meta - Novos Empreendimentos,TE-5546,2025-04-10T08:28:29,2025-04-10T13:01:50,,2025-05-24T13:01:50,Imóvel não atendeu expectativa,,usado
aa896889-2c4e-4e71-b506-57f4db70b351,2025-04-09T01:19:39,Eduardo Moreira,eduardo.mor51@hotmail.com,Juliana Costa,Juliana Costa,locação,Google Ads - Apartamentos SP,CS-6798,2025-04-10T04:23:22,2025-04-10T07:48:27,2025-06-20T07:48:27,,,2701.36,usado
d804d6ea-c7c9-415f-bf77-761af5799df4,2025-04-09T03:53:23,Natalia Rocha,natalia.rocha28@yahoo.com.br,Roberto Mendes,Roberto Mendes,venda,Zap Imóveis,AP-8230,2025-04-09T06:20:35,2025-04-09T08:56:49,,,,,novo
5ad60024-9530-4d5c-b7ab-7f2e103693cc,2025-04-09T05:32:51,Bruno Almeida,bruno.almeida52@outlook.com,Roberto Mendes,Roberto Mendes,venda,Google Ads - Apartamentos SP,CS-1947,2025-04-10T23:35:56,2025-04-11T05:26:54,,2025-06-07T05:26:54,Sem perfil para financiamento,,usado
235a7e65-a462-45c7-9173-1545ac8f97f5,2025-04-09T05:58:59,Thiago Carvalho,thiago.carvalho62@hotmail.com,Camila Alves,Marcos Oliveira,venda,Indicação - Cliente,CS-1915,2025-04-10T12:08:22,2025-04-10T13:18:59,,,,,usado
d146b3df-8f13-4787-bad0-c6f894c79e4d,2025-04-09T06:05:19,Natalia Rocha,natalia.rocha23@gmail.com,Roberto Mendes,Roberto Mendes,locação,Indicação - Cliente,AP-4229,2025-04-09T20:11:31,2025-04-10T01:03:08,,,,,usado
6511ce63-163e-4f8d-b766-2fb74559420f,2025-04-09T07:27:27,Amanda Castro,amanda.castro70@yahoo.com.br,Roberto Mendes,Roberto Mendes,locação,OLX Imóveis,AP-3270,2025-04-09T22:33:45,2025-04-10T04:12:16,,2025-05-10T04:12:16,Imóvel não atendeu expectativa,,usado
a83e1863-9574-406e-8c1c-842171c61831,2025-04-09T08:24:09,Leandro Santana,leandro.sant19@outlook.com,Juliana Costa,Juliana Costa,locação,Instagram - Casarão SP,CS-1526,2025-04-09T20:24:59,2025-04-10T00:38:54,,2025-05-06T00:38:54,Não respondeu,,usado
566d3323-1dfc-4815-8977-bb65519bb77c,2025-04-09T15:55:09,Diego Martins,diego.martins91@hotmail.com,Camila Alves,Camila Alves,venda,Instagram - Casarão SP,CO-3301,2025-04-10T15:24:24,2025-04-10T17:54:21,,2025-05-07T17:54:21,Comprou com outra imobiliária,,usado
e6a87411-79e2-4cc8-8f44-1474816fb626,2025-04-09T16:07:08,Helena Freitas,helena.freitas50@yahoo.com.br,Juliana Costa,Fernanda Rodrigues,venda,LinkedIn Ads - Alto Padrão,SL-2450,2025-04-09T17:24:25,2025-04-09T21:22:21,,,,,usado
9a93d66d-56b9-4b6c-8a9a-fb96d16743b2,2025-04-10T00:11:11,Diego Martins,diego.martins47@yahoo.com.br,Juliana Costa,Juliana Costa,venda,Google Ads - Apartamentos SP,CO-2205,2025-04-10T10:21:34,2025-04-10T13:10:08,,,,,usado
86fa1467-1817-492c-bf94-4b9c533dc5f5,2025-04-10T10:46:15,Rafael Torres,rafael.torres97@outlook.com,Carlos Eduardo Silva,Marcos Oliveira,venda,Indicação - Cliente,TE-3253,2025-04-11T00:48:49,2025-04-11T02:06:36,2025-05-09T02:06:36,,,2095044.62,usado
40e374b3-8713-4595-bc4d-603ad8f825a2,2025-04-10T23:34:37,Fernanda Lopes,fernanda.lop14@outlook.com,Paulo Henrique Santos,Paulo Henrique Santos,locação,Google Ads - Apartamentos SP,CS-7998,2025-04-12T07:04:08,2025-04-12T08:48:40,,,,,novo
c1a46ba1-de13-4b2a-a0c5-e37008e4f4f0,2025-04-11T01:27:58,Monica Correia,monica.corr79@outlook.com,Ana Paula Ferreira,Ana Paula Ferreira,venda,Google Ads - Apartamentos SP,CS-9978,2025-04-11T02:49:43,2025-04-11T04:33:47,,2025-04-26T04:33:47,Desistiu da compra,,novo
cab3b625-f977-4a9d-a91b-920ffaf34272,2025-04-11T01:34:51,Camila Teixeira,camila.teix82@gmail.com,Camila Alves,Camila Alves,locação,Instagram - Casarão SP,CO-4471,2025-04-12T04:06:06,2025-04-12T05:13:53,,,,,novo
24e46feb-c0fe-4644-af3d-b8bb2cd72e3d,2025-04-11T09:26:37,Isabela Nascimento,isabela.nasc23@gmail.com,Fernanda Rodrigues,Fernanda Rodrigues,venda,Jetimob - Portal,AP-2235,2025-04-12T20:49:19,2025-04-12T23:11:54,,,,,novo
329bad76-7cc4-4574-ac7d-f1abda9bcc5c,2025-04-11T14:50:19,Mariana Gomes,mariana.gomes15@outlook.com,Roberto Mendes,Roberto Mendes,locação,Site Orgânico,AP-5803,2025-04-12T16:52:24,2025-04-12T18:05:58,,2025-05-11T18:05:58,Preço acima do orçamento,,usado
4f7432bc-a690-43d2-b877-805fa6f8e72d,2025-04-11T17:03:14,Helena Freitas,helena.freitas17@outlook.com,Carlos Eduardo Silva,Carlos Eduardo Silva,locação,Meta - Novos Empreendimentos,SL-6778,2025-04-11T20:11:37,2025-04-11T20:57:52,2025-06-21T20:57:52,,,1840.39,usado
e1214472-2688-4183-8e10-03650ee8575e,2025-04-11T19:30:04,Julia Medeiros,julia.med53@gmail.com,Carlos Eduardo Silva,Carlos Eduardo Silva,venda,Zap Imóveis,SL-1629,2025-04-13T04:22:47,2025-04-13T04:54:44,2025-04-23T04:54:44,,,389308.06,novo
d5d4f1d2-519e-4343-b201-170e0db707e5,2025-04-11T20:12:53,Mariana Gomes,mariana.gomes69@yahoo.com.br,Paulo Henrique Santos,Ana Paula Ferreira,venda,Zap Imóveis,TE-5224,2025-04-13T01:45:00,2025-04-13T07:02:50,,2025-05-13T07:02:50,Sem perfil para financiamento,,novo
c338a24c-d93f-464f-b342-aee6de6ed4b9,2025-04-12T07:11:19,Julia Medeiros,julia.med44@gmail.com,Juliana Costa,Juliana Costa,venda,LinkedIn Ads - Alto Padrão,CS-7623,2025-04-14T03:11:39,2025-04-14T08:45:37,,,,,novo
b9e1bfab-fe0c-4016-87ff-58ab63a2ce55,2025-04-12T07:17:27,Thiago Carvalho,thiago.carvalho39@outlook.com,Juliana Costa,Juliana Costa,venda,Whatsapp - Indicação Direta,CO-4525,2025-04-12T20:33:11,2025-04-13T00:50:30,2025-06-19T00:50:30,,,986458.5,usado
35396330-88bc-4c68-a987-c9545ee681e2,2025-04-12T13:47:51,Rafael Torres,rafael.torres52@yahoo.com.br,Ana Paula Ferreira,Roberto Mendes,venda,Jetimob - Portal,SL-4281,2025-04-12T19:46:40,2025-04-13T00:53:14,,2025-05-01T00:53:14,Sem perfil para financiamento,,usado
478ede99-e55a-4e1a-90ba-af88c80c420d,2025-04-12T17:01:22,Amanda Castro,amanda.castro56@yahoo.com.br,Marcos Oliveira,Roberto Mendes,venda,Meta - Novos Empreendimentos,SL-9399,2025-04-14T11:32:02,2025-04-14T14:39:16,,2025-05-12T14:39:16,Não respondeu,,novo
453c78e0-c26b-4c61-9aac-60f17352dfb5,2025-04-12T19:37:22,Julia Medeiros,julia.med64@yahoo.com.br,Fernanda Rodrigues,Fernanda Rodrigues,venda,Jetimob - Portal,AP-5553,2025-04-13T17:13:23,2025-04-13T17:45:05,2025-04-26T17:45:05,,,964588.98,usado
95ff150e-0eb8-48ec-b464-941e394bd3f1,2025-04-13T01:58:03,Natalia Rocha,natalia.rocha53@yahoo.com.br,Paulo Henrique Santos,Paulo Henrique Santos,venda,Jetimob - Portal,TE-5646,2025-04-13T14:44:13,2025-04-13T19:50:55,,,,,novo
685f9954-b971-4b35-933a-912f68fa00cb,2025-04-13T04:34:42,Diego Martins,diego.martins76@hotmail.com,Juliana Costa,Juliana Costa,venda,LinkedIn Ads - Alto Padrão,SL-3689,2025-04-14T00:59:19,2025-04-14T04:49:15,,2025-05-21T04:49:15,Negociação travou,,usado
6808cb7f-de8c-4f66-92b5-bce000dbd877,2025-04-13T08:22:47,Eduardo Moreira,eduardo.mor13@outlook.com,Ana Paula Ferreira,Ana Paula Ferreira,venda,Site Orgânico,SL-1369,2025-04-15T04:39:23,2025-04-15T06:32:21,,2025-04-20T06:32:21,Comprou com outra imobiliária,,novo
3944972c-b603-4867-ae96-1ebdddfe1371,2025-04-13T14:15:38,Helena Freitas,helena.freitas62@yahoo.com.br,Ana Paula Ferreira,Ana Paula Ferreira,venda,Site Orgânico,CS-9108,2025-04-15T09:21:27,2025-04-15T14:34:50,,2025-05-05T14:34:50,Imóvel não atendeu expectativa,,usado
535706e6-5ff4-46f0-9cba-bfd0bcef70b8,2025-04-14T00:51:53,Felipe Ribeiro,felipe.ribeiro83@outlook.com,Carlos Eduardo Silva,Carlos Eduardo Silva,locação,Instagram - Casarão SP,AP-4752,2025-04-14T17:22:53,2025-04-14T19:00:48,2025-07-11T19:00:48,,,2102.0,usado
bd7db988-2c9f-4568-b336-1481f4e5c47b,2025-04-14T01:23:27,Bruno Almeida,bruno.almeida69@hotmail.com,Roberto Mendes,Roberto Mendes,locação,Site Orgânico,CO-9771,2025-04-15T11:59:02,2025-04-15T16:25:49,,2025-05-21T16:25:49,Desistiu da compra,,novo
13829a5a-09dd-4698-a0b2-d751a3b09b4c,2025-04-14T03:58:04,Lucas Barbosa,lucas.barbosa49@yahoo.com.br,Camila Alves,Camila Alves,venda,Zap Imóveis,CO-3979,2025-04-16T02:32:41,2025-04-16T08:15:04,,2025-06-12T08:15:04,Imóvel não atendeu expectativa,,usado
1b18b7df-d85f-4ecc-be85-c12094686ec2,2025-04-14T10:30:32,Bruno Almeida,bruno.almeida70@hotmail.com,Ana Paula Ferreira,Ana Paula Ferreira,locação,Whatsapp - Indicação Direta,CS-4693,2025-04-15T10:43:46,2025-04-15T13:33:20,2025-06-04T13:33:20,,,2609.98,novo
1f72ab90-2520-48c0-a97a-827510b4e800,2025-04-14T15:14:58,Lucas Barbosa,lucas.barbosa93@gmail.com,Roberto Mendes,Roberto Mendes,venda,Instagram - Casarão SP,SL-1176,2025-04-15T06:15:14,2025-04-15T07:19:06,,2025-05-16T07:19:06,Desistiu da compra,,usado
949c73a1-1115-4f6e-83cc-995e3a9b6949,2025-04-14T18:06:31,Amanda Castro,amanda.castro18@hotmail.com,Juliana Costa,Juliana Costa,venda,Whatsapp - Indicação Direta,CO-2218,2025-04-15T12:29:45,2025-04-15T17:57:58,,2025-04-21T17:57:58,Sem perfil para financiamento,,usado
9181389b-3bed-404e-84b4-213e038d6253,2025-04-15T01:40:06,Natalia Rocha,natalia.rocha92@yahoo.com.br,Fernanda Rodrigues,Carlos Eduardo Silva,venda,Whatsapp - Indicação Direta,AP-1895,2025-04-16T09:56:16,2025-04-16T11:49:45,,2025-05-27T11:49:45,Imóvel não atendeu expectativa,,usado
547e2859-2a93-4e84-8553-ad615661724e,2025-04-15T04:10:00,Felipe Ribeiro,felipe.ribeiro93@gmail.com,Roberto Mendes,Roberto Mendes,locação,Indicação - Cliente,CS-8906,2025-04-15T20:04:29,2025-04-16T00:23:25,,2025-06-01T00:23:25,Negociação travou,,novo
4807de6e-64e2-44f2-8fa7-07587c1035e8,2025-04-15T07:12:35,Rodrigo Cunha,rodrigo.cunha96@gmail.com,Ana Paula Ferreira,Ana Paula Ferreira,locação,Indicação - Cliente,SL-1468,2025-04-16T04:59:28,2025-04-16T06:57:06,,,,,usado
f9c4dda9-1407-4553-97be-f2c2435197d0,2025-04-15T09:15:10,Gabriel Souza,gabriel.souza59@outlook.com,Ana Paula Ferreira,Ana Paula Ferreira,venda,Instagram - Casarão SP,AP-8282,2025-04-16T02:20:39,2025-04-16T03:36:37,,,,,novo
62bfac3e-7b81-4fc6-8170-ea60aae6b866,2025-04-15T09:47:37,Gustavo Nunes,gustavo.nunes81@yahoo.com.br,Juliana Costa,Camila Alves,venda,Meta - Novos Empreendimentos,CO-5315,2025-04-16T21:28:34,2025-04-16T22:40:17,2025-06-13T22:40:17,,,1030635.77,usado
dfa21e6c-e543-4a12-b564-d83f1533b016,2025-04-15T15:56:44,Gustavo Nunes,gustavo.nunes28@hotmail.com,Ana Paula Ferreira,Ana Paula Ferreira,venda,Instagram - Casarão SP,SL-4240,2025-04-15T23:37:44,2025-04-16T04:41:33,,,,,novo
7c143396-2407-454a-a8d0-3ebb4d43d3fe,2025-04-16T03:14:37,Beatriz Lima,beatriz.lima78@gmail.com,Roberto Mendes,Roberto Mendes,venda,OLX Imóveis,CO-5227,2025-04-16T18:00:09,2025-04-16T19:45:10,,,,,usado
f5247e35-d0ff-486a-8ad8-196d540568ee,2025-04-16T04:14:17,Helena Freitas,helena.freitas13@yahoo.com.br,Paulo Henrique Santos,Camila Alves,venda,Jetimob - Portal,TE-1770,2025-04-17T22:32:00,2025-04-18T00:59:49,2025-06-24T00:59:49,,,1763110.84,usado
3792c1d1-b5ed-4bf0-84d2-dab840301f9b,2025-04-16T05:49:11,Fernanda Lopes,fernanda.lop92@yahoo.com.br,Juliana Costa,Juliana Costa,venda,Zap Imóveis,SL-7773,2025-04-16T17:49:57,2025-04-16T18:24:27,,,,,novo
a44556c4-b1ff-48e2-8948-8b067e71b500,2025-04-16T05:54:44,Monica Correia,monica.corr91@outlook.com,Camila Alves,Camila Alves,locação,Meta - Novos Empreendimentos,CS-6959,2025-04-16T11:54:11,2025-04-16T13:30:48,,,,,novo
4f5e00ec-a8cd-43fe-ad27-859fe4a4936a,2025-04-16T08:34:07,Larissa Pereira,larissa.pereira45@gmail.com,Juliana Costa,Juliana Costa,locação,Meta - Novos Empreendimentos,CO-8609,2025-04-17T05:45:52,2025-04-17T10:58:39,,,,,usado
4e6e98ab-f0a8-451d-b5c1-ac30f2c8ce56,2025-04-16T09:04:17,Eduardo Moreira,eduardo.mor16@outlook.com,Juliana Costa,Juliana Costa,venda,Site Orgânico,TE-3496,2025-04-16T14:40:11,2025-04-16T16:21:46,,2025-05-01T16:21:46,Não respondeu,,novo
57253992-101d-40e9-a1ef-06957d6d6437,2025-04-16T13:21:23,Rodrigo Cunha,rodrigo.cunha99@outlook.com,Paulo Henrique Santos,Marcos Oliveira,locação,LinkedIn Ads - Alto Padrão,CO-7765,2025-04-17T23:49:09,2025-04-18T05:08:28,,,,,usado
e96b8ab5-894a-478f-be7d-f4824b9db7e2,2025-04-16T15:38:49,Diego Martins,diego.martins97@outlook.com,Carlos Eduardo Silva,Carlos Eduardo Silva,venda,Instagram - Casarão SP,SL-9919,2025-04-16T15:45:03,2025-04-16T17:54:15,,,,,novo
ee76e0b7-9ec2-4531-b419-3d4ff03cb06c,2025-04-16T17:42:15,Eduardo Moreira,eduardo.mor22@gmail.com,Juliana Costa,Juliana Costa,locação,Google Ads - Apartamentos SP,CO-9113,2025-04-17T17:08:26,2025-04-17T21:45:36,,2025-05-13T21:45:36,Preço acima do orçamento,,novo
12d115c3-8f66-4224-acf9-f3fd7d34359f,2025-04-16T19:53:07,Larissa Pereira,larissa.pereira20@hotmail.com,Juliana Costa,Ana Paula Ferreira,venda,Meta - Novos Empreendimentos,AP-3150,2025-04-17T12:39:52,2025-04-17T16:57:55,2025-06-15T16:57:55,,,893598.47,usado
ce0b341f-3e51-4a14-b8e5-48d25c475c55,2025-04-16T20:24:56,Patricia Dias,patricia.dias69@gmail.com,Paulo Henrique Santos,Paulo Henrique Santos,venda,LinkedIn Ads - Alto Padrão,SL-5086,2025-04-18T17:48:01,2025-04-18T23:18:02,2025-04-26T23:18:02,,,1141030.0,usado
b45b5bb2-34fd-4495-bbc8-d7608fa6a46d,2025-04-17T03:04:44,Igor Pinto,igor.pinto92@outlook.com,Roberto Mendes,Camila Alves,venda,Instagram - Casarão SP,AP-8133,2025-04-17T04:23:25,2025-04-17T06:54:06,,2025-05-30T06:54:06,Imóvel não atendeu expectativa,,usado
33c8c800-0482-4be5-9d17-3fc1b5aa3ab0,2025-04-17T04:16:10,Helena Freitas,helena.freitas47@outlook.com,Paulo Henrique Santos,Paulo Henrique Santos,venda,Meta - Novos Empreendimentos,TE-4507,2025-04-17T18:36:39,2025-04-17T22:15:55,,,,,novo
3a7400c5-4c28-4707-adc1-2cd6a2a948d6,2025-04-17T06:08:54,Eduardo Moreira,eduardo.mor97@yahoo.com.br,Fernanda Rodrigues,Fernanda Rodrigues,venda,Zap Imóveis,SL-9609,2025-04-19T04:01:43,2025-04-19T07:08:04,,2025-05-30T07:08:04,Preço acima do orçamento,,usado
1cc85118-9b6f-468f-a3c9-3f239a70d4d6,2025-04-17T13:36:23,Mariana Gomes,mariana.gomes24@outlook.com,Roberto Mendes,Roberto Mendes,venda,Meta - Novos Empreendimentos,CO-4482,2025-04-19T01:37:38,2025-04-19T06:34:40,2025-06-13T06:34:40,,,479164.38,novo
092e589f-3bad-4b4a-a99e-9d668dc2a9ef,2025-04-17T14:42:47,Isabela Nascimento,isabela.nasc69@gmail.com,Juliana Costa,Juliana Costa,venda,Instagram - Casarão SP,CS-5430,2025-04-18T21:35:04,2025-04-18T23:27:15,,,,,usado
ee1f9318-c35c-49e3-a122-c5de3b4df748,2025-04-17T14:47:04,Helena Freitas,helena.freitas76@outlook.com,Paulo Henrique Santos,Paulo Henrique Santos,venda,Google Ads - Apartamentos SP,TE-1076,2025-04-17T21:09:43,2025-04-18T02:58:47,2025-06-28T02:58:47,,,1563338.68,usado
0072df37-26cd-4cdf-8153-282e02823f3f,2025-04-17T19:01:29,Thiago Carvalho,thiago.carvalho51@outlook.com,Ana Paula Ferreira,Ana Paula Ferreira,locação,Instagram - Casarão SP,CS-4372,2025-04-18T15:53:16,2025-04-18T18:50:30,,2025-05-06T18:50:30,Imóvel não atendeu expectativa,,usado
e22b7039-8498-43f7-a5d5-f1db3fedcbff,2025-04-18T06:37:50,Thiago Carvalho,thiago.carvalho87@gmail.com,Juliana Costa,Juliana Costa,venda,Site Orgânico,AP-7399,2025-04-18T09:14:28,2025-04-18T09:46:00,,,,,usado
264a4efa-aeab-4a35-a5d4-56fa64b3e0a6,2025-04-18T10:34:29,Beatriz Lima,beatriz.lima66@gmail.com,Fernanda Rodrigues,Fernanda Rodrigues,locação,OLX Imóveis,CS-1556,2025-04-19T10:04:47,2025-04-19T14:21:49,,,,,novo
ce2059df-cd87-4f4a-85fc-0c3d3ebb44bb,2025-04-18T12:57:23,Mariana Gomes,mariana.gomes73@outlook.com,Juliana Costa,Juliana Costa,locação,Site Orgânico,TE-3958,2025-04-19T00:50:50,2025-04-19T04:05:12,2025-06-03T04:05:12,,,936.11,usado
4ec92fdb-4b00-43ed-bc24-d4e4b08f6dbe,2025-04-18T14:49:38,Gabriel Souza,gabriel.souza39@gmail.com,Paulo Henrique Santos,Paulo Henrique Santos,venda,Zap Imóveis,SL-7152,2025-04-18T20:43:17,2025-04-18T22:20:08,,,,,usado
291bfd27-f148-4711-8498-d3789e33f10b,2025-04-18T15:47:35,Nelson Xavier,nelson.xavier46@yahoo.com.br,Fernanda Rodrigues,Fernanda Rodrigues,venda,OLX Imóveis,TE-6463,2025-04-20T12:02:16,2025-04-20T14:38:43,,2025-05-25T14:38:43,Negociação travou,,novo
f1d68aaa-6263-42bc-8c22-e69f8a8bc7ea,2025-04-18T17:15:29,Monica Correia,monica.corr24@gmail.com,Fernanda Rodrigues,Fernanda Rodrigues,locação,Indicação - Cliente,AP-4563,2025-04-18T21:15:04,2025-04-19T01:44:04,2025-07-18T01:44:04,,,4167.59,usado
4acee5b2-4a18-45b1-882a-c21754a2ea87,2025-04-18T23:47:25,Julia Medeiros,julia.med25@yahoo.com.br,Juliana Costa,Juliana Costa,venda,Zap Imóveis,SL-3258,2025-04-19T20:22:05,2025-04-19T22:56:12,2025-05-02T22:56:12,,,839052.16,usado
7ec0dcaa-1368-4f6a-aaf3-67e5973c9b55,2025-04-19T01:13:58,Isabela Nascimento,isabela.nasc6@hotmail.com,Carlos Eduardo Silva,Carlos Eduardo Silva,venda,Site Orgânico,SL-6098,2025-04-20T14:28:44,2025-04-20T15:47:23,,2025-05-12T15:47:23,Sem perfil para financiamento,,usado
11564126-d7d8-4ef1-8823-36e61355dac5,2025-04-19T05:28:29,Fernanda Lopes,fernanda.lop82@hotmail.com,Carlos Eduardo Silva,Carlos Eduardo Silva,venda,Whatsapp - Indicação Direta,TE-1735,2025-04-20T04:44:56,2025-04-20T05:30:48,2025-06-01T05:30:48,,,2921245.96,usado
41d714f8-6bbb-4071-859a-c7c5e592f280,2025-04-19T13:26:03,Monica Correia,monica.corr69@outlook.com,Carlos Eduardo Silva,Carlos Eduardo Silva,venda,Google Ads - Apartamentos SP,AP-1786,2025-04-20T02:10:00,2025-04-20T06:27:00,,,,,usado
1289df22-935f-4119-b367-837ca967076c,2025-04-19T16:55:52,Helena Freitas,helena.freitas7@yahoo.com.br,Paulo Henrique Santos,Paulo Henrique Santos,venda,Indicação - Cliente,CO-6212,2025-04-20T04:05:40,2025-04-20T08:29:58,2025-05-08T08:29:58,,,987070.47,usado
31073263-5300-427b-923b-8e6b9c0da483,2025-04-19T19:53:36,Amanda Castro,amanda.castro52@hotmail.com,Roberto Mendes,Roberto Mendes,venda,LinkedIn Ads - Alto Padrão,TE-8103,2025-04-21T02:57:11,2025-04-21T08:43:39,2025-04-30T08:43:39,,,933872.64,novo
cab03739-035f-43c8-aa54-4eda836198f4,2025-04-19T20:42:52,Helena Freitas,helena.freitas42@outlook.com,Paulo Henrique Santos,Paulo Henrique Santos,venda,Instagram - Casarão SP,CO-4320,2025-04-20T19:23:40,2025-04-20T21:29:46,2025-06-14T21:29:46,,,1173364.13,novo
6768156d-f464-4c9f-a060-48765a8e7506,2025-04-20T00:54:55,Igor Pinto,igor.pinto15@yahoo.com.br,Marcos Oliveira,Marcos Oliveira,venda,Site Orgânico,CS-3875,2025-04-21T12:44:50,2025-04-21T13:56:53,,,,,novo
b3cef9f2-3e60-4fb0-b16e-b5494d8edfdf,2025-04-20T21:23:46,Igor Pinto,igor.pinto53@outlook.com,Carlos Eduardo Silva,Carlos Eduardo Silva,venda,Instagram - Casarão SP,CS-8998,2025-04-22T03:30:26,2025-04-22T06:10:56,,2025-05-21T06:10:56,Comprou com outra imobiliária,,novo
3b936131-a082-4fb5-8de1-509c6918a7d0,2025-04-21T02:10:09,Mariana Gomes,mariana.gomes21@gmail.com,Juliana Costa,Juliana Costa,venda,Site Orgânico,CO-9254,2025-04-21T14:40:02,2025-04-21T19:51:21,,2025-05-09T19:51:21,Não respondeu,,usado
90e6d77c-9deb-4c2a-8bb5-f6ca8b70fb10,2025-04-21T02:21:42,Gustavo Nunes,gustavo.nunes59@yahoo.com.br,Juliana Costa,Juliana Costa,venda,Jetimob - Portal,CS-8559,2025-04-22T16:57:29,2025-04-22T22:03:59,,,,,usado
ef3d3d9f-d550-4107-87d3-8aa7ebdf6c38,2025-04-21T02:48:36,Isabela Nascimento,isabela.nasc58@hotmail.com,Juliana Costa,Juliana Costa,venda,OLX Imóveis,TE-3575,2025-04-21T15:06:07,2025-04-21T16:04:05,,,,,usado
ca4cdb21-bb3c-4c1b-bb9a-e33c78ddf320,2025-04-21T03:37:45,Monica Correia,monica.corr39@outlook.com,Marcos Oliveira,Camila Alves,locação,Google Ads - Apartamentos SP,CS-3731,2025-04-22T00:23:58,2025-04-22T06:22:35,2025-05-31T06:22:35,,,3717.34,usado
648d588a-8cd8-472e-a320-3b9bf96b2e8a,2025-04-21T07:32:24,Camila Teixeira,camila.teix84@hotmail.com,Juliana Costa,Juliana Costa,venda,Site Orgânico,CS-2410,2025-04-21T14:44:13,2025-04-21T17:33:26,2025-05-13T17:33:26,,,1843998.51,novo
071754ad-84ed-4c10-ae0a-d25a8768a58d,2025-04-22T20:08:11,Gabriel Souza,gabriel.souza36@yahoo.com.br,Ana Paula Ferreira,Roberto Mendes,venda,OLX Imóveis,SL-3051,2025-04-24T06:25:33,2025-04-24T11:40:04,,2025-05-20T11:40:04,Preço acima do orçamento,,novo
682319d0-1830-46b0-87f7-1004d90d42f9,2025-04-22T21:26:42,Thiago Carvalho,thiago.carvalho56@hotmail.com,Juliana Costa,Juliana Costa,venda,Meta - Novos Empreendimentos,CS-1544,2025-04-23T14:46:04,2025-04-23T17:30:43,,2025-04-28T17:30:43,Imóvel não atendeu expectativa,,usado
48d6fed2-b479-423f-8e6a-3c39178558cd,2025-04-22T22:19:23,Fernanda Lopes,fernanda.lop38@yahoo.com.br,Paulo Henrique Santos,Paulo Henrique Santos,venda,LinkedIn Ads - Alto Padrão,SL-3937,2025-04-23T21:58:22,2025-04-23T23:03:05,,2025-06-05T23:03:05,Não respondeu,,novo
6362add1-2009-4c9b-886f-53ba9ea0b896,2025-04-23T05:03:32,Amanda Castro,amanda.castro40@gmail.com,Paulo Henrique Santos,Ana Paula Ferreira,venda,Meta - Novos Empreendimentos,CS-2534,2025-04-23T09:12:37,2025-04-23T11:16:57,,,,,novo
75423076-a872-47db-bcd0-f582b921ef76,2025-04-23T13:12:47,Amanda Castro,amanda.castro44@yahoo.com.br,Carlos Eduardo Silva,Carlos Eduardo Silva,locação,Whatsapp - Indicação Direta,TE-7990,2025-04-24T04:34:22,2025-04-24T06:03:15,2025-05-23T06:03:15,,,3057.25,novo
82d0b0a5-83fd-48b1-bd06-fff442f9a080,2025-04-23T13:54:51,Gustavo Nunes,gustavo.nunes19@yahoo.com.br,Fernanda Rodrigues,Carlos Eduardo Silva,locação,Zap Imóveis,TE-2960,2025-04-24T19:25:03,2025-04-24T22:49:52,,2025-06-10T22:49:52,Desistiu da compra,,usado
85e79a3a-ba37-4f7a-98d5-fe2adf3c943f,2025-04-23T16:46:16,Felipe Ribeiro,felipe.ribeiro46@gmail.com,Ana Paula Ferreira,Ana Paula Ferreira,venda,Site Orgânico,AP-5528,2025-04-23T22:33:05,2025-04-24T01:01:57,,2025-05-16T01:01:57,Desistiu da compra,,usado
faf151aa-40ba-4b5a-887a-12a7a85f60ca,2025-04-23T18:42:32,Igor Pinto,igor.pinto76@outlook.com,Ana Paula Ferreira,Ana Paula Ferreira,locação,Meta - Novos Empreendimentos,SL-3781,2025-04-23T20:35:57,2025-04-24T00:43:01,,2025-05-27T00:43:01,Mudou de cidade,,novo
b25cabd3-43ff-4f37-8a41-6a437f4bd702,2025-04-23T19:56:41,Eduardo Moreira,eduardo.mor28@yahoo.com.br,Paulo Henrique Santos,Paulo Henrique Santos,locação,Indicação - Cliente,SL-6089,2025-04-25T01:20:29,2025-04-25T05:08:12,,2025-05-17T05:08:12,Imóvel não atendeu expectativa,,usado
a02e19c9-2925-42eb-a990-191a9994f028,2025-04-24T02:10:57,Mariana Gomes,mariana.gomes42@yahoo.com.br,Carlos Eduardo Silva,Carlos Eduardo Silva,venda,Zap Imóveis,CS-7646,2025-04-24T23:59:25,2025-04-25T01:56:09,,2025-06-12T01:56:09,Sem perfil para financiamento,,usado
d50d7065-9067-468e-a5f0-fafc53c82da1,2025-04-24T04:01:25,Mariana Gomes,mariana.gomes88@outlook.com,Ana Paula Ferreira,Ana Paula Ferreira,venda,LinkedIn Ads - Alto Padrão,CS-1208,2025-04-24T20:07:29,2025-04-24T21:36:04,,2025-04-29T21:36:04,Comprou com outra imobiliária,,usado
1bacdbac-2e9d-4101-b721-a5248668dee2,2025-04-24T17:05:18,Monica Correia,monica.corr78@gmail.com,Camila Alves,Juliana Costa,venda,Zap Imóveis,CS-9416,2025-04-25T13:26:12,2025-04-25T16:01:18,,2025-05-03T16:01:18,Imóvel não atendeu expectativa,,novo
84cc93fb-f3c2-4eab-9eeb-4d3b0943a535,2025-04-24T17:50:31,Beatriz Lima,beatriz.lima69@hotmail.com,Marcos Oliveira,Fernanda Rodrigues,venda,Instagram - Casarão SP,CS-9327,2025-04-25T03:57:51,2025-04-25T04:54:43,,2025-06-07T04:54:43,Não respondeu,,usado
fe739da1-d2db-4279-9395-36efb4542e95,2025-04-25T00:22:38,Julia Medeiros,julia.med26@yahoo.com.br,Camila Alves,Ana Paula Ferreira,locação,Site Orgânico,TE-3968,2025-04-26T06:36:06,2025-04-26T07:55:11,2025-06-19T07:55:11,,,1001.15,novo
347a41cb-74cb-4bc4-9a96-325962e05ec2,2025-04-25T03:44:41,Helena Freitas,helena.freitas24@hotmail.com,Carlos Eduardo Silva,Carlos Eduardo Silva,venda,Meta - Novos Empreendimentos,SL-2459,2025-04-26T07:20:22,2025-04-26T13:03:32,,2025-05-23T13:03:32,Mudou de cidade,,novo
a5702e45-63c5-4d1e-a975-f71fc61675eb,2025-04-25T04:15:47,Bruno Almeida,bruno.almeida87@outlook.com,Marcos Oliveira,Marcos Oliveira,venda,Indicação - Cliente,CO-1106,2025-04-26T02:54:01,2025-04-26T04:17:51,2025-06-23T04:17:51,,,1083903.65,novo
4883d220-ffdf-4bf0-b675-24a1ee4687d8,2025-04-25T23:20:41,Mariana Gomes,mariana.gomes95@outlook.com,Carlos Eduardo Silva,Carlos Eduardo Silva,venda,Google Ads - Apartamentos SP,CO-7723,2025-04-27T16:14:25,2025-04-27T22:10:17,2025-07-19T22:10:17,,,1126787.01,usado
6dfb4fb6-99ed-4c4a-b115-935a9eb6575e,2025-04-25T23:33:57,Igor Pinto,igor.pinto4@hotmail.com,Juliana Costa,Juliana Costa,venda,Google Ads - Apartamentos SP,SL-6966,2025-04-27T17:20:59,2025-04-27T20:41:32,,2025-06-24T20:41:32,Comprou com outra imobiliária,,usado
14db6ac0-66e5-45c3-be93-e6e01fd8a075,2025-04-26T01:40:54,Thiago Carvalho,thiago.carvalho34@yahoo.com.br,Carlos Eduardo Silva,Roberto Mendes,venda,LinkedIn Ads - Alto Padrão,TE-6291,2025-04-27T09:18:52,2025-04-27T14:46:17,,2025-05-04T14:46:17,Imóvel não atendeu expectativa,,novo
0fe55e4a-bde2-4bc6-ade3-40ba95687341,2025-04-26T04:20:19,Leandro Santana,leandro.sant34@yahoo.com.br,Ana Paula Ferreira,Ana Paula Ferreira,venda,Zap Imóveis,TE-8367,2025-04-27T20:16:42,2025-04-27T20:58:49,,,,,usado
e20eb189-4a23-44c9-8f91-bfe352c3ce36,2025-04-26T08:56:40,Helena Freitas,helena.freitas88@yahoo.com.br,Roberto Mendes,Roberto Mendes,venda,Indicação - Cliente,AP-2912,2025-04-27T19:07:49,2025-04-27T21:44:40,,2025-06-24T21:44:40,Não respondeu,,usado
b9b8a239-0763-4d06-96c3-772cc8477cd0,2025-04-26T12:41:20,Gustavo Nunes,gustavo.nunes17@gmail.com,Paulo Henrique Santos,Paulo Henrique Santos,locação,Whatsapp - Indicação Direta,TE-5542,2025-04-28T06:31:33,2025-04-28T10:42:09,,2025-05-09T10:42:09,Preço acima do orçamento,,usado
a7f63ee4-0fa2-4749-80fb-c52e4f498c34,2025-04-26T19:26:32,Camila Teixeira,camila.teix97@yahoo.com.br,Fernanda Rodrigues,Fernanda Rodrigues,venda,Zap Imóveis,SL-4925,2025-04-27T14:37:44,2025-04-27T18:29:18,,,,,usado
1a98b32a-c8e3-4657-893a-7b7641b653b1,2025-04-26T21:16:01,Gabriel Souza,gabriel.souza76@yahoo.com.br,Carlos Eduardo Silva,Paulo Henrique Santos,venda,Zap Imóveis,TE-2601,2025-04-28T06:27:33,2025-04-28T08:05:30,,2025-06-19T08:05:30,Imóvel não atendeu expectativa,,usado
b62cf286-7828-4d81-867c-3da709fcbfe4,2025-04-27T00:20:09,Igor Pinto,igor.pinto73@yahoo.com.br,Carlos Eduardo Silva,Carlos Eduardo Silva,venda,Indicação - Cliente,CS-3465,2025-04-28T16:52:09,2025-04-28T19:37:32,,,,,usado
73021f61-8fb7-41fb-b1b5-74961869e993,2025-04-27T03:11:15,Fernanda Lopes,fernanda.lop32@gmail.com,Roberto Mendes,Roberto Mendes,venda,Meta - Novos Empreendimentos,TE-4333,2025-04-27T21:10:07,2025-04-28T03:05:16,,,,,usado
90d67a16-772a-4441-8c5b-8d3dad061b5a,2025-04-27T09:24:15,Diego Martins,diego.martins17@yahoo.com.br,Juliana Costa,Juliana Costa,venda,OLX Imóveis,CS-2264,2025-04-28T08:22:20,2025-04-28T12:27:44,,2025-05-23T12:27:44,Comprou com outra imobiliária,,usado
e0aaf419-a970-4d44-a705-045372682dc5,2025-04-27T13:38:35,Gabriel Souza,gabriel.souza49@gmail.com,Juliana Costa,Juliana Costa,venda,Meta - Novos Empreendimentos,CS-9625,2025-04-28T17:56:52,2025-04-28T22:53:06,2025-06-14T22:53:06,,,1422887.69,usado
4066b49c-1c76-487a-8db2-dbbcbc4d5528,2025-04-27T14:08:37,Thiago Carvalho,thiago.carvalho55@hotmail.com,Carlos Eduardo Silva,Carlos Eduardo Silva,venda,Google Ads - Apartamentos SP,CO-7673,2025-04-28T00:51:59,2025-04-28T03:42:36,2025-06-24T03:42:36,,,710616.93,usado
04cca36b-e391-41ba-a59d-3faceb9ef5b3,2025-04-27T16:42:52,Diego Martins,diego.martins81@hotmail.com,Carlos Eduardo Silva,Carlos Eduardo Silva,venda,Meta - Novos Empreendimentos,AP-8522,2025-04-27T21:56:36,2025-04-27T23:59:49,,,,,usado
4bd9f9a1-2ad7-46f1-acad-5bc279766971,2025-04-27T23:01:01,Isabela Nascimento,isabela.nasc63@hotmail.com,Camila Alves,Camila Alves,locação,Indicação - Cliente,CO-1979,2025-04-28T02:19:18,2025-04-28T04:35:59,,2025-05-17T04:35:59,Comprou com outra imobiliária,,novo
0aad0de3-8202-49f8-aa3f-a3b4e364a808,2025-04-27T23:42:38,Gustavo Nunes,gustavo.nunes39@yahoo.com.br,Ana Paula Ferreira,Ana Paula Ferreira,locação,OLX Imóveis,CO-1308,2025-04-28T21:04:44,2025-04-28T22:48:48,,2025-06-10T22:48:48,Mudou de cidade,,usado
e8af4fe8-530d-41c7-84b3-e9708264e823,2025-04-28T05:42:33,Bruno Almeida,bruno.almeida29@yahoo.com.br,Ana Paula Ferreira,Ana Paula Ferreira,venda,Meta - Novos Empreendimentos,SL-4971,2025-04-29T22:48:18,2025-04-30T03:07:38,2025-07-05T03:07:38,,,1236860.37,usado
e508f704-00cd-41d6-9faf-0ad299364057,2025-04-28T07:49:26,Nelson Xavier,nelson.xavier9@hotmail.com,Carlos Eduardo Silva,Carlos Eduardo Silva,venda,Google Ads - Apartamentos SP,TE-8046,2025-04-30T02:58:07,2025-04-30T05:55:16,,,,,novo
d907eb86-8c98-4fbf-8bf5-7ca550506f90,2025-04-28T11:15:51,Felipe Ribeiro,felipe.ribeiro67@outlook.com,Fernanda Rodrigues,Fernanda Rodrigues,venda,LinkedIn Ads - Alto Padrão,CS-8208,2025-04-28T13:58:40,2025-04-28T15:29:06,,2025-05-09T15:29:06,Negociação travou,,novo
cfcb2c01-42d4-4a6f-9ca5-ffddcea9619c,2025-04-28T14:25:23,Julia Medeiros,julia.med51@gmail.com,Fernanda Rodrigues,Fernanda Rodrigues,locação,Zap Imóveis,CS-1473,2025-04-29T22:06:53,2025-04-30T01:06:44,,,,,novo
2e908fac-b771-4df9-b538-cd46e9e1149e,2025-04-28T15:38:52,Fernanda Lopes,fernanda.lop37@outlook.com,Marcos Oliveira,Marcos Oliveira,venda,Jetimob - Portal,AP-9158,2025-04-30T15:26:06,2025-04-30T18:30:51,2025-06-01T18:30:51,,,945550.56,novo
a40795c3-de73-4a38-9c38-6607bb4526d2,2025-04-28T19:05:19,Rodrigo Cunha,rodrigo.cunha23@hotmail.com,Paulo Henrique Santos,Paulo Henrique Santos,venda,Zap Imóveis,CO-3822,2025-04-29T13:33:04,2025-04-29T17:38:35,,,,,usado
d9487c9d-efaa-42fd-a60c-9f20b102780f,2025-04-28T21:12:37,Nelson Xavier,nelson.xavier68@gmail.com,Carlos Eduardo Silva,Carlos Eduardo Silva,venda,Whatsapp - Indicação Direta,TE-9893,2025-04-30T08:43:14,2025-04-30T12:09:33,2025-06-10T12:09:33,,,1641957.55,novo
f1511508-8c4b-46f7-9edd-9dbdc98f36ba,2025-04-28T22:52:59,Igor Pinto,igor.pinto45@yahoo.com.br,Marcos Oliveira,Marcos Oliveira,locação,Indicação - Cliente,CO-5081,2025-04-29T20:54:46,2025-04-30T02:25:21,2025-07-14T02:25:21,,,1300.87,novo
50c5ec20-0239-4df5-b69d-65f7b29b1f3e,2025-04-28T23:14:57,Diego Martins,diego.martins67@hotmail.com,Marcos Oliveira,Marcos Oliveira,venda,Meta - Novos Empreendimentos,TE-8716,2025-04-30T06:38:20,2025-04-30T07:18:59,,2025-05-13T07:18:59,Imóvel não atendeu expectativa,,usado
957d2e34-b0de-433e-a179-4f7f12ef2ec6,2025-04-29T00:02:26,Larissa Pereira,larissa.pereira64@gmail.com,Roberto Mendes,Roberto Mendes,venda,Instagram - Casarão SP,TE-3664,2025-04-29T03:14:08,2025-04-29T05:21:24,,2025-05-13T05:21:24,Sem perfil para financiamento,,novo
41fb1b5e-110b-4c11-ad5b-12af06a6594d,2025-04-29T05:05:29,Rodrigo Cunha,rodrigo.cunha81@hotmail.com,Fernanda Rodrigues,Fernanda Rodrigues,venda,Jetimob - Portal,SL-3853,2025-04-30T15:37:25,2025-04-30T17:59:33,,2025-05-12T17:59:33,Desistiu da compra,,novo
5e21c701-bc6f-4e2b-ab7f-79aabd4e829b,2025-04-29T05:17:17,Lucas Barbosa,lucas.barbosa73@hotmail.com,Paulo Henrique Santos,Juliana Costa,venda,LinkedIn Ads - Alto Padrão,AP-6716,2025-04-30T07:01:12,2025-04-30T12:01:14,2025-05-26T12:01:14,,,1112328.07,usado
9bdbf833-b0d8-43e7-bfcc-20694f78fb1a,2025-04-29T07:17:00,Thiago Carvalho,thiago.carvalho3@gmail.com,Juliana Costa,Fernanda Rodrigues,venda,Zap Imóveis,SL-8965,2025-04-30T08:46:41,2025-04-30T12:17:41,,2025-06-06T12:17:41,Comprou com outra imobiliária,,usado
7f4351da-092f-40ab-98e7-4d6ab6f34b33,2025-04-29T10:38:39,Igor Pinto,igor.pinto52@yahoo.com.br,Paulo Henrique Santos,Paulo Henrique Santos,venda,LinkedIn Ads - Alto Padrão,AP-6267,2025-04-30T05:22:05,2025-04-30T08:36:17,,,,,usado
7e4cf428-0830-4e94-9e36-56698dddfa51,2025-04-29T15:30:42,Rodrigo Cunha,rodrigo.cunha30@outlook.com,Carlos Eduardo Silva,Carlos Eduardo Silva,venda,OLX Imóveis,CO-8660,2025-05-01T06:08:50,2025-05-01T08:23:27,,2025-05-13T08:23:27,Negociação travou,,usado
414b3c3b-5270-4d07-bd5d-5fa5dd7cca92,2025-04-29T18:53:12,Lucas Barbosa,lucas.barbosa61@yahoo.com.br,Camila Alves,Camila Alves,locação,Instagram - Casarão SP,AP-2226,2025-05-01T02:59:22,2025-05-01T04:38:15,,2025-06-09T04:38:15,Não respondeu,,novo
08f67bd3-51ba-42f6-bbba-94c614e2c9fb,2025-04-29T19:28:48,Larissa Pereira,larissa.pereira38@yahoo.com.br,Marcos Oliveira,Marcos Oliveira,venda,Zap Imóveis,TE-3718,2025-05-01T04:23:33,2025-05-01T09:18:29,,,,,novo
c4de570e-357f-4f3b-b8c3-16157c19269b,2025-04-30T02:52:22,Lucas Barbosa,lucas.barbosa24@yahoo.com.br,Juliana Costa,Marcos Oliveira,locação,LinkedIn Ads - Alto Padrão,TE-3018,2025-04-30T04:00:36,2025-04-30T05:17:22,,2025-05-16T05:17:22,Comprou com outra imobiliária,,usado
620df992-2ecb-4062-8825-e71c9035b6a4,2025-04-30T03:26:43,Igor Pinto,igor.pinto16@yahoo.com.br,Marcos Oliveira,Marcos Oliveira,venda,Jetimob - Portal,AP-2955,2025-05-02T03:10:25,2025-05-02T04:02:26,,2025-06-09T04:02:26,Negociação travou,,usado
4c9ed869-2353-46fb-b28e-97ae839401e2,2025-04-30T05:41:35,Leandro Santana,leandro.sant67@outlook.com,Camila Alves,Camila Alves,locação,Google Ads - Apartamentos SP,CS-7722,2025-05-02T05:24:35,2025-05-02T07:52:27,2025-07-17T07:52:27,,,4685.03,usado
160b98ac-58b1-4ed7-8ae7-3c52fa39c7b3,2025-04-30T09:00:43,Eduardo Moreira,eduardo.mor31@gmail.com,Paulo Henrique Santos,Paulo Henrique Santos,venda,LinkedIn Ads - Alto Padrão,SL-6107,2025-05-01T10:31:54,2025-05-01T15:53:23,,,,,usado
a982dbca-0f78-4692-8e6d-6e7dec403bdf,2025-04-30T09:21:59,Lucas Barbosa,lucas.barbosa61@hotmail.com,Paulo Henrique Santos,Paulo Henrique Santos,locação,Instagram - Casarão SP,CO-6499,2025-05-02T02:21:18,2025-05-02T07:10:03,,2025-05-24T07:10:03,Comprou com outra imobiliária,,novo
138ae9ce-e25b-4a60-816d-6436af0d3281,2025-04-30T18:30:50,Felipe Ribeiro,felipe.ribeiro56@yahoo.com.br,Fernanda Rodrigues,Fernanda Rodrigues,locação,LinkedIn Ads - Alto Padrão,AP-6454,2025-05-02T12:23:04,2025-05-02T17:58:50,2025-07-17T17:58:50,,,900.72,usado
3db9d573-ca8d-41c8-91cc-6838ddcc8534,2025-04-30T20:35:21,Diego Martins,diego.martins31@hotmail.com,Juliana Costa,Juliana Costa,locação,Indicação - Cliente,TE-7131,2025-05-01T13:12:03,2025-05-01T16:17:24,,2025-06-15T16:17:24,Desistiu da compra,,novo
1849c8ca-27a5-4acd-90d5-ccad0957a865,2025-04-30T20:40:15,Diego Martins,diego.martins80@outlook.com,Fernanda Rodrigues,Fernanda Rodrigues,locação,LinkedIn Ads - Alto Padrão,SL-3870,2025-05-02T11:12:09,2025-05-02T12:34:54,,,,,novo
8e2a77d6-5574-43c3-a17b-fcabf7043621,2025-04-30T23:40:05,Fernanda Lopes,fernanda.lop83@gmail.com,Ana Paula Ferreira,Ana Paula Ferreira,venda,Whatsapp - Indicação Direta,AP-9548,2025-05-01T23:50:40,2025-05-02T00:26:49,,2025-06-06T00:26:49,Comprou com outra imobiliária,,novo
c73cb58e-82f6-4287-858b-c3934f433200,2025-05-01T06:13:58,Amanda Castro,amanda.castro45@gmail.com,Roberto Mendes,Roberto Mendes,venda,Meta - Novos Empreendimentos,CO-4164,2025-05-03T03:15:15,2025-05-03T08:51:41,,2025-05-28T08:51:41,Negociação travou,,usado
6749036a-dc34-4cab-8cee-55d76eb8c1f9,2025-05-01T09:31:02,Thiago Carvalho,thiago.carvalho99@yahoo.com.br,Paulo Henrique Santos,Paulo Henrique Santos,venda,Site Orgânico,AP-7139,2025-05-01T15:45:53,2025-05-01T21:27:12,2025-07-27T21:27:12,,,1422727.68,novo
ce8a640e-2c72-472c-8ecd-d3525809371d,2025-05-01T19:33:16,Lucas Barbosa,lucas.barbosa12@outlook.com,Ana Paula Ferreira,Roberto Mendes,venda,Indicação - Cliente,SL-2468,2025-05-03T04:09:35,2025-05-03T04:59:01,,,,,novo
b09f70b5-d330-46ba-a568-2284af720a23,2025-05-02T00:49:18,Natalia Rocha,natalia.rocha20@yahoo.com.br,Camila Alves,Camila Alves,venda,Indicação - Cliente,CO-5189,2025-05-03T23:16:32,2025-05-04T03:14:53,,2025-05-27T03:14:53,Não respondeu,,usado
20287ded-9389-47f7-9792-51349fa7d56d,2025-05-02T00:49:19,Nelson Xavier,nelson.xavier87@outlook.com,Roberto Mendes,Roberto Mendes,venda,Jetimob - Portal,AP-7476,2025-05-02T22:59:05,2025-05-03T00:16:50,,,,,novo
e14165c9-fe90-4de3-8807-15e9f3ede2f6,2025-05-02T05:57:18,Patricia Dias,patricia.dias42@yahoo.com.br,Juliana Costa,Camila Alves,locação,Meta - Novos Empreendimentos,AP-4983,2025-05-03T05:01:54,2025-05-03T09:29:55,,2025-05-06T09:29:55,Mudou de cidade,,novo
6c078c20-620e-45d8-aa4a-aa452d16f966,2025-05-02T12:14:45,Nelson Xavier,nelson.xavier20@yahoo.com.br,Roberto Mendes,Roberto Mendes,venda,Site Orgânico,AP-8180,2025-05-03T14:31:38,2025-05-03T18:39:39,,2025-06-25T18:39:39,Sem perfil para financiamento,,novo
1908dc00-03b7-43ae-bdc7-09f19802ac23,2025-05-02T17:26:02,Patricia Dias,patricia.dias21@yahoo.com.br,Ana Paula Ferreira,Ana Paula Ferreira,venda,Meta - Novos Empreendimentos,CO-4382,2025-05-03T08:22:16,2025-05-03T13:22:10,,2025-05-14T13:22:10,Sem perfil para financiamento,,novo
f3ef3c12-4467-4cb7-b035-6917e8fa903b,2025-05-03T03:56:23,Igor Pinto,igor.pinto61@outlook.com,Marcos Oliveira,Roberto Mendes,locação,LinkedIn Ads - Alto Padrão,SL-2840,2025-05-03T05:57:34,2025-05-03T10:11:19,2025-05-09T10:11:19,,,2905.69,usado
fde98a58-5382-4400-b0ca-05b73d2ec32d,2025-05-03T08:29:30,Rafael Torres,rafael.torres26@yahoo.com.br,Roberto Mendes,Carlos Eduardo Silva,venda,Site Orgânico,SL-9051,2025-05-05T05:37:52,2025-05-05T11:28:08,,2025-06-06T11:28:08,Sem perfil para financiamento,,usado
db342383-0e3c-4f03-98db-3dff04e00deb,2025-05-03T22:17:01,Helena Freitas,helena.freitas17@yahoo.com.br,Marcos Oliveira,Paulo Henrique Santos,locação,Zap Imóveis,CO-3654,2025-05-05T07:28:04,2025-05-05T08:26:31,,2025-05-17T08:26:31,Desistiu da compra,,usado
4fb73770-2a87-46d7-b3a7-9b16a903e145,2025-05-03T22:20:20,Rodrigo Cunha,rodrigo.cunha12@hotmail.com,Fernanda Rodrigues,Paulo Henrique Santos,venda,Meta - Novos Empreendimentos,SL-1723,2025-05-05T16:11:32,2025-05-05T21:17:01,,2025-07-04T21:17:01,Mudou de cidade,,usado
93d9d7ad-671c-4931-b789-b19021dda9c3,2025-05-04T05:46:22,Isabela Nascimento,isabela.nasc27@outlook.com,Juliana Costa,Juliana Costa,venda,Meta - Novos Empreendimentos,CS-6840,2025-05-06T01:35:28,2025-05-06T07:04:33,,,,,usado
4cbb5b0f-3884-47b0-8aa0-1df3bc3aeb8c,2025-05-04T10:04:32,Igor Pinto,igor.pinto76@hotmail.com,Fernanda Rodrigues,Fernanda Rodrigues,venda,LinkedIn Ads - Alto Padrão,CS-9605,2025-05-06T05:08:53,2025-05-06T05:43:35,,,,,usado
6633d4ac-3aae-4a1b-96ab-0efd107b4ad7,2025-05-04T14:47:44,Monica Correia,monica.corr71@outlook.com,Juliana Costa,Juliana Costa,venda,LinkedIn Ads - Alto Padrão,AP-6220,2025-05-04T20:20:00,2025-05-05T01:17:33,,,,,usado
25a45c4b-1bce-489a-acba-d6cba971f54f,2025-05-04T16:15:32,Camila Teixeira,camila.teix29@gmail.com,Roberto Mendes,Fernanda Rodrigues,venda,Site Orgânico,AP-7523,2025-05-05T03:22:45,2025-05-05T06:37:44,2025-06-15T06:37:44,,,1116479.14,usado
9802e64b-cf50-45f7-888f-d6d55a7e9976,2025-05-05T02:42:59,Amanda Castro,amanda.castro72@yahoo.com.br,Ana Paula Ferreira,Ana Paula Ferreira,locação,OLX Imóveis,CO-5728,2025-05-06T13:42:59,2025-05-06T16:29:40,,,,,novo
cf38778d-0b06-486b-92a9-5d813be68d41,2025-05-05T06:24:46,Thiago Carvalho,thiago.carvalho54@yahoo.com.br,Paulo Henrique Santos,Paulo Henrique Santos,venda,OLX Imóveis,CO-6956,2025-05-05T12:53:20,2025-05-05T16:18:13,2025-06-01T16:18:13,,,935371.78,novo
3dbda48a-9c89-4af0-abd9-49b1fa9294a0,2025-05-05T10:32:18,Helena Freitas,helena.freitas3@yahoo.com.br,Paulo Henrique Santos,Fernanda Rodrigues,locação,Jetimob - Portal,TE-5591,2025-05-06T10:05:26,2025-05-06T15:34:21,2025-06-08T15:34:21,,,4472.71,usado
23db03dd-ca97-4a18-867f-38467b2043b3,2025-05-05T14:52:59,Bruno Almeida,bruno.almeida2@hotmail.com,Paulo Henrique Santos,Paulo Henrique Santos,venda,Jetimob - Portal,CO-4606,2025-05-06T22:06:55,2025-05-07T00:38:41,2025-06-06T00:38:41,,,773739.49,novo
b0a12069-fb73-4fbb-b9d5-cb61c5ad5065,2025-05-06T19:26:10,Gabriel Souza,gabriel.souza8@hotmail.com,Juliana Costa,Juliana Costa,locação,Google Ads - Apartamentos SP,CO-6633,2025-05-08T02:13:07,2025-05-08T03:49:32,2025-06-04T03:49:32,,,4301.51,novo
4b2be110-ca6d-4656-9d8c-51d1e3250bf1,2025-05-06T21:44:48,Camila Teixeira,camila.teix83@gmail.com,Marcos Oliveira,Marcos Oliveira,locação,Meta - Novos Empreendimentos,AP-3773,2025-05-08T02:16:15,2025-05-08T03:13:56,,2025-07-01T03:13:56,Negociação travou,,novo
5f3db96f-b071-4611-ba18-856c092732d3,2025-05-06T22:51:07,Gabriel Souza,gabriel.souza71@yahoo.com.br,Juliana Costa,Roberto Mendes,venda,Jetimob - Portal,CS-8736,2025-05-07T14:24:37,2025-05-07T16:31:18,,,,,usado
eba3500b-758c-44c1-bbe3-3e9449b64334,2025-05-07T01:04:58,Eduardo Moreira,eduardo.mor61@outlook.com,Camila Alves,Camila Alves,venda,Indicação - Cliente,CS-9591,2025-05-07T01:39:11,2025-05-07T04:26:34,2025-05-18T04:26:34,,,1872036.23,usado
05813457-c518-42d3-95f5-11674826eacd,2025-05-07T04:57:17,Rodrigo Cunha,rodrigo.cunha69@hotmail.com,Marcos Oliveira,Marcos Oliveira,venda,LinkedIn Ads - Alto Padrão,CS-8504,2025-05-07T05:15:37,2025-05-07T09:49:19,,,,,usado
8daca9ed-b7e1-4945-a5e4-aac544fb5ec0,2025-05-07T08:33:16,Amanda Castro,amanda.castro63@outlook.com,Carlos Eduardo Silva,Roberto Mendes,locação,OLX Imóveis,AP-5999,2025-05-07T17:25:25,2025-05-07T21:59:31,2025-07-19T21:59:31,,,2627.92,usado
f96efa3d-1b44-4b6d-9934-18d7f18c283b,2025-05-07T18:59:55,Gabriel Souza,gabriel.souza10@hotmail.com,Marcos Oliveira,Marcos Oliveira,venda,Site Orgânico,CO-2080,2025-05-08T12:28:39,2025-05-08T14:48:43,,2025-07-03T14:48:43,Desistiu da compra,,novo
aed5e9cf-9017-4a37-8d0c-1cf7c4386b42,2025-05-07T20:25:50,Felipe Ribeiro,felipe.ribeiro18@hotmail.com,Camila Alves,Camila Alves,venda,Indicação - Cliente,TE-7771,2025-05-08T02:23:32,2025-05-08T05:47:38,,2025-06-20T05:47:38,Negociação travou,,usado
dfaefe69-a742-4cef-adcf-079de0a7abf2,2025-05-08T05:55:20,Rodrigo Cunha,rodrigo.cunha49@outlook.com,Camila Alves,Camila Alves,venda,Site Orgânico,SL-3689,2025-05-08T20:59:20,2025-05-08T23:37:44,,,,,usado
e711e553-e798-47f1-b827-ccdb67fa65fc,2025-05-08T08:31:04,Julia Medeiros,julia.med63@gmail.com,Roberto Mendes,Juliana Costa,venda,Instagram - Casarão SP,SL-2249,2025-05-09T01:53:07,2025-05-09T07:28:16,2025-05-17T07:28:16,,,408847.98,usado
d520be44-cc97-456a-9169-55af8c444d4f,2025-05-08T08:32:26,Amanda Castro,amanda.castro73@gmail.com,Fernanda Rodrigues,Roberto Mendes,venda,Whatsapp - Indicação Direta,CO-3978,2025-05-08T13:17:06,2025-05-08T17:32:33,2025-06-27T17:32:33,,,863383.97,usado
7ae36e49-f0bd-4140-b431-5ebf453d2d3e,2025-05-08T08:53:06,Thiago Carvalho,thiago.carvalho69@outlook.com,Carlos Eduardo Silva,Paulo Henrique Santos,locação,Site Orgânico,CS-9335,2025-05-08T11:07:37,2025-05-08T12:48:24,,2025-05-20T12:48:24,Desistiu da compra,,novo
9095de82-92c7-4bcf-b53f-12d29bec6447,2025-05-08T10:42:04,Rafael Torres,rafael.torres90@hotmail.com,Paulo Henrique Santos,Paulo Henrique Santos,locação,Instagram - Casarão SP,CS-6606,2025-05-09T13:13:23,2025-05-09T17:48:37,,2025-06-11T17:48:37,Desistiu da compra,,usado
f8ef96e5-2554-4993-9489-8026f46c4872,2025-05-09T04:31:10,Amanda Castro,amanda.castro64@yahoo.com.br,Ana Paula Ferreira,Ana Paula Ferreira,venda,Google Ads - Apartamentos SP,AP-3273,2025-05-10T21:52:47,2025-05-11T02:21:48,2025-05-25T02:21:48,,,683334.06,novo
bc430897-3c74-471f-9525-132c19a47640,2025-05-09T05:02:27,Leandro Santana,leandro.sant31@gmail.com,Roberto Mendes,Roberto Mendes,venda,Instagram - Casarão SP,AP-4559,2025-05-11T04:40:34,2025-05-11T08:13:00,,,,,usado
0dd9f517-2dfe-4625-ac6a-7a297d9d289a,2025-05-09T05:36:44,Fernanda Lopes,fernanda.lop9@yahoo.com.br,Ana Paula Ferreira,Juliana Costa,locação,Meta - Novos Empreendimentos,CS-3948,2025-05-10T20:03:24,2025-05-10T21:14:00,2025-06-08T21:14:00,,,4221.71,novo
df8df85f-07f9-4b42-be81-d7a393e8db93,2025-05-09T16:07:18,Gabriel Souza,gabriel.souza24@gmail.com,Fernanda Rodrigues,Fernanda Rodrigues,venda,Jetimob - Portal,AP-4525,2025-05-09T23:10:08,2025-05-10T01:23:54,2025-05-14T01:23:54,,,749242.01,usado
2d2695ce-4d6d-4183-96f1-9c791acb604c,2025-05-09T16:59:26,Felipe Ribeiro,felipe.ribeiro35@gmail.com,Camila Alves,Fernanda Rodrigues,venda,Google Ads - Apartamentos SP,SL-8334,2025-05-11T11:01:58,2025-05-11T14:28:51,,,,,usado
83948591-2871-4233-974c-6ef9b190957e,2025-05-09T20:27:08,Monica Correia,monica.corr45@gmail.com,Paulo Henrique Santos,Camila Alves,locação,Meta - Novos Empreendimentos,CO-5814,2025-05-11T14:13:06,2025-05-11T19:32:15,,,,,usado
53aa3336-e831-4b36-aeba-41b94bb19629,2025-05-10T09:29:08,Gustavo Nunes,gustavo.nunes61@gmail.com,Roberto Mendes,Juliana Costa,venda,Jetimob - Portal,CO-4829,2025-05-11T21:52:32,2025-05-12T02:20:57,,2025-07-02T02:20:57,Não respondeu,,usado
d5259bcf-6ff4-4738-bcf6-c5d60e36b259,2025-05-10T15:54:42,Natalia Rocha,natalia.rocha54@hotmail.com,Marcos Oliveira,Marcos Oliveira,venda,Meta - Novos Empreendimentos,SL-9229,2025-05-11T02:47:38,2025-05-11T05:30:56,,,,,usado
75233376-7ba4-40af-9b86-3bdbe1d1fbba,2025-05-10T16:07:56,Beatriz Lima,beatriz.lima36@gmail.com,Fernanda Rodrigues,Camila Alves,venda,Instagram - Casarão SP,SL-9108,2025-05-11T00:35:25,2025-05-11T05:52:56,,2025-05-26T05:52:56,Não respondeu,,novo
e687b457-e17a-4b0a-9a6d-6172301132da,2025-05-10T20:03:13,Thiago Carvalho,thiago.carvalho80@gmail.com,Juliana Costa,Juliana Costa,venda,Meta - Novos Empreendimentos,TE-7697,2025-05-12T01:21:49,2025-05-12T02:46:44,,2025-06-25T02:46:44,Não respondeu,,usado
10683756-fda7-4e3f-9854-92bde2a075d9,2025-05-10T21:55:30,Amanda Castro,amanda.castro14@yahoo.com.br,Roberto Mendes,Roberto Mendes,venda,Zap Imóveis,CO-3177,2025-05-12T20:52:20,2025-05-13T01:02:14,2025-05-18T01:02:14,,,826768.04,novo
734841ad-18fa-4aa7-badf-cbd89f61e9a6,2025-05-11T06:21:34,Julia Medeiros,julia.med1@hotmail.com,Paulo Henrique Santos,Paulo Henrique Santos,venda,Zap Imóveis,TE-6201,2025-05-13T06:00:57,2025-05-13T07:50:45,,,,,novo
1ba84a37-c02a-4591-8784-5179aa5e0e5f,2025-05-11T08:37:06,Camila Teixeira,camila.teix5@outlook.com,Camila Alves,Camila Alves,venda,Whatsapp - Indicação Direta,CO-4799,2025-05-11T09:37:45,2025-05-11T13:17:58,,2025-05-29T13:17:58,Mudou de cidade,,usado
b117558b-7128-40fc-8343-7e115ba7df32,2025-05-11T11:49:14,Gabriel Souza,gabriel.souza42@yahoo.com.br,Marcos Oliveira,Marcos Oliveira,venda,Zap Imóveis,AP-9704,2025-05-11T20:18:51,2025-05-11T23:45:23,2025-06-01T23:45:23,,,583701.13,usado
0acd4831-1f8b-4298-b9cc-6ec19207354a,2025-05-11T21:07:51,Monica Correia,monica.corr5@outlook.com,Roberto Mendes,Roberto Mendes,locação,Instagram - Casarão SP,AP-7899,2025-05-13T11:32:31,2025-05-13T15:58:15,,2025-07-01T15:58:15,Mudou de cidade,,usado
731bc1c5-98da-4322-99b2-057d67fb581b,2025-05-11T22:41:02,Isabela Nascimento,isabela.nasc55@hotmail.com,Paulo Henrique Santos,Camila Alves,locação,Site Orgânico,SL-1487,2025-05-11T23:15:37,2025-05-12T04:11:41,,,,,usado
8cf27b57-892b-40ce-bab6-5fb9d589964a,2025-05-12T00:23:46,Nelson Xavier,nelson.xavier39@gmail.com,Paulo Henrique Santos,Paulo Henrique Santos,venda,Whatsapp - Indicação Direta,CO-9225,2025-05-13T10:36:07,2025-05-13T15:44:41,,,,,novo
93eed2bf-6d30-4392-858f-97784bfc0238,2025-05-12T09:34:20,Isabela Nascimento,isabela.nasc83@yahoo.com.br,Paulo Henrique Santos,Paulo Henrique Santos,venda,Google Ads - Apartamentos SP,TE-2633,2025-05-12T14:56:34,2025-05-12T15:31:02,,,,,novo
44f3c96f-fa99-437f-b375-ca5d652100be,2025-05-12T09:51:03,Igor Pinto,igor.pinto70@gmail.com,Roberto Mendes,Roberto Mendes,locação,Meta - Novos Empreendimentos,AP-5844,2025-05-13T00:39:27,2025-05-13T03:33:23,,,,,novo
ddc8bf1b-9c9a-4be4-8a82-8b98354b7114,2025-05-12T12:32:29,Rodrigo Cunha,rodrigo.cunha53@yahoo.com.br,Camila Alves,Camila Alves,venda,OLX Imóveis,AP-3303,2025-05-14T02:19:15,2025-05-14T06:00:46,,2025-06-23T06:00:46,Sem perfil para financiamento,,usado
204b900c-cdd8-433a-aaac-4b8b7507964c,2025-05-12T14:33:26,Bruno Almeida,bruno.almeida22@outlook.com,Juliana Costa,Juliana Costa,venda,LinkedIn Ads - Alto Padrão,TE-3632,2025-05-13T07:38:49,2025-05-13T11:57:28,,2025-05-14T11:57:28,Desistiu da compra,,usado
bb4ffa90-e447-44e9-be99-1b16422c5e37,2025-05-12T19:50:44,Camila Teixeira,camila.teix11@hotmail.com,Roberto Mendes,Roberto Mendes,locação,Google Ads - Apartamentos SP,CS-5098,2025-05-13T13:52:29,2025-05-13T16:22:46,,,,,novo
8cd72599-9e27-4642-8ecf-807e470d3c5f,2025-05-13T00:45:16,Julia Medeiros,julia.med26@outlook.com,Paulo Henrique Santos,Paulo Henrique Santos,venda,LinkedIn Ads - Alto Padrão,TE-3958,2025-05-14T10:32:38,2025-05-14T15:47:20,,2025-05-28T15:47:20,Negociação travou,,usado
dad86d22-7374-4b97-97e0-c284d0291fac,2025-05-13T04:03:31,Camila Teixeira,camila.teix37@outlook.com,Camila Alves,Camila Alves,venda,Whatsapp - Indicação Direta,CS-9376,2025-05-14T16:53:05,2025-05-14T22:08:16,,,,,novo
02686b0f-6845-4a3d-9c6b-02ea63324d46,2025-05-13T06:33:25,Diego Martins,diego.martins50@outlook.com,Roberto Mendes,Roberto Mendes,venda,OLX Imóveis,CO-1570,2025-05-13T15:15:21,2025-05-13T17:56:45,,2025-05-20T17:56:45,Negociação travou,,novo
47986e10-70d5-40e8-98e1-36dd1c06b151,2025-05-13T08:57:19,Larissa Pereira,larissa.pereira6@yahoo.com.br,Camila Alves,Camila Alves,locação,LinkedIn Ads - Alto Padrão,CO-9077,2025-05-13T14:58:41,2025-05-13T15:59:34,,,,,novo
b01544f3-4a17-4717-922b-2db5d3b32d79,2025-05-13T12:30:14,Larissa Pereira,larissa.pereira46@outlook.com,Juliana Costa,Juliana Costa,locação,Jetimob - Portal,CS-2507,2025-05-14T08:23:23,2025-05-14T13:01:43,,,,,usado
e8c9aafd-834a-4920-8f86-21b30a89aeb2,2025-05-13T16:03:06,Patricia Dias,patricia.dias76@outlook.com,Carlos Eduardo Silva,Carlos Eduardo Silva,venda,Meta - Novos Empreendimentos,SL-9941,2025-05-14T03:57:06,2025-05-14T05:58:45,,,,,usado
4e05fc60-3d11-4145-85f9-40816f81c219,2025-05-13T16:26:15,Larissa Pereira,larissa.pereira4@yahoo.com.br,Camila Alves,Juliana Costa,venda,LinkedIn Ads - Alto Padrão,CO-7540,2025-05-14T20:48:32,2025-05-14T21:59:40,,,,,novo
edb61881-45cd-4c06-9943-dd0abb946e80,2025-05-13T18:58:34,Igor Pinto,igor.pinto82@gmail.com,Roberto Mendes,Roberto Mendes,venda,Meta - Novos Empreendimentos,SL-2052,2025-05-14T06:19:19,2025-05-14T09:29:26,,,,,novo
f2a909ec-c6a0-438e-8ec3-2e4486bd1645,2025-05-13T19:12:10,Natalia Rocha,natalia.rocha48@outlook.com,Ana Paula Ferreira,Ana Paula Ferreira,venda,Instagram - Casarão SP,AP-1934,2025-05-15T04:49:14,2025-05-15T08:24:17,2025-05-31T08:24:17,,,578587.52,usado
d4716a99-bd6a-420c-8cc4-1dcea64c81f4,2025-05-13T21:41:49,Diego Martins,diego.martins26@yahoo.com.br,Ana Paula Ferreira,Ana Paula Ferreira,venda,LinkedIn Ads - Alto Padrão,SL-1157,2025-05-15T17:08:45,2025-05-15T21:36:20,,2025-06-26T21:36:20,Desistiu da compra,,usado
2e75e5ea-bc63-4b56-8cc1-d06bb05c1978,2025-05-13T23:08:16,Mariana Gomes,mariana.gomes11@gmail.com,Roberto Mendes,Marcos Oliveira,venda,Site Orgânico,TE-4102,2025-05-15T11:43:17,2025-05-15T13:15:24,,,,,usado
22126672-2d15-4f7d-b2f1-239dfffec3e7,2025-05-14T03:32:19,Patricia Dias,patricia.dias34@yahoo.com.br,Ana Paula Ferreira,Marcos Oliveira,locação,Meta - Novos Empreendimentos,SL-2295,2025-05-15T14:28:45,2025-05-15T16:46:42,,2025-06-02T16:46:42,Negociação travou,,usado
6b533a11-2559-4eb6-ba63-a048ad4037b0,2025-05-14T05:20:13,Julia Medeiros,julia.med46@gmail.com,Paulo Henrique Santos,Fernanda Rodrigues,venda,Google Ads - Apartamentos SP,AP-8580,2025-05-15T02:43:55,2025-05-15T04:27:02,2025-06-22T04:27:02,,,509027.94,novo
bfc83889-d565-46ea-abbc-cb2b92ca43b4,2025-05-14T08:43:47,Gustavo Nunes,gustavo.nunes32@hotmail.com,Marcos Oliveira,Roberto Mendes,locação,Jetimob - Portal,CS-8472,2025-05-14T21:33:35,2025-05-14T23:35:09,,2025-06-30T23:35:09,Não respondeu,,novo
25f8cbba-b8bc-4d6d-9dcc-199917b5a31d,2025-05-14T14:10:16,Patricia Dias,patricia.dias73@hotmail.com,Roberto Mendes,Juliana Costa,locação,OLX Imóveis,TE-3263,2025-05-15T04:00:46,2025-05-15T06:14:20,2025-07-10T06:14:20,,,3447.79,usado
94deb0da-d751-41e1-b253-2c4de834a1cf,2025-05-14T20:02:51,Camila Teixeira,camila.teix34@hotmail.com,Roberto Mendes,Roberto Mendes,locação,Instagram - Casarão SP,CS-2382,2025-05-15T14:59:45,2025-05-15T17:34:16,,,,,usado
95e21401-34c1-4ae7-afb8-f3e1de5fdc53,2025-05-14T22:11:35,Camila Teixeira,camila.teix61@gmail.com,Marcos Oliveira,Marcos Oliveira,venda,Meta - Novos Empreendimentos,CS-8501,2025-05-16T17:18:16,2025-05-16T19:23:26,,,,,novo
101688a8-76bc-45a1-a177-23f3bfefdb57,2025-05-14T23:54:33,Bruno Almeida,bruno.almeida96@hotmail.com,Juliana Costa,Juliana Costa,venda,Whatsapp - Indicação Direta,CS-7187,2025-05-15T05:02:58,2025-05-15T08:23:24,2025-07-03T08:23:24,,,1264735.66,usado
c5e488ba-3556-43bf-b912-8d0d4891a83a,2025-05-15T02:04:31,Eduardo Moreira,eduardo.mor76@outlook.com,Juliana Costa,Juliana Costa,venda,Meta - Novos Empreendimentos,TE-4172,2025-05-16T08:42:18,2025-05-16T10:36:52,,2025-07-02T10:36:52,Negociação travou,,usado
1f3aa5dd-cd6e-4be8-a646-ed635aace809,2025-05-15T02:37:05,Larissa Pereira,larissa.pereira92@hotmail.com,Paulo Henrique Santos,Ana Paula Ferreira,venda,OLX Imóveis,CS-8802,2025-05-15T20:24:26,2025-05-15T23:48:05,,2025-06-18T23:48:05,Mudou de cidade,,novo
f2515630-588a-4380-8e97-81d548ed916e,2025-05-15T08:46:45,Gabriel Souza,gabriel.souza49@gmail.com,Paulo Henrique Santos,Paulo Henrique Santos,locação,Zap Imóveis,SL-6078,2025-05-17T06:11:22,2025-05-17T10:16:32,2025-05-30T10:16:32,,,4210.14,usado
dedf36f6-59c6-4862-92e3-f7a7a0606b1e,2025-05-15T12:01:59,Felipe Ribeiro,felipe.ribeiro21@gmail.com,Fernanda Rodrigues,Fernanda Rodrigues,locação,Jetimob - Portal,SL-9602,2025-05-15T20:29:29,2025-05-15T21:49:27,,2025-06-21T21:49:27,Imóvel não atendeu expectativa,,novo
05e4c785-73db-4820-bf25-3a5a0680bf31,2025-05-15T13:08:11,Patricia Dias,patricia.dias23@outlook.com,Roberto Mendes,Roberto Mendes,venda,OLX Imóveis,SL-2625,2025-05-17T05:20:23,2025-05-17T06:19:58,2025-07-11T06:19:58,,,1331714.03,usado
ece155f8-d8a4-4630-a6c1-389bc0c5ec81,2025-05-15T14:27:23,Mariana Gomes,mariana.gomes25@hotmail.com,Camila Alves,Roberto Mendes,venda,Google Ads - Apartamentos SP,SL-3669,2025-05-16T09:26:18,2025-05-16T13:16:53,2025-05-28T13:16:53,,,1347228.85,usado
ad36150a-76de-4749-8d36-9b656c4b2ddc,2025-05-15T14:40:12,Leandro Santana,leandro.sant36@hotmail.com,Marcos Oliveira,Ana Paula Ferreira,locação,LinkedIn Ads - Alto Padrão,CO-8729,2025-05-16T18:21:44,2025-05-16T23:57:46,,,,,usado
0697c6e5-f99f-48c8-b0c2-a986bcca2987,2025-05-15T22:35:10,Mariana Gomes,mariana.gomes51@hotmail.com,Carlos Eduardo Silva,Carlos Eduardo Silva,locação,Instagram - Casarão SP,SL-8454,2025-05-17T04:33:59,2025-05-17T06:31:28,,,,,usado
bb3f92a3-1582-47cf-ad03-673a9b713f73,2025-05-16T00:19:18,Rodrigo Cunha,rodrigo.cunha20@yahoo.com.br,Roberto Mendes,Paulo Henrique Santos,venda,Google Ads - Apartamentos SP,CS-6189,2025-05-16T07:34:37,2025-05-16T10:05:18,,2025-07-08T10:05:18,Comprou com outra imobiliária,,novo
4ae7fce6-5cef-4cbc-a336-4d94fd83dd07,2025-05-16T01:34:13,Camila Teixeira,camila.teix55@yahoo.com.br,Carlos Eduardo Silva,Carlos Eduardo Silva,venda,Google Ads - Apartamentos SP,SL-5551,2025-05-17T08:31:55,2025-05-17T09:15:51,,2025-07-07T09:15:51,Preço acima do orçamento,,usado
0db2b9de-df40-4163-bbb4-eb06b2bf9aba,2025-05-16T04:11:45,Felipe Ribeiro,felipe.ribeiro59@gmail.com,Camila Alves,Camila Alves,venda,Indicação - Cliente,AP-8347,2025-05-17T23:12:23,2025-05-18T02:19:41,,2025-05-23T02:19:41,Imóvel não atendeu expectativa,,usado
6dbf6c2d-3859-4187-913d-168a02636e42,2025-05-16T08:57:48,Monica Correia,monica.corr17@hotmail.com,Carlos Eduardo Silva,Carlos Eduardo Silva,locação,Instagram - Casarão SP,AP-5094,2025-05-17T01:13:52,2025-05-17T03:54:05,,2025-06-10T03:54:05,Sem perfil para financiamento,,usado
b84be36f-3cef-44fc-9b51-1b6cfd7afdda,2025-05-16T12:34:24,Rafael Torres,rafael.torres89@outlook.com,Paulo Henrique Santos,Paulo Henrique Santos,locação,OLX Imóveis,TE-5198,2025-05-16T15:29:15,2025-05-16T17:49:05,2025-07-03T17:49:05,,,3979.14,novo
6c1743b3-1e74-4baa-a4c6-c5ca93e33804,2025-05-16T15:06:13,Rafael Torres,rafael.torres41@hotmail.com,Carlos Eduardo Silva,Paulo Henrique Santos,venda,Zap Imóveis,CO-8756,2025-05-18T08:46:54,2025-05-18T14:31:16,,2025-06-05T14:31:16,Sem perfil para financiamento,,novo
390c7f14-12a0-4d53-b5a1-258ab9d7f65f,2025-05-16T17:00:53,Felipe Ribeiro,felipe.ribeiro22@hotmail.com,Carlos Eduardo Silva,Carlos Eduardo Silva,venda,Meta - Novos Empreendimentos,TE-7403,2025-05-18T05:41:26,2025-05-18T09:54:58,2025-07-05T09:54:58,,,2602254.58,novo
d76f0cdf-2277-4a4e-90fd-bfd6441221a5,2025-05-16T19:32:59,Larissa Pereira,larissa.pereira79@outlook.com,Juliana Costa,Juliana Costa,venda,Indicação - Cliente,CS-7491,2025-05-18T00:52:28,2025-05-18T02:14:19,,,,,usado
1c051606-860d-40aa-a8d0-947607ac441f,2025-05-16T19:58:30,Felipe Ribeiro,felipe.ribeiro56@gmail.com,Roberto Mendes,Roberto Mendes,venda,Zap Imóveis,SL-2827,2025-05-18T04:47:19,2025-05-18T09:31:35,2025-07-06T09:31:35,,,268336.26,novo
d3e29089-5729-4ae8-aa1d-c234a19889c9,2025-05-16T23:58:34,Igor Pinto,igor.pinto93@yahoo.com.br,Marcos Oliveira,Marcos Oliveira,venda,Instagram - Casarão SP,SL-3375,2025-05-17T17:01:46,2025-05-17T21:37:41,,2025-06-14T21:37:41,Mudou de cidade,,novo
141897f8-da55-4522-b962-a7d2dfaf0ca8,2025-05-17T02:10:02,Natalia Rocha,natalia.rocha57@hotmail.com,Ana Paula Ferreira,Ana Paula Ferreira,venda,OLX Imóveis,CO-4510,2025-05-17T07:40:21,2025-05-17T13:35:16,2025-06-03T13:35:16,,,947041.89,usado
3622a8fc-d2f2-4b84-8051-3445ea16baee,2025-05-17T04:31:11,Leandro Santana,leandro.sant77@yahoo.com.br,Fernanda Rodrigues,Fernanda Rodrigues,venda,OLX Imóveis,SL-3658,2025-05-18T18:25:19,2025-05-18T19:09:14,2025-05-21T19:09:14,,,1425888.86,novo
1eadbcb5-0f90-49b3-80ae-1e3254fe387f,2025-05-17T07:10:07,Gustavo Nunes,gustavo.nunes34@hotmail.com,Carlos Eduardo Silva,Carlos Eduardo Silva,locação,Indicação - Cliente,CS-7206,2025-05-17T09:48:02,2025-05-17T14:17:26,,,,,usado
3c2a3a00-ab82-4c3c-b483-5b0a3554567e,2025-05-18T00:20:41,Eduardo Moreira,eduardo.mor39@hotmail.com,Juliana Costa,Camila Alves,venda,OLX Imóveis,TE-6851,2025-05-18T05:04:07,2025-05-18T06:11:12,,,,,usado
c2eec740-5be8-4c2c-9353-128125ff93ab,2025-05-19T01:29:35,Amanda Castro,amanda.castro8@yahoo.com.br,Fernanda Rodrigues,Fernanda Rodrigues,locação,Jetimob - Portal,AP-3933,2025-05-19T20:21:38,2025-05-20T02:16:29,,2025-07-14T02:16:29,Comprou com outra imobiliária,,usado
a9970d95-3aed-4fa4-b9e9-c425ea6233db,2025-05-19T04:48:53,Diego Martins,diego.martins77@hotmail.com,Ana Paula Ferreira,Fernanda Rodrigues,venda,Whatsapp - Indicação Direta,CO-4865,2025-05-19T11:49:32,2025-05-19T13:17:20,,,,,usado
dd2189f8-c510-4a12-8213-04239e397d01,2025-05-19T11:45:55,Julia Medeiros,julia.med42@yahoo.com.br,Juliana Costa,Juliana Costa,venda,Indicação - Cliente,CO-7882,2025-05-20T17:10:31,2025-05-20T18:18:18,,,,,usado
501cb519-ef5c-4f82-8ae8-47683ea66afb,2025-05-19T16:51:32,Eduardo Moreira,eduardo.mor58@outlook.com,Roberto Mendes,Roberto Mendes,venda,OLX Imóveis,AP-7350,2025-05-20T22:01:41,2025-05-21T03:47:50,,2025-06-22T03:47:50,Não respondeu,,novo
9f4bfe30-775d-4a94-914d-bb1b249d6d79,2025-05-19T17:24:54,Monica Correia,monica.corr17@yahoo.com.br,Ana Paula Ferreira,Carlos Eduardo Silva,venda,Zap Imóveis,TE-1223,2025-05-19T20:00:27,2025-05-20T01:04:18,,2025-06-28T01:04:18,Preço acima do orçamento,,usado
9ac236ec-1a9b-4a55-bb0d-e2b125d0c4aa,2025-05-19T22:53:53,Bruno Almeida,bruno.almeida37@yahoo.com.br,Fernanda Rodrigues,Fernanda Rodrigues,locação,Whatsapp - Indicação Direta,AP-2840,2025-05-20T23:35:41,2025-05-21T04:46:40,,2025-06-20T04:46:40,Desistiu da compra,,usado
1f52dbd2-d0ce-4d5f-b4a9-c50297beb843,2025-05-20T02:07:14,Diego Martins,diego.martins24@hotmail.com,Juliana Costa,Juliana Costa,locação,Google Ads - Apartamentos SP,CO-2136,2025-05-20T16:00:23,2025-05-20T17:23:33,,2025-06-10T17:23:33,Preço acima do orçamento,,usado
dc8290be-615c-4275-b4f6-c652ea764614,2025-05-20T04:42:15,Gustavo Nunes,gustavo.nunes21@gmail.com,Juliana Costa,Juliana Costa,venda,Whatsapp - Indicação Direta,SL-6191,2025-05-22T03:59:34,2025-05-22T08:53:30,,2025-06-08T08:53:30,Não respondeu,,usado
5513db60-842b-462f-b097-c6589c816df8,2025-05-20T15:54:58,Monica Correia,monica.corr61@hotmail.com,Camila Alves,Camila Alves,locação,Whatsapp - Indicação Direta,CO-7018,2025-05-21T10:29:48,2025-05-21T15:23:46,,2025-07-13T15:23:46,Mudou de cidade,,usado
edd9fc43-a115-4916-88a8-d5a2f1353f3b,2025-05-20T16:33:04,Lucas Barbosa,lucas.barbosa63@hotmail.com,Fernanda Rodrigues,Fernanda Rodrigues,venda,Google Ads - Apartamentos SP,SL-7513,2025-05-21T13:08:06,2025-05-21T15:45:31,2025-07-07T15:45:31,,,1395956.42,novo
fc9f6735-b1d2-4a0a-8a11-d1a933f7d879,2025-05-21T08:16:43,Thiago Carvalho,thiago.carvalho22@yahoo.com.br,Paulo Henrique Santos,Paulo Henrique Santos,venda,Site Orgânico,CO-6045,2025-05-21T13:36:46,2025-05-21T17:15:43,,,,,usado
56d184f3-761d-45a5-895f-720f5a7f1b8b,2025-05-21T09:40:19,Felipe Ribeiro,felipe.ribeiro13@outlook.com,Fernanda Rodrigues,Fernanda Rodrigues,venda,Instagram - Casarão SP,CO-8191,2025-05-21T23:35:24,2025-05-22T05:08:14,,,,,novo
4d2c4ed7-62d4-4173-bb97-ee7bd9079a30,2025-05-21T10:23:24,Amanda Castro,amanda.castro18@yahoo.com.br,Camila Alves,Camila Alves,venda,Zap Imóveis,TE-9818,2025-05-21T15:13:57,2025-05-21T20:14:28,2025-06-17T20:14:28,,,2646648.87,usado
4946d3e1-4813-49dc-9920-6374864c5b37,2025-05-21T11:03:10,Rafael Torres,rafael.torres98@yahoo.com.br,Fernanda Rodrigues,Carlos Eduardo Silva,venda,LinkedIn Ads - Alto Padrão,AP-7304,2025-05-22T22:24:55,2025-05-23T02:41:39,,,,,novo
f5025815-64d1-4291-b326-764249bc5728,2025-05-21T19:37:24,Monica Correia,monica.corr8@hotmail.com,Camila Alves,Camila Alves,venda,Zap Imóveis,CS-1598,2025-05-23T00:24:09,2025-05-23T05:41:43,,2025-06-06T05:41:43,Negociação travou,,novo
553af809-6d94-4e5c-a81c-c0e87e1cc217,2025-05-21T23:57:57,Eduardo Moreira,eduardo.mor97@hotmail.com,Roberto Mendes,Ana Paula Ferreira,venda,Zap Imóveis,CO-9039,2025-05-22T12:23:32,2025-05-22T15:34:05,,2025-05-23T15:34:05,Imóvel não atendeu expectativa,,usado
63155c06-386b-43fb-845a-45a2e2252d76,2025-05-22T00:20:59,Felipe Ribeiro,felipe.ribeiro90@hotmail.com,Fernanda Rodrigues,Fernanda Rodrigues,venda,Whatsapp - Indicação Direta,TE-7615,2025-05-23T17:15:43,2025-05-23T18:38:15,2025-06-08T18:38:15,,,879247.08,novo
528404a3-04b3-4e48-960b-b16cca69ee9e,2025-05-22T04:38:54,Igor Pinto,igor.pinto38@gmail.com,Camila Alves,Camila Alves,locação,LinkedIn Ads - Alto Padrão,SL-3434,2025-05-23T23:59:50,2025-05-24T05:07:33,,2025-06-12T05:07:33,Preço acima do orçamento,,usado
dfadaf55-1fc2-4a95-a862-2191f67fe646,2025-05-22T16:45:19,Fernanda Lopes,fernanda.lop50@hotmail.com,Ana Paula Ferreira,Ana Paula Ferreira,venda,Whatsapp - Indicação Direta,CS-2429,2025-05-23T02:35:32,2025-05-23T07:46:14,,2025-06-23T07:46:14,Comprou com outra imobiliária,,novo
ca76b0a0-379d-4720-8410-820ed67b0356,2025-05-22T16:47:46,Beatriz Lima,beatriz.lima5@outlook.com,Fernanda Rodrigues,Fernanda Rodrigues,locação,Instagram - Casarão SP,TE-4547,2025-05-24T03:39:40,2025-05-24T07:34:46,,,,,usado
ef224eeb-120f-4a0e-861c-2e9cd1ed7168,2025-05-22T21:41:47,Larissa Pereira,larissa.pereira84@gmail.com,Fernanda Rodrigues,Fernanda Rodrigues,locação,Zap Imóveis,AP-9999,2025-05-23T17:21:21,2025-05-23T21:13:08,,2025-05-27T21:13:08,Preço acima do orçamento,,novo
a4a8844d-c396-42aa-b11e-7cbdfa90e267,2025-05-23T01:28:39,Gustavo Nunes,gustavo.nunes2@gmail.com,Juliana Costa,Ana Paula Ferreira,venda,LinkedIn Ads - Alto Padrão,CS-5630,2025-05-24T06:25:59,2025-05-24T11:49:50,,,,,novo
5d85988b-431b-45ce-9497-66b62b6e4606,2025-05-23T01:57:59,Felipe Ribeiro,felipe.ribeiro57@gmail.com,Camila Alves,Camila Alves,venda,OLX Imóveis,AP-6885,2025-05-23T11:34:22,2025-05-23T13:06:55,2025-07-15T13:06:55,,,1201898.21,usado
78b9854f-11a4-4626-ae71-f98c3b4b0b81,2025-05-23T04:05:46,Larissa Pereira,larissa.pereira57@gmail.com,Camila Alves,Carlos Eduardo Silva,venda,OLX Imóveis,AP-6953,2025-05-24T04:41:59,2025-05-24T08:46:22,,2025-06-01T08:46:22,Não respondeu,,novo
c026f1c7-ed22-442c-a70c-581eabf321ac,2025-05-23T04:32:55,Patricia Dias,patricia.dias6@yahoo.com.br,Carlos Eduardo Silva,Marcos Oliveira,locação,Indicação - Cliente,AP-1985,2025-05-23T17:44:23,2025-05-23T19:37:10,,2025-06-15T19:37:10,Desistiu da compra,,usado
d56711fe-4f0a-4c28-b015-058a222f4ddb,2025-05-23T09:01:35,Isabela Nascimento,isabela.nasc48@hotmail.com,Roberto Mendes,Roberto Mendes,venda,Whatsapp - Indicação Direta,CS-3491,2025-05-24T05:26:12,2025-05-24T07:02:55,2025-07-17T07:02:55,,,2236558.5,usado
cfbac0c1-7590-4a7a-b446-fca68013b1a9,2025-05-23T10:28:07,Natalia Rocha,natalia.rocha42@gmail.com,Fernanda Rodrigues,Juliana Costa,venda,Indicação - Cliente,CO-5441,2025-05-24T23:33:50,2025-05-25T00:12:50,,,,,novo
89cfb146-3839-4259-ac04-29e3e8833d7c,2025-05-23T23:18:50,Camila Teixeira,camila.teix84@outlook.com,Juliana Costa,Juliana Costa,locação,Site Orgânico,TE-2334,2025-05-25T08:54:29,2025-05-25T11:28:28,,,,,usado
2251cb85-1bfb-4ea1-82d9-69f4f5b61889,2025-05-24T01:37:17,Helena Freitas,helena.freitas39@outlook.com,Camila Alves,Juliana Costa,venda,Indicação - Cliente,AP-3094,2025-05-25T11:48:25,2025-05-25T17:12:39,,,,,novo
da71ee01-b28f-401d-9ab1-287fed6366bb,2025-05-24T11:54:35,Diego Martins,diego.martins66@gmail.com,Ana Paula Ferreira,Ana Paula Ferreira,venda,LinkedIn Ads - Alto Padrão,TE-5151,2025-05-24T15:55:35,2025-05-24T19:11:43,2025-08-19T19:11:43,,,2371871.82,novo
3e2a8671-c240-4fa2-a00b-f38351d47778,2025-05-24T16:21:58,Mariana Gomes,mariana.gomes89@gmail.com,Camila Alves,Camila Alves,venda,OLX Imóveis,SL-4373,2025-05-25T17:35:04,2025-05-25T20:35:07,,2025-05-26T20:35:07,Comprou com outra imobiliária,,novo
d9362064-bbf9-46bd-b83c-c567a6ed63a9,2025-05-25T07:09:56,Beatriz Lima,beatriz.lima49@outlook.com,Paulo Henrique Santos,Paulo Henrique Santos,locação,Jetimob - Portal,TE-1173,2025-05-26T21:21:14,2025-05-27T02:41:36,,2025-06-18T02:41:36,Preço acima do orçamento,,usado
6ca6da31-1047-4812-ae19-55c9863bafa7,2025-05-25T11:12:57,Felipe Ribeiro,felipe.ribeiro37@yahoo.com.br,Juliana Costa,Juliana Costa,locação,OLX Imóveis,SL-9955,2025-05-25T22:02:54,2025-05-26T03:54:42,,2025-06-10T03:54:42,Negociação travou,,usado
cea1ce89-45f8-40bd-8654-3782ace39bce,2025-05-25T17:08:31,Natalia Rocha,natalia.rocha40@outlook.com,Roberto Mendes,Roberto Mendes,venda,LinkedIn Ads - Alto Padrão,SL-3530,2025-05-25T23:23:58,2025-05-26T03:14:26,,,,,usado
d449c6bc-beb9-454e-8783-bbc5d1e81fd5,2025-05-25T21:28:58,Eduardo Moreira,eduardo.mor69@yahoo.com.br,Ana Paula Ferreira,Carlos Eduardo Silva,venda,Site Orgânico,TE-8225,2025-05-27T13:37:39,2025-05-27T15:44:22,2025-06-30T15:44:22,,,1323512.47,novo
9805e61d-28c3-4540-a1e7-c3c01d292fb3,2025-05-25T21:34:43,Camila Teixeira,camila.teix8@outlook.com,Ana Paula Ferreira,Carlos Eduardo Silva,locação,Site Orgânico,CS-9115,2025-05-27T04:19:07,2025-05-27T05:40:11,,2025-07-13T05:40:11,Preço acima do orçamento,,novo
3a5642e4-6112-48e2-92ba-f7aa6a4eaa84,2025-05-25T21:53:03,Patricia Dias,patricia.dias81@outlook.com,Camila Alves,Ana Paula Ferreira,venda,Whatsapp - Indicação Direta,AP-5252,2025-05-26T04:59:02,2025-05-26T08:01:11,,2025-06-18T08:01:11,Comprou com outra imobiliária,,novo
95371d46-c3a6-49f7-a6ed-2d7d79416982,2025-05-26T03:20:27,Nelson Xavier,nelson.xavier26@hotmail.com,Roberto Mendes,Marcos Oliveira,venda,Google Ads - Apartamentos SP,SL-5979,2025-05-27T01:38:24,2025-05-27T02:17:16,2025-07-02T02:17:16,,,1243017.94,usado
0a4f13c4-6a8f-4b78-89ff-a1a961da7f8e,2025-05-26T04:26:12,Thiago Carvalho,thiago.carvalho60@outlook.com,Paulo Henrique Santos,Paulo Henrique Santos,venda,OLX Imóveis,CS-8704,2025-05-27T02:12:10,2025-05-27T07:40:42,,,,,novo
c9ceb7f3-7d3a-499e-aff1-85acc6f13ffe,2025-05-26T05:31:43,Julia Medeiros,julia.med85@yahoo.com.br,Camila Alves,Camila Alves,locação,Site Orgânico,AP-7412,2025-05-28T04:07:59,2025-05-28T08:01:35,,2025-06-16T08:01:35,Imóvel não atendeu expectativa,,novo
7d3b35fa-59e7-4d0b-bdc4-69975b70675e,2025-05-26T09:06:22,Isabela Nascimento,isabela.nasc3@gmail.com,Juliana Costa,Camila Alves,venda,Indicação - Cliente,AP-7570,2025-05-26T21:40:03,2025-05-26T22:39:27,,2025-07-02T22:39:27,Não respondeu,,usado
9e2d3597-c9dd-4d07-b28b-84aac263ddba,2025-05-26T12:22:34,Lucas Barbosa,lucas.barbosa96@gmail.com,Roberto Mendes,Fernanda Rodrigues,venda,Jetimob - Portal,SL-4175,2025-05-27T23:15:59,2025-05-28T04:12:19,,2025-06-14T04:12:19,Preço acima do orçamento,,usado
dc4a579d-73e9-4d5a-a20e-665719c3afc0,2025-05-26T15:59:25,Eduardo Moreira,eduardo.mor52@gmail.com,Paulo Henrique Santos,Paulo Henrique Santos,venda,Whatsapp - Indicação Direta,CS-1395,2025-05-26T20:49:22,2025-05-27T02:23:12,,,,,usado
81b1ad15-4b92-4040-8a21-ec026066b758,2025-05-26T17:28:55,Mariana Gomes,mariana.gomes91@yahoo.com.br,Roberto Mendes,Roberto Mendes,locação,LinkedIn Ads - Alto Padrão,AP-1635,2025-05-28T15:28:17,2025-05-28T21:08:43,,,,,usado
6d676adc-f491-4467-abf2-eb2fe18a6531,2025-05-26T21:18:16,Larissa Pereira,larissa.pereira98@gmail.com,Juliana Costa,Juliana Costa,locação,Whatsapp - Indicação Direta,CO-7451,2025-05-27T14:02:25,2025-05-27T18:52:30,,,,,usado
d4ed04f5-3081-4779-9917-3e4f76841469,2025-05-27T19:31:10,Eduardo Moreira,eduardo.mor6@outlook.com,Roberto Mendes,Ana Paula Ferreira,venda,OLX Imóveis,AP-3288,2025-05-29T13:41:20,2025-05-29T15:20:55,,2025-07-20T15:20:55,Imóvel não atendeu expectativa,,usado
d0f2acd6-6032-42b0-8ca0-f0459a2ea223,2025-05-27T21:32:48,Isabela Nascimento,isabela.nasc66@yahoo.com.br,Paulo Henrique Santos,Marcos Oliveira,venda,LinkedIn Ads - Alto Padrão,TE-7669,2025-05-28T17:09:56,2025-05-28T18:57:04,,,,,novo
50617c02-99d4-4a53-af61-25aa163ed84d,2025-05-28T00:57:19,Thiago Carvalho,thiago.carvalho36@yahoo.com.br,Juliana Costa,Juliana Costa,venda,Meta - Novos Empreendimentos,CO-5044,2025-05-29T19:10:15,2025-05-29T22:12:07,,2025-07-16T22:12:07,Não respondeu,,usado
75ddfdeb-d817-4c0b-ac52-9766e1a6062b,2025-05-28T04:19:26,Igor Pinto,igor.pinto1@yahoo.com.br,Marcos Oliveira,Marcos Oliveira,venda,Indicação - Cliente,SL-9311,2025-05-30T01:59:51,2025-05-30T04:08:44,,,,,usado
23f122a7-6f84-4b1c-96cc-5de0fc1b8614,2025-05-28T10:14:37,Helena Freitas,helena.freitas93@gmail.com,Carlos Eduardo Silva,Carlos Eduardo Silva,locação,LinkedIn Ads - Alto Padrão,CO-8368,2025-05-29T00:12:02,2025-05-29T03:19:29,2025-06-24T03:19:29,,,4594.31,usado
2f9ae850-91c7-479a-b79c-844cfa7f510d,2025-05-28T12:41:48,Igor Pinto,igor.pinto33@outlook.com,Juliana Costa,Juliana Costa,venda,Zap Imóveis,AP-6465,2025-05-30T09:59:33,2025-05-30T14:45:33,,2025-07-18T14:45:33,Não respondeu,,usado
09cbcf45-6e58-4b26-90d5-175d8edcad16,2025-05-28T15:07:45,Gustavo Nunes,gustavo.nunes94@yahoo.com.br,Paulo Henrique Santos,Paulo Henrique Santos,venda,Zap Imóveis,TE-6535,2025-05-29T05:36:26,2025-05-29T11:26:48,,,,,usado
e489905d-919d-40b7-956a-6b6eae4b3f1c,2025-05-28T16:35:46,Julia Medeiros,julia.med43@gmail.com,Carlos Eduardo Silva,Carlos Eduardo Silva,locação,Zap Imóveis,TE-3118,2025-05-30T07:05:26,2025-05-30T09:08:49,,,,,novo
264cbff3-7a4e-4ee7-83b6-16d4c65323ff,2025-05-29T01:17:28,Diego Martins,diego.martins27@hotmail.com,Marcos Oliveira,Marcos Oliveira,locação,Zap Imóveis,AP-7156,2025-05-30T07:59:23,2025-05-30T09:59:35,2025-07-31T09:59:35,,,4523.73,novo
a17cc0d0-bee6-4dbb-92a0-e2f3319cbee7,2025-05-29T07:27:00,Isabela Nascimento,isabela.nasc14@outlook.com,Ana Paula Ferreira,Ana Paula Ferreira,venda,Meta - Novos Empreendimentos,CS-4343,2025-05-30T23:15:56,2025-05-31T03:30:40,2025-07-27T03:30:40,,,1596860.19,novo
f7ee8b88-f169-49a6-a449-2a71af2e475e,2025-05-29T14:31:45,Monica Correia,monica.corr18@gmail.com,Ana Paula Ferreira,Ana Paula Ferreira,venda,LinkedIn Ads - Alto Padrão,AP-9657,2025-05-30T08:31:06,2025-05-30T12:07:48,,,,,novo
9c306243-edda-44f7-9cdd-75c9f5757614,2025-05-29T16:36:07,Rafael Torres,rafael.torres55@hotmail.com,Fernanda Rodrigues,Fernanda Rodrigues,locação,Indicação - Cliente,SL-5702,2025-05-30T05:41:14,2025-05-30T08:55:59,,2025-06-16T08:55:59,Não respondeu,,novo
4e0fbc6a-74fc-45a3-87e6-2d009a0bf746,2025-05-29T23:41:07,Igor Pinto,igor.pinto63@yahoo.com.br,Roberto Mendes,Roberto Mendes,locação,Site Orgânico,AP-1625,2025-05-31T18:37:14,2025-05-31T19:57:47,,2025-07-26T19:57:47,Comprou com outra imobiliária,,novo
806ed844-da8e-4ca8-a944-831926174d4d,2025-05-30T01:58:31,Thiago Carvalho,thiago.carvalho23@yahoo.com.br,Carlos Eduardo Silva,Carlos Eduardo Silva,venda,Meta - Novos Empreendimentos,SL-8639,2025-05-30T06:11:57,2025-05-30T11:48:56,2025-06-13T11:48:56,,,1184547.55,usado
8ff5f734-bf6b-4122-9032-ce31e2c79ef6,2025-05-30T01:59:07,Gustavo Nunes,gustavo.nunes49@yahoo.com.br,Juliana Costa,Juliana Costa,locação,Google Ads - Apartamentos SP,CS-1347,2025-05-30T16:52:44,2025-05-30T21:26:15,,,,,usado
2f8357c9-0b0a-4607-8b5c-4d6be7b1901b,2025-05-30T02:34:33,Camila Teixeira,camila.teix2@gmail.com,Roberto Mendes,Roberto Mendes,locação,LinkedIn Ads - Alto Padrão,CO-9816,2025-05-31T04:28:37,2025-05-31T09:53:10,,,,,novo
05945fbd-78b3-451e-a3c7-13a1a6ffbd01,2025-05-30T11:28:52,Felipe Ribeiro,felipe.ribeiro82@outlook.com,Camila Alves,Camila Alves,locação,LinkedIn Ads - Alto Padrão,TE-6900,2025-05-31T18:05:52,2025-05-31T19:33:24,,,,,novo
b4fa8742-493c-4a09-ae4c-15577f4cfe81,2025-05-30T12:17:31,Isabela Nascimento,isabela.nasc13@gmail.com,Carlos Eduardo Silva,Carlos Eduardo Silva,locação,Instagram - Casarão SP,CS-9800,2025-06-01T08:39:45,2025-06-01T14:13:31,,,,,novo
cc3ba1a6-68d5-4805-9789-0c288157a096,2025-05-30T22:55:49,Isabela Nascimento,isabela.nasc46@yahoo.com.br,Ana Paula Ferreira,Ana Paula Ferreira,venda,Jetimob - Portal,TE-9625,2025-05-31T12:20:34,2025-05-31T12:58:01,,2025-06-29T12:58:01,Não respondeu,,novo
84a8cf1e-6fb4-4f57-afd5-31924e956090,2025-05-31T04:09:35,Diego Martins,diego.martins18@gmail.com,Fernanda Rodrigues,Fernanda Rodrigues,venda,OLX Imóveis,CS-1621,2025-06-02T03:36:40,2025-06-02T06:33:06,,,,,novo
76353291-4731-40c7-a12f-de740c2bfaec,2025-05-31T05:45:55,Bruno Almeida,bruno.almeida66@gmail.com,Fernanda Rodrigues,Ana Paula Ferreira,venda,LinkedIn Ads - Alto Padrão,TE-1669,2025-06-01T12:54:45,2025-06-01T17:17:22,,2025-07-21T17:17:22,Desistiu da compra,,novo
01a102d9-40f1-4a02-af77-a7a5141eefed,2025-05-31T11:29:15,Larissa Pereira,larissa.pereira55@yahoo.com.br,Juliana Costa,Juliana Costa,venda,Meta - Novos Empreendimentos,CO-3740,2025-05-31T23:42:33,2025-06-01T02:27:47,,2025-07-28T02:27:47,Imóvel não atendeu expectativa,,usado
1ad4427c-6741-4a33-8efa-b335d2d43449,2025-05-31T15:21:32,Monica Correia,monica.corr92@gmail.com,Ana Paula Ferreira,Ana Paula Ferreira,venda,Whatsapp - Indicação Direta,TE-8786,2025-06-02T05:34:14,2025-06-02T09:39:14,,2025-07-24T09:39:14,Sem perfil para financiamento,,usado
5ebb662a-caa0-4fae-aeb9-0d3f628ff39f,2025-05-31T17:05:01,Natalia Rocha,natalia.rocha80@outlook.com,Fernanda Rodrigues,Fernanda Rodrigues,venda,Google Ads - Apartamentos SP,CO-1560,2025-06-02T12:56:38,2025-06-02T13:41:58,,2025-07-11T13:41:58,Comprou com outra imobiliária,,usado
9d1badeb-fac3-47c5-a838-0d1e5ec6fef7,2025-05-31T17:10:05,Rodrigo Cunha,rodrigo.cunha11@gmail.com,Carlos Eduardo Silva,Paulo Henrique Santos,venda,Meta - Novos Empreendimentos,CS-2015,2025-05-31T19:53:32,2025-05-31T23:45:05,,2025-06-07T23:45:05,Preço acima do orçamento,,usado
0b7f584a-28f9-4017-aaa9-467e8ffe1c14,2025-05-31T20:34:31,Rodrigo Cunha,rodrigo.cunha81@gmail.com,Ana Paula Ferreira,Ana Paula Ferreira,locação,Site Orgânico,AP-5859,2025-06-02T06:06:43,2025-06-02T09:58:51,,2025-06-16T09:58:51,Não respondeu,,usado
d511982f-bd48-4974-8739-4018eea549e9,2025-05-31T21:40:48,Gabriel Souza,gabriel.souza18@hotmail.com,Paulo Henrique Santos,Juliana Costa,locação,Instagram - Casarão SP,CO-3481,2025-06-02T08:55:03,2025-06-02T10:58:18,2025-06-16T10:58:18,,,3506.93,usado
42d4b230-646a-402b-87b0-4daaabe03170,2025-06-01T03:37:55,Helena Freitas,helena.freitas49@yahoo.com.br,Juliana Costa,Ana Paula Ferreira,venda,Jetimob - Portal,CO-2779,2025-06-02T10:20:24,2025-06-02T12:30:56,2025-08-30T12:30:56,,,1006040.45,novo
b31642b1-02f5-49b3-b887-fcd1262b21a8,2025-06-01T05:27:37,Monica Correia,monica.corr91@gmail.com,Fernanda Rodrigues,Carlos Eduardo Silva,venda,Site Orgânico,SL-4119,2025-06-02T21:40:58,2025-06-03T01:37:35,,,,,usado
7b4cddf5-ebc1-48f7-a442-4d3e4deeb8b7,2025-06-01T07:21:51,Gustavo Nunes,gustavo.nunes98@yahoo.com.br,Marcos Oliveira,Roberto Mendes,locação,Jetimob - Portal,AP-2528,2025-06-02T13:35:17,2025-06-02T17:21:04,2025-08-13T17:21:04,,,1212.99,novo
2bcb9460-ea17-4dc1-b927-dc9504ac4456,2025-06-01T10:48:37,Camila Teixeira,camila.teix36@yahoo.com.br,Fernanda Rodrigues,Juliana Costa,locação,Site Orgânico,TE-8510,2025-06-02T04:46:01,2025-06-02T06:04:27,,,,,novo
3e292939-1753-4168-ba9e-e624bcc86ba5,2025-06-01T11:00:50,Diego Martins,diego.martins58@outlook.com,Ana Paula Ferreira,Ana Paula Ferreira,venda,Whatsapp - Indicação Direta,AP-1969,2025-06-01T19:11:08,2025-06-02T00:59:07,,2025-06-03T00:59:07,Imóvel não atendeu expectativa,,usado
3ee24884-4b1a-4a20-bee0-da3bca1537d4,2025-06-01T12:16:57,Rodrigo Cunha,rodrigo.cunha24@hotmail.com,Marcos Oliveira,Marcos Oliveira,venda,Whatsapp - Indicação Direta,TE-1515,2025-06-03T11:58:57,2025-06-03T15:08:38,,2025-07-08T15:08:38,Preço acima do orçamento,,novo
761bd4eb-86a5-45f2-b661-311a781c8710,2025-06-01T14:02:20,Helena Freitas,helena.freitas57@hotmail.com,Juliana Costa,Juliana Costa,venda,OLX Imóveis,CS-8308,2025-06-02T07:47:48,2025-06-02T13:15:31,2025-06-28T13:15:31,,,1764751.0,novo
c6a6918d-c797-4192-94ae-87e626ee1870,2025-06-01T15:36:36,Leandro Santana,leandro.sant90@outlook.com,Carlos Eduardo Silva,Carlos Eduardo Silva,locação,Jetimob - Portal,CS-8827,2025-06-02T21:55:57,2025-06-03T02:09:10,,2025-07-15T02:09:10,Comprou com outra imobiliária,,novo
5eb7c526-2019-4717-b98f-3b26fd0d9c25,2025-06-01T17:03:50,Thiago Carvalho,thiago.carvalho62@outlook.com,Ana Paula Ferreira,Fernanda Rodrigues,venda,Indicação - Cliente,CO-8231,2025-06-03T05:35:00,2025-06-03T10:35:28,,,,,usado
5d7bc8ed-9977-47c2-bc3f-5cb1031f12f1,2025-06-01T17:15:31,Mariana Gomes,mariana.gomes19@gmail.com,Ana Paula Ferreira,Ana Paula Ferreira,venda,LinkedIn Ads - Alto Padrão,CO-9597,2025-06-02T02:10:33,2025-06-02T02:58:17,,,,,novo
f6881ebe-5e28-4f42-aaa6-f0f950cb2340,2025-06-01T22:12:55,Larissa Pereira,larissa.pereira66@yahoo.com.br,Ana Paula Ferreira,Ana Paula Ferreira,venda,Instagram - Casarão SP,CO-7565,2025-06-03T08:52:46,2025-06-03T13:27:51,2025-07-31T13:27:51,,,744748.97,novo
438ad11c-3e33-44ec-b3f4-2914e56b17d8,2025-06-02T00:26:06,Isabela Nascimento,isabela.nasc60@hotmail.com,Juliana Costa,Juliana Costa,locação,Zap Imóveis,CO-4363,2025-06-02T17:54:50,2025-06-02T18:49:10,2025-06-19T18:49:10,,,1546.59,usado
f1bf8465-151a-47f3-b6c6-4aee9d96cf3b,2025-06-02T02:05:05,Mariana Gomes,mariana.gomes26@yahoo.com.br,Marcos Oliveira,Camila Alves,venda,LinkedIn Ads - Alto Padrão,SL-3608,2025-06-02T02:56:51,2025-06-02T04:29:29,,2025-07-05T04:29:29,Sem perfil para financiamento,,usado
fc2211f8-ee9f-433f-b339-3bfb29bb8727,2025-06-02T05:45:06,Gustavo Nunes,gustavo.nunes53@gmail.com,Carlos Eduardo Silva,Ana Paula Ferreira,venda,Whatsapp - Indicação Direta,CS-4182,2025-06-03T18:47:43,2025-06-03T23:25:45,,2025-07-19T23:25:45,Negociação travou,,usado
fe31015d-f5c1-4620-ace0-334ffc94f663,2025-06-02T10:14:13,Eduardo Moreira,eduardo.mor60@gmail.com,Camila Alves,Camila Alves,venda,LinkedIn Ads - Alto Padrão,SL-5888,2025-06-03T03:05:19,2025-06-03T07:33:43,,2025-06-04T07:33:43,Não respondeu,,novo
fbda5a07-ba2d-4f56-92ae-32aec57c497b,2025-06-02T11:39:16,Lucas Barbosa,lucas.barbosa3@yahoo.com.br,Marcos Oliveira,Fernanda Rodrigues,venda,Jetimob - Portal,CS-1151,2025-06-02T18:28:15,2025-06-02T21:33:17,2025-08-20T21:33:17,,,1018110.54,novo
17e43645-a60b-4cbd-bd6b-7c0b64cbfb25,2025-06-02T12:19:59,Beatriz Lima,beatriz.lima15@outlook.com,Marcos Oliveira,Marcos Oliveira,locação,OLX Imóveis,CS-6240,2025-06-02T14:23:29,2025-06-02T15:10:42,,2025-06-16T15:10:42,Sem perfil para financiamento,,usado
5f341670-3f72-4934-820b-0a6c6fd2fe2a,2025-06-03T09:07:37,Monica Correia,monica.corr89@yahoo.com.br,Ana Paula Ferreira,Paulo Henrique Santos,venda,LinkedIn Ads - Alto Padrão,SL-1190,2025-06-03T15:04:23,2025-06-03T19:06:03,,,,,novo
fc4051b3-e57e-4ac2-a10e-2e641cb0dc25,2025-06-03T11:01:40,Julia Medeiros,julia.med99@hotmail.com,Fernanda Rodrigues,Roberto Mendes,venda,Indicação - Cliente,CS-6054,2025-06-04T12:40:43,2025-06-04T18:22:24,2025-06-23T18:22:24,,,670395.83,novo
f372c6a7-1bf6-469c-9683-bd8cacdae7e8,2025-06-03T13:19:49,Beatriz Lima,beatriz.lima88@hotmail.com,Camila Alves,Camila Alves,venda,Jetimob - Portal,AP-5244,2025-06-04T21:55:30,2025-06-05T03:08:28,,2025-07-21T03:08:28,Preço acima do orçamento,,usado
43791db1-65a4-4ea8-a817-42d7f866378e,2025-06-03T14:54:13,Lucas Barbosa,lucas.barbosa95@hotmail.com,Marcos Oliveira,Ana Paula Ferreira,venda,OLX Imóveis,AP-1241,2025-06-04T19:58:37,2025-06-04T21:18:43,,2025-07-25T21:18:43,Mudou de cidade,,usado
3290b8e5-fa9f-4b19-ae5e-5dcd3e9fa106,2025-06-03T14:56:05,Rafael Torres,rafael.torres17@gmail.com,Juliana Costa,Paulo Henrique Santos,locação,Whatsapp - Indicação Direta,TE-4326,2025-06-03T18:19:21,2025-06-03T21:08:58,,2025-07-29T21:08:58,Não respondeu,,usado
ab78874e-64b7-4016-bbe0-49db5a565e37,2025-06-03T15:20:01,Nelson Xavier,nelson.xavier44@outlook.com,Roberto Mendes,Roberto Mendes,locação,LinkedIn Ads - Alto Padrão,TE-8476,2025-06-05T08:26:46,2025-06-05T13:08:39,,2025-07-26T13:08:39,Imóvel não atendeu expectativa,,usado
097c69ac-cb1c-4db6-baab-ff48de5b64f9,2025-06-04T00:07:01,Felipe Ribeiro,felipe.ribeiro16@gmail.com,Marcos Oliveira,Marcos Oliveira,venda,Instagram - Casarão SP,CS-8271,2025-06-04T00:38:30,2025-06-04T01:20:43,,2025-07-15T01:20:43,Desistiu da compra,,usado
d75b9c0c-0633-4620-9e39-1bf8413d026b,2025-06-04T00:57:57,Bruno Almeida,bruno.almeida50@hotmail.com,Juliana Costa,Juliana Costa,locação,Google Ads - Apartamentos SP,CS-3321,2025-06-05T09:05:18,2025-06-05T14:26:21,,2025-07-12T14:26:21,Sem perfil para financiamento,,usado
8d38156c-2e40-44fa-94d4-a022f10f5448,2025-06-04T01:19:03,Leandro Santana,leandro.sant14@gmail.com,Paulo Henrique Santos,Carlos Eduardo Silva,venda,Zap Imóveis,CO-5593,2025-06-05T09:18:56,2025-06-05T15:02:56,,2025-07-18T15:02:56,Comprou com outra imobiliária,,novo
48c706a7-974f-402e-b7c2-3775a76eed9f,2025-06-04T02:53:36,Rodrigo Cunha,rodrigo.cunha16@outlook.com,Camila Alves,Camila Alves,locação,Zap Imóveis,SL-1671,2025-06-04T15:13:46,2025-06-04T19:10:38,,2025-06-15T19:10:38,Negociação travou,,novo
0792a696-22b7-4658-8c39-06b5b52d0724,2025-06-04T08:48:56,Leandro Santana,leandro.sant10@hotmail.com,Ana Paula Ferreira,Ana Paula Ferreira,locação,LinkedIn Ads - Alto Padrão,AP-4004,2025-06-06T06:06:33,2025-06-06T08:01:12,,2025-08-05T08:01:12,Mudou de cidade,,usado
919210b6-8e38-459a-a0eb-a3774d2394a1,2025-06-04T15:01:36,Felipe Ribeiro,felipe.ribeiro91@gmail.com,Camila Alves,Camila Alves,locação,OLX Imóveis,TE-9502,2025-06-05T09:27:09,2025-06-05T13:15:42,,2025-07-26T13:15:42,Não respondeu,,usado
50176306-5766-48a5-ab85-8c81910e7d48,2025-06-05T03:03:27,Helena Freitas,helena.freitas1@gmail.com,Marcos Oliveira,Marcos Oliveira,venda,OLX Imóveis,SL-3166,2025-06-05T05:07:38,2025-06-05T06:36:50,2025-08-10T06:36:50,,,1001029.24,usado
b9a75ab1-0a4f-42bc-b5c7-596fb683a06e,2025-06-05T04:34:03,Beatriz Lima,beatriz.lima24@yahoo.com.br,Marcos Oliveira,Marcos Oliveira,venda,Google Ads - Apartamentos SP,CO-3126,2025-06-06T09:21:48,2025-06-06T15:13:51,,2025-06-21T15:13:51,Desistiu da compra,,novo
537c2ff4-d8fa-42cf-82f6-b663f2e41e08,2025-06-05T08:08:53,Amanda Castro,amanda.castro57@gmail.com,Fernanda Rodrigues,Fernanda Rodrigues,venda,Indicação - Cliente,CS-2781,2025-06-05T22:57:46,2025-06-06T01:08:33,,,,,usado
ea70acc6-9609-475f-b00b-4a74c70112e9,2025-06-05T11:42:05,Diego Martins,diego.martins76@outlook.com,Fernanda Rodrigues,Fernanda Rodrigues,venda,Meta - Novos Empreendimentos,TE-5299,2025-06-06T09:23:38,2025-06-06T13:58:34,,2025-07-08T13:58:34,Sem perfil para financiamento,,usado
5687b218-fd56-45ae-b41d-e42c92aedaec,2025-06-05T13:06:50,Bruno Almeida,bruno.almeida39@outlook.com,Marcos Oliveira,Marcos Oliveira,venda,Indicação - Cliente,TE-5278,2025-06-06T02:42:51,2025-06-06T05:07:14,,,,,novo
2cbe83d1-f33d-44bc-9c44-bf23674d52da,2025-06-05T15:38:07,Larissa Pereira,larissa.pereira11@gmail.com,Carlos Eduardo Silva,Carlos Eduardo Silva,locação,Google Ads - Apartamentos SP,SL-2473,2025-06-06T08:49:15,2025-06-06T13:24:38,,,,,novo
dbdd6f03-4588-49a0-b0ef-eb90c6603057,2025-06-05T16:25:08,Patricia Dias,patricia.dias69@hotmail.com,Juliana Costa,Juliana Costa,locação,Jetimob - Portal,SL-9379,2025-06-07T07:52:19,2025-06-07T10:06:43,,,,,usado
9ab11fa4-fa14-4880-813d-fa7156ffbb0e,2025-06-05T22:39:27,Nelson Xavier,nelson.xavier77@gmail.com,Fernanda Rodrigues,Carlos Eduardo Silva,venda,Jetimob - Portal,CO-2792,2025-06-07T01:55:46,2025-06-07T07:52:36,,,,,novo
db5a3df7-a39c-467e-bb01-dbc6496d3857,2025-06-06T01:48:23,Leandro Santana,leandro.sant25@outlook.com,Ana Paula Ferreira,Marcos Oliveira,locação,Jetimob - Portal,CS-9090,2025-06-06T15:21:16,2025-06-06T20:49:45,,2025-06-20T20:49:45,Preço acima do orçamento,,usado
a50b4a82-ecde-4d6e-a058-06c4f93b327f,2025-06-06T14:55:36,Julia Medeiros,julia.med66@yahoo.com.br,Paulo Henrique Santos,Paulo Henrique Santos,venda,Zap Imóveis,AP-6901,2025-06-08T02:16:19,2025-06-08T06:30:02,2025-08-12T06:30:02,,,1333885.74,usado
0092cb39-373d-47dd-bc6a-6f0efbd1f8d4,2025-06-06T18:41:32,Leandro Santana,leandro.sant32@yahoo.com.br,Marcos Oliveira,Paulo Henrique Santos,venda,Google Ads - Apartamentos SP,SL-5522,2025-06-08T15:01:58,2025-06-08T16:08:37,2025-06-20T16:08:37,,,838040.57,usado
b4a46346-c43b-4f6f-8eb6-6a2af2911097,2025-06-06T22:48:53,Gabriel Souza,gabriel.souza99@hotmail.com,Ana Paula Ferreira,Fernanda Rodrigues,locação,Zap Imóveis,CO-4519,2025-06-07T09:49:14,2025-06-07T12:18:46,2025-07-13T12:18:46,,,2138.81,novo
f5df85f9-af6c-4b06-b39c-16f6e6cb418a,2025-06-07T10:14:02,Thiago Carvalho,thiago.carvalho61@yahoo.com.br,Carlos Eduardo Silva,Fernanda Rodrigues,locação,Meta - Novos Empreendimentos,TE-7694,2025-06-08T13:43:17,2025-06-08T14:26:34,2025-07-28T14:26:34,,,2398.68,novo
c80322d5-5e01-46c4-bd94-3689d45f37a0,2025-06-07T13:20:44,Patricia Dias,patricia.dias27@outlook.com,Ana Paula Ferreira,Ana Paula Ferreira,locação,Meta - Novos Empreendimentos,SL-9927,2025-06-09T12:44:19,2025-06-09T18:03:26,2025-09-06T18:03:26,,,2628.95,usado
16161b12-0700-4f66-9070-1d30927b8374,2025-06-07T14:45:52,Camila Teixeira,camila.teix44@hotmail.com,Roberto Mendes,Roberto Mendes,venda,OLX Imóveis,SL-9186,2025-06-08T10:05:34,2025-06-08T11:50:21,,,,,novo
b3e113dd-e173-4501-bb9f-ae0c71a7bcb8,2025-06-08T00:10:46,Gustavo Nunes,gustavo.nunes71@outlook.com,Marcos Oliveira,Marcos Oliveira,locação,Indicação - Cliente,SL-7382,2025-06-09T11:47:15,2025-06-09T17:36:41,,2025-07-18T17:36:41,Mudou de cidade,,novo
2442f5f8-d871-4328-8f1c-1d2107d1ef54,2025-06-08T08:21:08,Rafael Torres,rafael.torres94@yahoo.com.br,Carlos Eduardo Silva,Carlos Eduardo Silva,venda,Google Ads - Apartamentos SP,AP-2208,2025-06-10T02:08:53,2025-06-10T02:48:50,,2025-06-16T02:48:50,Desistiu da compra,,usado
bc0d30d5-3530-4de6-8194-a6a947ca88e6,2025-06-08T16:36:00,Nelson Xavier,nelson.xavier87@hotmail.com,Paulo Henrique Santos,Roberto Mendes,venda,Zap Imóveis,CO-9228,2025-06-09T17:38:11,2025-06-09T22:05:16,,,,,novo
c2934ab7-2014-4714-92c1-33eabc1a1d23,2025-06-09T04:02:13,Bruno Almeida,bruno.almeida92@gmail.com,Juliana Costa,Juliana Costa,venda,Whatsapp - Indicação Direta,AP-1741,2025-06-10T23:15:44,2025-06-11T00:24:07,,2025-08-08T00:24:07,Desistiu da compra,,usado
162770d4-19d3-4fb8-9007-52e8539964be,2025-06-09T13:57:07,Eduardo Moreira,eduardo.mor17@gmail.com,Camila Alves,Marcos Oliveira,locação,Site Orgânico,CO-3753,2025-06-10T13:08:52,2025-06-10T16:37:17,2025-07-04T16:37:17,,,4749.21,usado
2051b85b-1e10-422e-801a-68bfa5bd796b,2025-06-09T14:16:16,Bruno Almeida,bruno.almeida60@hotmail.com,Fernanda Rodrigues,Ana Paula Ferreira,venda,Whatsapp - Indicação Direta,CS-9638,2025-06-10T03:41:22,2025-06-10T07:31:59,,,,,novo
61170a84-e43f-418e-bb4f-579b1623e0bb,2025-06-10T01:20:08,Monica Correia,monica.corr45@outlook.com,Carlos Eduardo Silva,Roberto Mendes,locação,LinkedIn Ads - Alto Padrão,CS-9919,2025-06-11T08:40:05,2025-06-11T13:00:15,,,,,usado
c27a7cf4-2b3b-4de8-b8c7-b46d69d755bc,2025-06-10T15:45:58,Leandro Santana,leandro.sant35@hotmail.com,Marcos Oliveira,Marcos Oliveira,locação,Zap Imóveis,TE-5822,2025-06-11T15:36:54,2025-06-11T18:56:04,,2025-06-24T18:56:04,Sem perfil para financiamento,,usado
c4698728-aa6f-4b7f-b5f7-39e9a1d9e37a,2025-06-10T17:30:29,Patricia Dias,patricia.dias79@hotmail.com,Juliana Costa,Juliana Costa,venda,Google Ads - Apartamentos SP,CS-8243,2025-06-10T17:52:37,2025-06-10T20:05:02,2025-07-30T20:05:02,,,1123150.13,novo
7d2cea90-2b26-4b52-94cd-82dab712f104,2025-06-10T18:49:36,Rodrigo Cunha,rodrigo.cunha46@outlook.com,Fernanda Rodrigues,Fernanda Rodrigues,locação,Instagram - Casarão SP,CO-1783,2025-06-12T07:44:35,2025-06-12T09:07:35,,2025-08-07T09:07:35,Imóvel não atendeu expectativa,,novo
ca608646-9561-4048-908d-131ded67023a,2025-06-11T01:09:59,Larissa Pereira,larissa.pereira99@yahoo.com.br,Paulo Henrique Santos,Paulo Henrique Santos,venda,Zap Imóveis,SL-8967,2025-06-12T00:04:38,2025-06-12T02:06:30,2025-07-04T02:06:30,,,1244935.56,novo
0111f2aa-8be6-4115-822a-169aa65f8410,2025-06-11T09:25:01,Igor Pinto,igor.pinto47@gmail.com,Ana Paula Ferreira,Ana Paula Ferreira,locação,Indicação - Cliente,CO-7997,2025-06-13T05:52:17,2025-06-13T06:53:59,,,,,usado
5a038e0f-94b7-4747-bee1-a19ca588cbd7,2025-06-11T17:29:05,Leandro Santana,leandro.sant63@yahoo.com.br,Camila Alves,Camila Alves,venda,Jetimob - Portal,CS-5830,2025-06-11T20:01:26,2025-06-11T20:34:01,,2025-07-27T20:34:01,Mudou de cidade,,usado
aafcd008-4993-4ce1-9751-7f19b700cc30,2025-06-11T21:40:45,Gustavo Nunes,gustavo.nunes96@hotmail.com,Ana Paula Ferreira,Ana Paula Ferreira,venda,Zap Imóveis,CO-1027,2025-06-12T23:26:04,2025-06-13T04:35:37,,,,,novo
ac8b03ca-cf04-4ea1-a5c8-275935745431,2025-06-11T21:58:01,Lucas Barbosa,lucas.barbosa23@outlook.com,Camila Alves,Fernanda Rodrigues,venda,Site Orgânico,CS-6186,2025-06-13T17:51:20,2025-06-13T18:51:11,,2025-07-23T18:51:11,Negociação travou,,usado
5c5163f1-59ec-425a-b280-0289cee6875a,2025-06-11T23:20:08,Natalia Rocha,natalia.rocha31@outlook.com,Marcos Oliveira,Marcos Oliveira,venda,Meta - Novos Empreendimentos,CS-2971,2025-06-13T14:35:22,2025-06-13T16:09:01,,2025-06-20T16:09:01,Não respondeu,,novo
c3558649-7492-4b36-b9a1-4708c7a1fd07,2025-06-12T05:10:46,Diego Martins,diego.martins12@yahoo.com.br,Paulo Henrique Santos,Paulo Henrique Santos,venda,OLX Imóveis,AP-1336,2025-06-12T23:53:19,2025-06-13T02:36:06,,2025-07-25T02:36:06,Comprou com outra imobiliária,,usado
5eeb5162-b893-4043-a02a-8b51c209089f,2025-06-12T05:46:00,Camila Teixeira,camila.teix49@hotmail.com,Roberto Mendes,Roberto Mendes,locação,Meta - Novos Empreendimentos,AP-7483,2025-06-13T09:12:19,2025-06-13T10:41:15,2025-08-06T10:41:15,,,3683.95,novo
67289444-64f5-45ec-a399-dc2c3c2e94e4,2025-06-12T10:14:24,Julia Medeiros,julia.med83@hotmail.com,Paulo Henrique Santos,Paulo Henrique Santos,locação,Indicação - Cliente,CO-6185,2025-06-13T22:52:10,2025-06-14T02:02:46,,2025-08-02T02:02:46,Preço acima do orçamento,,usado
cf060a01-9935-493d-993a-904ea2d2d318,2025-06-12T23:56:15,Rafael Torres,rafael.torres85@hotmail.com,Fernanda Rodrigues,Carlos Eduardo Silva,locação,Instagram - Casarão SP,CS-6670,2025-06-13T22:05:58,2025-06-14T02:13:19,2025-07-09T02:13:19,,,2379.58,usado
bb0e6487-3121-4764-b382-bc4bd5252a98,2025-06-13T00:04:16,Diego Martins,diego.martins36@yahoo.com.br,Camila Alves,Camila Alves,locação,Indicação - Cliente,SL-2196,2025-06-13T16:26:52,2025-06-13T19:51:01,,2025-08-05T19:51:01,Mudou de cidade,,novo
0e4246f5-b807-4b43-8738-6da33ac3cf71,2025-06-13T01:27:28,Isabela Nascimento,isabela.nasc44@outlook.com,Marcos Oliveira,Marcos Oliveira,venda,LinkedIn Ads - Alto Padrão,SL-5510,2025-06-13T08:15:53,2025-06-13T11:38:04,2025-08-02T11:38:04,,,1271830.08,usado
850bf233-e905-4ef5-ae67-35a0b40bf40d,2025-06-13T03:42:34,Larissa Pereira,larissa.pereira86@hotmail.com,Marcos Oliveira,Marcos Oliveira,venda,Site Orgânico,CS-1448,2025-06-15T01:47:11,2025-06-15T05:15:20,,,,,usado
311df05c-7f93-4753-939e-2621cbf40dc0,2025-06-13T07:11:12,Nelson Xavier,nelson.xavier54@outlook.com,Camila Alves,Camila Alves,locação,Meta - Novos Empreendimentos,CS-8614,2025-06-13T12:43:30,2025-06-13T17:03:30,,2025-08-02T17:03:30,Negociação travou,,usado
8e4f789c-6ded-4fd8-814e-20cbf3352dc6,2025-06-13T07:33:40,Eduardo Moreira,eduardo.mor65@gmail.com,Paulo Henrique Santos,Carlos Eduardo Silva,venda,Instagram - Casarão SP,AP-4768,2025-06-13T19:30:25,2025-06-13T21:30:20,2025-08-03T21:30:20,,,1173511.96,usado
54331e73-a776-4ccb-95e8-a80a10509721,2025-06-13T10:16:28,Isabela Nascimento,isabela.nasc51@hotmail.com,Marcos Oliveira,Marcos Oliveira,venda,Instagram - Casarão SP,CS-7988,2025-06-14T21:36:07,2025-06-15T01:01:12,,2025-07-29T01:01:12,Sem perfil para financiamento,,novo
c523050c-8c7c-4d49-a251-8aef1df35117,2025-06-13T10:18:48,Igor Pinto,igor.pinto46@yahoo.com.br,Camila Alves,Camila Alves,locação,LinkedIn Ads - Alto Padrão,TE-5569,2025-06-13T15:35:17,2025-06-13T17:28:01,,2025-07-24T17:28:01,Comprou com outra imobiliária,,novo
12f70d57-2266-4c39-b812-fc32758a407e,2025-06-13T10:45:03,Patricia Dias,patricia.dias79@outlook.com,Roberto Mendes,Roberto Mendes,venda,Google Ads - Apartamentos SP,TE-6599,2025-06-13T21:35:29,2025-06-14T01:51:56,2025-08-19T01:51:56,,,2615804.88,usado
8051474e-a1a1-446f-996c-ded6c3759817,2025-06-13T11:24:11,Fernanda Lopes,fernanda.lop51@hotmail.com,Ana Paula Ferreira,Ana Paula Ferreira,venda,Whatsapp - Indicação Direta,CO-5315,2025-06-14T13:01:31,2025-06-14T15:42:27,,,,,novo
edb75e0f-b1df-42b1-a56d-4582f2b435c6,2025-06-13T15:20:19,Amanda Castro,amanda.castro67@hotmail.com,Ana Paula Ferreira,Ana Paula Ferreira,locação,Whatsapp - Indicação Direta,SL-4953,2025-06-14T15:07:36,2025-06-14T19:29:07,,2025-06-18T19:29:07,Não respondeu,,usado
2dfdb483-c47d-43bd-9477-2fa8688a0a44,2025-06-13T18:40:49,Rafael Torres,rafael.torres55@outlook.com,Fernanda Rodrigues,Fernanda Rodrigues,venda,Google Ads - Apartamentos SP,CO-1786,2025-06-13T19:27:58,2025-06-13T23:27:24,,,,,usado
29af8fd3-f8c2-48d1-9c7b-3a83bfbd67b4,2025-06-14T01:12:31,Patricia Dias,patricia.dias98@gmail.com,Paulo Henrique Santos,Paulo Henrique Santos,venda,Indicação - Cliente,CO-5492,2025-06-14T11:18:03,2025-06-14T15:44:33,,2025-07-08T15:44:33,Preço acima do orçamento,,novo
0210e7b5-8a79-4e38-8a02-f4f04d1ec3a8,2025-06-14T02:19:19,Eduardo Moreira,eduardo.mor54@gmail.com,Paulo Henrique Santos,Paulo Henrique Santos,venda,Indicação - Cliente,TE-3726,2025-06-16T00:39:24,2025-06-16T06:20:32,2025-08-30T06:20:32,,,2402160.11,usado
6f8ce8c0-7ce6-4b83-aa93-80a69f394350,2025-06-14T02:52:48,Camila Teixeira,camila.teix70@outlook.com,Juliana Costa,Juliana Costa,venda,Zap Imóveis,CO-8617,2025-06-15T23:12:47,2025-06-16T04:22:07,,,,,usado
d406a8c4-715c-43db-9179-838fea8aa832,2025-06-14T08:48:22,Gustavo Nunes,gustavo.nunes20@gmail.com,Carlos Eduardo Silva,Carlos Eduardo Silva,venda,LinkedIn Ads - Alto Padrão,CO-6250,2025-06-15T19:30:55,2025-06-15T21:33:05,,,,,usado
bceadc5d-f368-4c7e-a0a2-06fc64f0750c,2025-06-14T11:30:20,Thiago Carvalho,thiago.carvalho48@hotmail.com,Juliana Costa,Juliana Costa,venda,Google Ads - Apartamentos SP,AP-6523,2025-06-15T19:38:53,2025-06-15T21:21:40,,,,,usado
4ddd6ea2-84fc-45cd-9421-3979d1800626,2025-06-14T14:50:58,Thiago Carvalho,thiago.carvalho6@outlook.com,Carlos Eduardo Silva,Fernanda Rodrigues,locação,Instagram - Casarão SP,CS-6736,2025-06-14T17:39:08,2025-06-14T20:14:33,,,,,usado
2aca9e17-d0a9-4710-8fe3-0070826f2cff,2025-06-14T16:24:39,Nelson Xavier,nelson.xavier32@gmail.com,Camila Alves,Camila Alves,venda,Meta - Novos Empreendimentos,SL-7101,2025-06-15T09:47:08,2025-06-15T13:56:35,2025-08-24T13:56:35,,,807015.12,usado
6b69f3cc-807c-43fd-8015-b31e78e8de76,2025-06-15T18:01:02,Fernanda Lopes,fernanda.lop84@outlook.com,Juliana Costa,Juliana Costa,venda,Site Orgânico,TE-2710,2025-06-17T03:54:38,2025-06-17T07:49:51,,2025-07-01T07:49:51,Comprou com outra imobiliária,,novo
9521cddc-0410-4d91-9da9-12c449dfb7cc,2025-06-15T21:10:26,Igor Pinto,igor.pinto26@yahoo.com.br,Marcos Oliveira,Marcos Oliveira,venda,OLX Imóveis,CS-9527,2025-06-16T07:30:42,2025-06-16T10:49:33,,2025-07-08T10:49:33,Comprou com outra imobiliária,,usado
b2739b5a-9ade-4c10-9889-d9ba48cec0af,2025-06-15T23:03:22,Larissa Pereira,larissa.pereira76@hotmail.com,Juliana Costa,Juliana Costa,venda,Meta - Novos Empreendimentos,CS-5544,2025-06-16T16:01:35,2025-06-16T21:13:47,,,,,usado
4d2637f7-b7ae-4f29-8f1c-8948357a1ede,2025-06-15T23:37:10,Monica Correia,monica.corr14@gmail.com,Paulo Henrique Santos,Marcos Oliveira,locação,Site Orgânico,CO-7944,2025-06-17T12:33:18,2025-06-17T14:29:08,,,,,usado
50a00d83-3be5-45c9-a4bd-3500a2391fa3,2025-06-16T01:22:21,Isabela Nascimento,isabela.nasc12@hotmail.com,Roberto Mendes,Roberto Mendes,venda,Google Ads - Apartamentos SP,SL-2274,2025-06-16T08:02:00,2025-06-16T12:58:24,,2025-07-17T12:58:24,Imóvel não atendeu expectativa,,usado
016dfb63-fa57-4b4f-8d3b-471cbeb9bd0c,2025-06-16T06:52:41,Thiago Carvalho,thiago.carvalho82@outlook.com,Marcos Oliveira,Marcos Oliveira,locação,Meta - Novos Empreendimentos,CS-9245,2025-06-17T05:48:53,2025-06-17T07:59:38,,,,,usado
d7c9fba0-9f7b-4d17-a053-97b1b3a6c9ee,2025-06-16T14:10:04,Gabriel Souza,gabriel.souza84@hotmail.com,Roberto Mendes,Roberto Mendes,venda,LinkedIn Ads - Alto Padrão,AP-2854,2025-06-17T03:36:24,2025-06-17T04:36:15,,,,,usado
6691e46e-c8a1-4c5d-a08b-0c8321f85db6,2025-06-16T20:32:41,Julia Medeiros,julia.med27@hotmail.com,Carlos Eduardo Silva,Paulo Henrique Santos,venda,Site Orgânico,CS-8799,2025-06-18T01:38:46,2025-06-18T03:10:10,,2025-08-01T03:10:10,Preço acima do orçamento,,usado
55df65a5-a06c-4eb7-8af8-8b628a00b149,2025-06-16T23:11:53,Rodrigo Cunha,rodrigo.cunha38@hotmail.com,Camila Alves,Camila Alves,venda,Zap Imóveis,TE-9955,2025-06-17T00:48:41,2025-06-17T03:40:43,,,,,novo
15b70093-ab2d-4895-8307-ddafca9f6ecd,2025-06-17T06:58:33,Lucas Barbosa,lucas.barbosa76@yahoo.com.br,Carlos Eduardo Silva,Carlos Eduardo Silva,venda,LinkedIn Ads - Alto Padrão,AP-2528,2025-06-19T01:26:19,2025-06-19T06:22:47,,2025-08-08T06:22:47,Comprou com outra imobiliária,,usado
0d6381ce-4dc1-4f52-be8a-571958d35b96,2025-06-17T08:58:04,Julia Medeiros,julia.med93@hotmail.com,Roberto Mendes,Roberto Mendes,venda,Zap Imóveis,SL-4105,2025-06-18T03:59:28,2025-06-18T06:50:40,2025-07-04T06:50:40,,,977060.99,usado
b0df4ea3-0fb0-483f-9a2f-9601653f019a,2025-06-17T13:49:07,Nelson Xavier,nelson.xavier30@outlook.com,Camila Alves,Camila Alves,locação,Jetimob - Portal,CO-7716,2025-06-18T16:45:52,2025-06-18T17:41:05,,2025-07-19T17:41:05,Desistiu da compra,,novo
5e2709b0-4061-4c91-8d3c-a24aa70e33f8,2025-06-17T13:51:29,Helena Freitas,helena.freitas92@yahoo.com.br,Ana Paula Ferreira,Ana Paula Ferreira,locação,Indicação - Cliente,CS-4140,2025-06-18T07:53:05,2025-06-18T11:40:56,,,,,usado
e64b48fe-3e67-4c23-ac8c-8e32b73fdf29,2025-06-17T19:31:05,Julia Medeiros,julia.med78@hotmail.com,Paulo Henrique Santos,Paulo Henrique Santos,venda,Google Ads - Apartamentos SP,AP-9055,2025-06-17T22:06:50,2025-06-18T04:04:12,,,,,novo
17bb61d7-256a-4fea-a196-aa08b28aed7a,2025-06-17T21:40:53,Thiago Carvalho,thiago.carvalho48@outlook.com,Paulo Henrique Santos,Paulo Henrique Santos,venda,Site Orgânico,CS-3975,2025-06-19T11:27:26,2025-06-19T12:07:20,2025-08-12T12:07:20,,,893645.76,novo
6941d522-8e9e-4b8f-af88-e42fa260b036,2025-06-18T03:08:54,Gabriel Souza,gabriel.souza99@hotmail.com,Marcos Oliveira,Marcos Oliveira,locação,Meta - Novos Empreendimentos,CO-2541,2025-06-19T23:59:22,2025-06-20T01:22:39,,2025-07-14T01:22:39,Imóvel não atendeu expectativa,,usado
0d9c46d8-0b59-4eae-addf-27bfa836eacd,2025-06-18T04:49:43,Rafael Torres,rafael.torres85@hotmail.com,Ana Paula Ferreira,Paulo Henrique Santos,venda,Whatsapp - Indicação Direta,AP-5092,2025-06-19T15:53:49,2025-06-19T18:03:11,,2025-07-19T18:03:11,Sem perfil para financiamento,,novo
86240a28-f701-4bf6-a0cf-ac085b9ca31f,2025-06-18T05:13:23,Camila Teixeira,camila.teix15@hotmail.com,Ana Paula Ferreira,Ana Paula Ferreira,venda,Meta - Novos Empreendimentos,TE-2587,2025-06-19T04:00:55,2025-06-19T09:05:43,,2025-06-23T09:05:43,Não respondeu,,novo
d4b957e0-361e-447d-939f-7cf4f9b766bf,2025-06-18T06:38:58,Diego Martins,diego.martins88@outlook.com,Ana Paula Ferreira,Ana Paula Ferreira,venda,Google Ads - Apartamentos SP,CS-6226,2025-06-19T01:08:33,2025-06-19T04:08:36,,2025-08-01T04:08:36,Mudou de cidade,,novo
46ffd814-5422-4282-85c9-606655590ca8,2025-06-18T08:44:09,Leandro Santana,leandro.sant48@hotmail.com,Camila Alves,Camila Alves,venda,OLX Imóveis,CS-4431,2025-06-18T20:01:03,2025-06-19T01:18:46,,2025-08-17T01:18:46,Negociação travou,,usado
43eca0f7-f3cc-4cb3-94a6-da08e09fc4fe,2025-06-18T11:35:05,Gabriel Souza,gabriel.souza87@yahoo.com.br,Roberto Mendes,Roberto Mendes,venda,Site Orgânico,AP-7643,2025-06-20T07:18:58,2025-06-20T11:55:07,,2025-08-04T11:55:07,Imóvel não atendeu expectativa,,novo
74f21dcd-bc20-41ae-9a95-ec78cff5fb5c,2025-06-19T00:04:21,Lucas Barbosa,lucas.barbosa29@gmail.com,Carlos Eduardo Silva,Carlos Eduardo Silva,venda,LinkedIn Ads - Alto Padrão,TE-7325,2025-06-19T18:41:55,2025-06-20T00:12:17,2025-08-24T00:12:17,,,2453694.19,novo
cb8a2b56-bcbe-4730-ac70-7808592b2d15,2025-06-19T01:17:19,Rafael Torres,rafael.torres96@outlook.com,Juliana Costa,Paulo Henrique Santos,locação,Google Ads - Apartamentos SP,CS-9056,2025-06-20T14:27:03,2025-06-20T17:14:56,,2025-07-09T17:14:56,Mudou de cidade,,novo
46ec706d-fb11-427e-9a8a-01d3062466b7,2025-06-19T23:54:00,Natalia Rocha,natalia.rocha94@hotmail.com,Marcos Oliveira,Marcos Oliveira,locação,Site Orgânico,TE-2743,2025-06-20T18:17:48,2025-06-20T22:23:34,,,,,usado
68acc1a5-48e7-4ed1-8f21-518885d016b8,2025-06-20T00:15:58,Amanda Castro,amanda.castro54@hotmail.com,Roberto Mendes,Roberto Mendes,venda,Instagram - Casarão SP,SL-4858,2025-06-20T12:15:37,2025-06-20T15:57:59,,2025-06-26T15:57:59,Preço acima do orçamento,,usado
8268ea0b-36b8-404f-85f9-ac2d0cd152e7,2025-06-20T00:59:35,Mariana Gomes,mariana.gomes65@outlook.com,Ana Paula Ferreira,Ana Paula Ferreira,venda,Site Orgânico,SL-8426,2025-06-20T03:35:18,2025-06-20T07:37:02,,2025-08-10T07:37:02,Comprou com outra imobiliária,,usado
dd60a04f-b379-4978-9b67-4f90281627fd,2025-06-20T03:29:09,Gustavo Nunes,gustavo.nunes7@gmail.com,Camila Alves,Camila Alves,venda,Google Ads - Apartamentos SP,AP-5119,2025-06-20T17:09:15,2025-06-20T22:22:43,,2025-08-09T22:22:43,Comprou com outra imobiliária,,novo
0e374a8b-900b-4081-8b68-3afb88818764,2025-06-20T19:53:26,Rafael Torres,rafael.torres82@yahoo.com.br,Ana Paula Ferreira,Ana Paula Ferreira,locação,Jetimob - Portal,CO-9947,2025-06-21T06:20:36,2025-06-21T07:59:50,2025-09-18T07:59:50,,,3824.28,usado
0408db29-8e10-4e2a-8ebe-c15d347b334c,2025-06-21T00:03:26,Natalia Rocha,natalia.rocha29@outlook.com,Paulo Henrique Santos,Paulo Henrique Santos,locação,Site Orgânico,SL-6342,2025-06-22T13:46:33,2025-06-22T19:20:51,2025-08-06T19:20:51,,,3778.95,usado
0f6e6240-c436-46d6-9acb-425d4d59e65d,2025-06-21T06:51:22,Isabela Nascimento,isabela.nasc88@yahoo.com.br,Camila Alves,Camila Alves,venda,Google Ads - Apartamentos SP,TE-6245,2025-06-21T12:52:12,2025-06-21T18:51:09,,2025-07-22T18:51:09,Desistiu da compra,,novo
0e038191-7268-4a51-92e8-fb8be8556572,2025-06-21T11:47:04,Leandro Santana,leandro.sant21@hotmail.com,Juliana Costa,Juliana Costa,locação,Whatsapp - Indicação Direta,CS-8223,2025-06-21T21:42:40,2025-06-22T02:06:02,,2025-07-15T02:06:02,Comprou com outra imobiliária,,novo
60f8f961-b659-4551-bfab-f33503bb453f,2025-06-21T13:37:24,Camila Teixeira,camila.teix88@yahoo.com.br,Juliana Costa,Juliana Costa,venda,Jetimob - Portal,CO-1996,2025-06-22T02:15:15,2025-06-22T04:30:04,,2025-07-21T04:30:04,Mudou de cidade,,usado
bab62be2-53f1-4b77-9640-b208f6dd6926,2025-06-21T16:39:47,Eduardo Moreira,eduardo.mor40@hotmail.com,Juliana Costa,Juliana Costa,locação,Indicação - Cliente,AP-4851,2025-06-23T05:22:04,2025-06-23T11:06:34,2025-06-30T11:06:34,,,2217.14,usado
458f3996-f494-45b6-856f-a6936ff612bd,2025-06-22T02:43:51,Eduardo Moreira,eduardo.mor95@hotmail.com,Juliana Costa,Juliana Costa,venda,Meta - Novos Empreendimentos,SL-9313,2025-06-24T00:53:38,2025-06-24T06:03:01,,2025-06-30T06:03:01,Preço acima do orçamento,,novo
02616a6f-710e-4dc9-8e4b-58e84010161d,2025-06-22T03:31:40,Fernanda Lopes,fernanda.lop47@outlook.com,Camila Alves,Camila Alves,venda,OLX Imóveis,AP-8910,2025-06-23T17:30:40,2025-06-23T18:55:45,,2025-07-02T18:55:45,Sem perfil para financiamento,,usado
8dee8f6b-86f2-43f4-bf01-ed9b2bc573c3,2025-06-22T07:45:40,Eduardo Moreira,eduardo.mor81@yahoo.com.br,Paulo Henrique Santos,Fernanda Rodrigues,locação,Instagram - Casarão SP,CO-7065,2025-06-22T23:11:47,2025-06-23T01:39:37,,,,,novo
6100968d-4380-4a9a-bb6d-ae40191a91a4,2025-06-22T20:35:06,Leandro Santana,leandro.sant91@gmail.com,Carlos Eduardo Silva,Camila Alves,locação,Meta - Novos Empreendimentos,AP-2669,2025-06-23T20:59:05,2025-06-23T22:24:13,2025-07-22T22:24:13,,,2696.02,usado
38b6bb30-d00c-4614-b53b-a6f53ca3810d,2025-06-23T01:24:37,Isabela Nascimento,isabela.nasc25@outlook.com,Carlos Eduardo Silva,Marcos Oliveira,locação,LinkedIn Ads - Alto Padrão,AP-7997,2025-06-23T03:59:40,2025-06-23T09:39:27,,2025-07-20T09:39:27,Sem perfil para financiamento,,usado
75314635-983c-4cc2-9b7b-02ad331db8f0,2025-06-23T02:05:45,Thiago Carvalho,thiago.carvalho5@yahoo.com.br,Carlos Eduardo Silva,Carlos Eduardo Silva,locação,Indicação - Cliente,SL-8606,2025-06-23T06:08:59,2025-06-23T10:15:48,,2025-07-22T10:15:48,Comprou com outra imobiliária,,usado
c29c942f-8059-4dc8-a63a-bdf339fb5212,2025-06-23T05:19:12,Monica Correia,monica.corr1@hotmail.com,Paulo Henrique Santos,Paulo Henrique Santos,venda,Jetimob - Portal,CS-1635,2025-06-24T10:48:02,2025-06-24T14:46:17,2025-08-10T14:46:17,,,1306183.39,usado
732d9663-748f-4331-9433-a4e361f72f4b,2025-06-23T11:44:30,Julia Medeiros,julia.med74@gmail.com,Paulo Henrique Santos,Paulo Henrique Santos,venda,Zap Imóveis,CS-4229,2025-06-24T11:43:37,2025-06-24T17:40:24,,2025-07-02T17:40:24,Negociação travou,,novo
02bff8b5-1a03-47a1-9d05-3b5fe49adca0,2025-06-23T23:59:08,Nelson Xavier,nelson.xavier93@outlook.com,Marcos Oliveira,Fernanda Rodrigues,venda,Instagram - Casarão SP,SL-2361,2025-06-25T14:41:33,2025-06-25T16:31:39,,2025-08-02T16:31:39,Mudou de cidade,,novo
47ed0449-a8e2-481a-86a4-e6b51f5524ff,2025-06-24T08:24:19,Julia Medeiros,julia.med39@yahoo.com.br,Fernanda Rodrigues,Fernanda Rodrigues,locação,OLX Imóveis,SL-2435,2025-06-24T17:38:40,2025-06-24T22:37:57,,2025-07-07T22:37:57,Preço acima do orçamento,,novo
149a4f7b-069a-4d10-95c1-427c079f4cb7,2025-06-24T09:41:01,Gabriel Souza,gabriel.souza54@hotmail.com,Camila Alves,Camila Alves,venda,Meta - Novos Empreendimentos,CS-6865,2025-06-25T11:58:27,2025-06-25T16:36:37,,2025-08-04T16:36:37,Negociação travou,,novo
a8e4a387-9868-492a-807a-e42b0549078e,2025-06-24T11:30:19,Helena Freitas,helena.freitas7@yahoo.com.br,Juliana Costa,Juliana Costa,venda,Indicação - Cliente,CO-9478,2025-06-24T12:44:49,2025-06-24T14:22:56,,2025-07-06T14:22:56,Sem perfil para financiamento,,usado
12f7c4bd-520e-4444-b73b-094e2dcce1ef,2025-06-24T14:22:50,Mariana Gomes,mariana.gomes24@hotmail.com,Ana Paula Ferreira,Marcos Oliveira,locação,Meta - Novos Empreendimentos,CO-9755,2025-06-24T20:04:09,2025-06-24T21:30:50,,2025-08-08T21:30:50,Mudou de cidade,,novo
2cc1f622-ca75-4bc0-8709-a1c41b908c91,2025-06-24T15:56:30,Felipe Ribeiro,felipe.ribeiro82@yahoo.com.br,Paulo Henrique Santos,Camila Alves,locação,OLX Imóveis,CS-3364,2025-06-26T02:06:20,2025-06-26T03:19:02,,2025-08-21T03:19:02,Não respondeu,,usado
0ba818e6-89c8-4b80-b623-d63cde71479e,2025-06-24T16:56:23,Bruno Almeida,bruno.almeida35@outlook.com,Fernanda Rodrigues,Fernanda Rodrigues,venda,Indicação - Cliente,AP-3243,2025-06-26T06:20:40,2025-06-26T09:06:38,,,,,usado
527a5808-cb10-4f08-9aa8-d4fa21bbd16d,2025-06-24T18:25:04,Bruno Almeida,bruno.almeida1@gmail.com,Camila Alves,Paulo Henrique Santos,locação,Indicação - Cliente,AP-3013,2025-06-26T16:04:25,2025-06-26T20:42:23,2025-08-25T20:42:23,,,4041.94,usado
01060016-317a-4fe0-ad0b-26eeaf918811,2025-06-24T23:12:52,Isabela Nascimento,isabela.nasc83@yahoo.com.br,Juliana Costa,Juliana Costa,venda,Google Ads - Apartamentos SP,TE-8917,2025-06-26T01:57:44,2025-06-26T07:57:12,2025-07-22T07:57:12,,,1912734.33,usado
878f0e97-3864-4c82-88a4-b4f7bc35d6e3,2025-06-25T00:53:08,Amanda Castro,amanda.castro4@hotmail.com,Fernanda Rodrigues,Fernanda Rodrigues,venda,OLX Imóveis,SL-8711,2025-06-26T06:46:31,2025-06-26T08:09:25,2025-07-18T08:09:25,,,644684.72,usado
9f62b9a9-67fd-4cc8-9c3a-ad48c2c2cf54,2025-06-25T10:46:40,Gustavo Nunes,gustavo.nunes95@gmail.com,Juliana Costa,Paulo Henrique Santos,locação,Jetimob - Portal,CS-3694,2025-06-26T16:51:46,2025-06-26T17:53:41,,2025-08-17T17:53:41,Preço acima do orçamento,,novo
48bf6706-9ead-4539-b042-61f4cfbf6cbc,2025-06-25T19:42:35,Julia Medeiros,julia.med82@outlook.com,Marcos Oliveira,Camila Alves,venda,Zap Imóveis,SL-4450,2025-06-26T11:32:34,2025-06-26T17:04:11,2025-06-29T17:04:11,,,1054653.62,usado
5e439d47-e3d3-448d-962a-7593866e35ab,2025-06-26T05:10:41,Bruno Almeida,bruno.almeida76@yahoo.com.br,Paulo Henrique Santos,Marcos Oliveira,venda,Google Ads - Apartamentos SP,TE-9520,2025-06-26T11:10:04,2025-06-26T16:02:32,,2025-08-16T16:02:32,Imóvel não atendeu expectativa,,usado
eaa58870-24b0-40d4-8d41-84d99ebd614a,2025-06-26T05:15:19,Nelson Xavier,nelson.xavier18@gmail.com,Juliana Costa,Juliana Costa,locação,Google Ads - Apartamentos SP,CS-9086,2025-06-28T00:40:20,2025-06-28T05:02:21,,,,,novo
c5eaeeb0-422e-4301-be04-0bafbe458ea4,2025-06-26T07:50:51,Camila Teixeira,camila.teix64@gmail.com,Fernanda Rodrigues,Fernanda Rodrigues,venda,Indicação - Cliente,SL-4149,2025-06-26T19:03:54,2025-06-26T20:46:24,,,,,usado
250bc90f-1ac5-4aaa-ba83-281f801f763d,2025-06-26T08:26:42,Gabriel Souza,gabriel.souza74@yahoo.com.br,Marcos Oliveira,Marcos Oliveira,locação,Google Ads - Apartamentos SP,AP-4690,2025-06-26T20:56:38,2025-06-26T22:40:11,,2025-07-17T22:40:11,Negociação travou,,novo
4b3a1778-1ba6-415e-a44c-87091bdcda9c,2025-06-26T09:12:45,Helena Freitas,helena.freitas23@outlook.com,Marcos Oliveira,Marcos Oliveira,locação,Jetimob - Portal,CS-3332,2025-06-26T15:18:59,2025-06-26T16:31:57,2025-07-13T16:31:57,,,1207.55,usado
6d8e4810-9d98-4267-9317-e731217eaec8,2025-06-26T16:55:09,Felipe Ribeiro,felipe.ribeiro77@outlook.com,Marcos Oliveira,Marcos Oliveira,venda,Zap Imóveis,TE-3280,2025-06-27T04:59:42,2025-06-27T07:47:05,2025-08-08T07:47:05,,,1335546.63,usado
27dc8749-cbfc-4509-8b37-100fe5946038,2025-06-26T21:38:14,Beatriz Lima,beatriz.lima31@outlook.com,Ana Paula Ferreira,Ana Paula Ferreira,venda,Whatsapp - Indicação Direta,CO-7421,2025-06-28T08:53:31,2025-06-28T14:13:46,,2025-07-12T14:13:46,Comprou com outra imobiliária,,novo
0665bef3-2a28-458a-a024-aff216a4ca97,2025-06-27T03:52:39,Leandro Santana,leandro.sant76@hotmail.com,Fernanda Rodrigues,Fernanda Rodrigues,locação,OLX Imóveis,CO-2007,2025-06-27T11:02:36,2025-06-27T13:00:35,2025-07-05T13:00:35,,,2244.54,novo
3be460b7-ed1c-455a-967a-3f5724ab2734,2025-06-27T05:08:54,Amanda Castro,amanda.castro34@hotmail.com,Juliana Costa,Juliana Costa,locação,Google Ads - Apartamentos SP,CS-6785,2025-06-28T10:52:50,2025-06-28T12:15:54,,2025-07-10T12:15:54,Comprou com outra imobiliária,,novo
aedb7b7e-50ba-42b1-ba48-a590d01c618b,2025-06-27T12:35:55,Thiago Carvalho,thiago.carvalho40@hotmail.com,Carlos Eduardo Silva,Carlos Eduardo Silva,venda,Instagram - Casarão SP,CS-6169,2025-06-28T01:45:56,2025-06-28T03:21:41,,,,,usado
0d580e12-c565-4d1d-ab9e-7e5c7c1eeae7,2025-06-27T16:30:30,Julia Medeiros,julia.med69@gmail.com,Juliana Costa,Paulo Henrique Santos,venda,OLX Imóveis,SL-5929,2025-06-29T04:51:09,2025-06-29T06:59:18,,,,,novo
d9149645-0f07-443a-ba43-6df4efbfeb72,2025-06-27T23:27:41,Rafael Torres,rafael.torres8@outlook.com,Juliana Costa,Juliana Costa,venda,Whatsapp - Indicação Direta,CO-8606,2025-06-28T14:50:04,2025-06-28T18:49:16,2025-07-15T18:49:16,,,468562.17,novo
e1241496-8868-4358-ac71-83335a1dfa44,2025-06-28T05:50:26,Mariana Gomes,mariana.gomes60@hotmail.com,Ana Paula Ferreira,Ana Paula Ferreira,venda,OLX Imóveis,TE-8703,2025-06-29T19:26:53,2025-06-30T01:12:53,,,,,usado
480738f9-4cc4-46be-becc-1de361db2c25,2025-06-28T07:40:48,Julia Medeiros,julia.med67@gmail.com,Ana Paula Ferreira,Ana Paula Ferreira,venda,Site Orgânico,TE-9715,2025-06-29T09:57:05,2025-06-29T11:33:24,,2025-07-28T11:33:24,Desistiu da compra,,usado
68fc6546-051a-4309-9a3d-1c4aab0805ca,2025-06-28T11:06:17,Diego Martins,diego.martins53@hotmail.com,Marcos Oliveira,Roberto Mendes,venda,Whatsapp - Indicação Direta,CS-7649,2025-06-28T20:23:50,2025-06-28T22:14:53,,,,,novo
b7e21730-bf39-4cf8-86f0-3b28d69860d6,2025-06-28T12:49:02,Gustavo Nunes,gustavo.nunes14@gmail.com,Juliana Costa,Fernanda Rodrigues,locação,OLX Imóveis,TE-1534,2025-06-29T07:10:17,2025-06-29T13:09:33,2025-07-11T13:09:33,,,1977.45,usado
eed95fec-5736-43e4-9916-0270459bad35,2025-06-28T15:03:18,Camila Teixeira,camila.teix60@yahoo.com.br,Juliana Costa,Ana Paula Ferreira,venda,Zap Imóveis,CS-7551,2025-06-30T06:25:22,2025-06-30T10:56:24,,2025-07-26T10:56:24,Não respondeu,,usado
db1c6cdf-51fb-4a38-ba81-7ccbd5010a17,2025-06-28T17:52:46,Julia Medeiros,julia.med70@hotmail.com,Ana Paula Ferreira,Ana Paula Ferreira,venda,Instagram - Casarão SP,CS-1036,2025-06-29T12:50:02,2025-06-29T18:24:38,,,,,usado
61886157-6b71-4ec9-ac58-bb1d743bb91d,2025-06-28T21:59:06,Felipe Ribeiro,felipe.ribeiro78@gmail.com,Marcos Oliveira,Marcos Oliveira,venda,LinkedIn Ads - Alto Padrão,CO-1719,2025-06-29T11:13:04,2025-06-29T12:01:57,,2025-07-01T12:01:57,Negociação travou,,usado
a4b87e9d-fad6-49ef-a0e6-414cb0a1f8ae,2025-06-29T03:10:31,Eduardo Moreira,eduardo.mor44@gmail.com,Carlos Eduardo Silva,Carlos Eduardo Silva,venda,OLX Imóveis,SL-5500,2025-06-29T22:27:06,2025-06-30T02:00:44,,2025-08-09T02:00:44,Preço acima do orçamento,,novo
5f6a663a-eb59-4e26-9529-cec0ec409847,2025-06-29T09:51:43,Larissa Pereira,larissa.pereira45@gmail.com,Fernanda Rodrigues,Roberto Mendes,venda,Indicação - Cliente,TE-7898,2025-06-29T12:38:16,2025-06-29T13:53:44,,,,,novo
48e7c1c7-97a8-4c16-bc5c-51f4e0307935,2025-06-29T14:07:52,Fernanda Lopes,fernanda.lop12@yahoo.com.br,Fernanda Rodrigues,Ana Paula Ferreira,venda,OLX Imóveis,CO-8159,2025-06-30T02:38:30,2025-06-30T04:44:31,2025-08-15T04:44:31,,,700044.85,usado
1978b0cd-428e-42f5-b597-e0884063aa73,2025-07-02T01:50:54,Nelson Xavier,nelson.xavier43@outlook.com,Carlos Eduardo Silva,Carlos Eduardo Silva,venda,Site Orgânico,CO-1334,2025-07-02T19:21:08,2025-07-02T23:59:35,,2025-07-24T23:59:35,Preço acima do orçamento,,novo
dc0dc248-833f-4820-8aae-5b969f89738d,2025-07-02T03:31:53,Beatriz Lima,beatriz.lima66@gmail.com,Ana Paula Ferreira,Paulo Henrique Santos,venda,Site Orgânico,SL-9424,2025-07-02T23:59:17,2025-07-03T05:55:37,,2025-07-20T05:55:37,Imóvel não atendeu expectativa,,usado
12e3bbb0-c91c-40f7-8d46-f51a38f4068a,2025-07-02T08:25:20,Larissa Pereira,larissa.pereira24@outlook.com,Paulo Henrique Santos,Paulo Henrique Santos,locação,Google Ads - Apartamentos SP,CO-9951,2025-07-03T06:06:17,2025-07-03T11:27:51,,,,,novo
03654971-654d-4af1-9bd1-38d6082fb1de,2025-07-02T08:26:47,Felipe Ribeiro,felipe.ribeiro30@gmail.com,Carlos Eduardo Silva,Carlos Eduardo Silva,venda,Meta - Novos Empreendimentos,SL-4162,2025-07-04T02:22:47,2025-07-04T08:12:39,2025-07-23T08:12:39,,,1104853.63,usado
4bb112b2-7dee-4f89-9176-3e07ffc76a48,2025-07-02T18:07:30,Fernanda Lopes,fernanda.lop35@hotmail.com,Marcos Oliveira,Marcos Oliveira,venda,Jetimob - Portal,AP-9841,2025-07-04T12:08:03,2025-07-04T17:03:32,,2025-07-24T17:03:32,Desistiu da compra,,usado
b9480425-72a5-4cf5-bbf1-4e7ecd1fe2b7,2025-07-03T10:08:30,Felipe Ribeiro,felipe.ribeiro91@outlook.com,Marcos Oliveira,Ana Paula Ferreira,locação,Meta - Novos Empreendimentos,TE-3739,2025-07-04T08:56:39,2025-07-04T09:28:44,,2025-07-20T09:28:44,Mudou de cidade,,usado
a8b90751-d50d-4bfc-9a35-09a21fd96eee,2025-07-03T15:32:33,Lucas Barbosa,lucas.barbosa88@hotmail.com,Camila Alves,Camila Alves,locação,Jetimob - Portal,AP-3875,2025-07-05T10:37:56,2025-07-05T13:05:21,,,,,usado
1b9559ee-eb79-4c12-b828-084e5bc53756,2025-07-03T16:39:34,Larissa Pereira,larissa.pereira23@gmail.com,Marcos Oliveira,Ana Paula Ferreira,venda,Site Orgânico,SL-9739,2025-07-04T11:21:22,2025-07-04T12:11:10,,,,,usado
a67b04c7-7568-43de-8e6f-57c20635b21e,2025-07-03T21:57:48,Beatriz Lima,beatriz.lima64@gmail.com,Juliana Costa,Juliana Costa,locação,Whatsapp - Indicação Direta,AP-1425,2025-07-05T03:32:16,2025-07-05T04:31:48,,,,,usado
73342545-6dc8-454e-9993-cd0f38a2465e,2025-07-03T23:01:41,Monica Correia,monica.corr44@gmail.com,Carlos Eduardo Silva,Carlos Eduardo Silva,venda,Google Ads - Apartamentos SP,CO-8421,2025-07-04T21:15:18,2025-07-04T23:00:56,2025-07-13T23:00:56,,,472320.64,novo
58c0a6e1-c451-4a7b-b07f-7b9a302ff50e,2025-07-04T02:05:37,Helena Freitas,helena.freitas31@outlook.com,Paulo Henrique Santos,Paulo Henrique Santos,locação,Meta - Novos Empreendimentos,TE-6904,2025-07-05T06:08:17,2025-07-05T06:41:34,,2025-08-13T06:41:34,Imóvel não atendeu expectativa,,novo
5325934c-3ee7-4934-90c3-39d099542738,2025-07-04T06:28:54,Eduardo Moreira,eduardo.mor65@outlook.com,Ana Paula Ferreira,Ana Paula Ferreira,locação,Indicação - Cliente,CO-4725,2025-07-05T13:06:08,2025-07-05T14:39:42,,2025-09-03T14:39:42,Desistiu da compra,,usado
8b2e465f-8ecc-482a-b659-d07c418110ce,2025-07-04T08:38:26,Igor Pinto,igor.pinto22@yahoo.com.br,Roberto Mendes,Roberto Mendes,venda,OLX Imóveis,TE-1675,2025-07-06T03:06:46,2025-07-06T07:12:57,,2025-07-18T07:12:57,Não respondeu,,usado
dddcca74-69bf-429f-a21f-f4351ab780bd,2025-07-04T10:46:17,Felipe Ribeiro,felipe.ribeiro6@outlook.com,Roberto Mendes,Roberto Mendes,venda,Whatsapp - Indicação Direta,CO-4633,2025-07-05T09:18:05,2025-07-05T11:26:01,,,,,usado
d2e8d323-2648-4c3a-b1c0-b7edb81bb3e5,2025-07-04T13:02:59,Patricia Dias,patricia.dias66@gmail.com,Marcos Oliveira,Marcos Oliveira,venda,Instagram - Casarão SP,CS-3057,2025-07-06T04:01:47,2025-07-06T06:13:18,,2025-08-02T06:13:18,Mudou de cidade,,novo
cb541b39-69fc-4af0-952c-4365f35f8174,2025-07-04T15:19:09,Thiago Carvalho,thiago.carvalho18@gmail.com,Camila Alves,Carlos Eduardo Silva,venda,LinkedIn Ads - Alto Padrão,CO-4416,2025-07-06T09:12:19,2025-07-06T11:09:12,,2025-07-24T11:09:12,Negociação travou,,usado
037e008a-4f1b-4605-b74c-7661f79e9571,2025-07-04T15:28:36,Amanda Castro,amanda.castro38@gmail.com,Juliana Costa,Juliana Costa,venda,Zap Imóveis,CS-9621,2025-07-06T09:53:43,2025-07-06T11:04:02,,2025-08-27T11:04:02,Comprou com outra imobiliária,,novo
ab3392fb-d829-4588-9593-46532ac26db0,2025-07-04T15:41:45,Gustavo Nunes,gustavo.nunes35@yahoo.com.br,Paulo Henrique Santos,Paulo Henrique Santos,locação,LinkedIn Ads - Alto Padrão,AP-2800,2025-07-05T22:56:03,2025-07-06T00:11:23,,2025-07-21T00:11:23,Imóvel não atendeu expectativa,,usado
b33976d0-a9e3-414f-ade6-59faef183701,2025-07-05T01:46:06,Eduardo Moreira,eduardo.mor48@gmail.com,Juliana Costa,Juliana Costa,venda,Instagram - Casarão SP,TE-3307,2025-07-06T05:03:00,2025-07-06T08:58:12,2025-09-24T08:58:12,,,2747809.55,novo
5c172808-b51e-4340-8858-602fec1fb6e5,2025-07-05T01:55:35,Rafael Torres,rafael.torres66@hotmail.com,Camila Alves,Juliana Costa,locação,OLX Imóveis,AP-1151,2025-07-05T18:27:15,2025-07-05T22:20:10,,2025-07-12T22:20:10,Negociação travou,,usado
1ae8a76f-8e64-4503-b563-45098442f07c,2025-07-05T05:37:24,Beatriz Lima,beatriz.lima74@yahoo.com.br,Juliana Costa,Juliana Costa,locação,Indicação - Cliente,CS-6341,2025-07-06T07:36:18,2025-07-06T10:54:34,,2025-07-09T10:54:34,Comprou com outra imobiliária,,usado
cd7d998f-5215-43d8-9a2f-d6ea01a2b791,2025-07-05T06:02:24,Felipe Ribeiro,felipe.ribeiro72@outlook.com,Ana Paula Ferreira,Ana Paula Ferreira,locação,Google Ads - Apartamentos SP,CS-6903,2025-07-06T18:05:16,2025-07-06T21:18:48,,2025-08-15T21:18:48,Não respondeu,,usado
4b6c32c2-90fc-43ce-98c8-a18f7a930251,2025-07-05T06:14:07,Amanda Castro,amanda.castro29@hotmail.com,Fernanda Rodrigues,Camila Alves,venda,LinkedIn Ads - Alto Padrão,AP-2663,2025-07-06T17:47:54,2025-07-06T23:30:18,,2025-08-04T23:30:18,Negociação travou,,novo
c8665183-6dc7-4bab-82cf-de3d81090460,2025-07-05T08:56:03,Natalia Rocha,natalia.rocha33@outlook.com,Ana Paula Ferreira,Ana Paula Ferreira,venda,OLX Imóveis,SL-2179,2025-07-07T05:01:16,2025-07-07T07:24:12,,2025-07-09T07:24:12,Não respondeu,,novo
e4ec675c-0a70-4d4c-a0c6-1c11a374be7b,2025-07-05T11:00:40,Julia Medeiros,julia.med93@outlook.com,Paulo Henrique Santos,Paulo Henrique Santos,venda,Whatsapp - Indicação Direta,SL-4330,2025-07-06T05:40:03,2025-07-06T06:42:06,,2025-08-12T06:42:06,Desistiu da compra,,novo
bb462a0b-e25a-4cdb-af57-79449e3d0a02,2025-07-05T13:15:40,Thiago Carvalho,thiago.carvalho75@outlook.com,Juliana Costa,Juliana Costa,venda,Zap Imóveis,CS-7463,2025-07-06T03:25:37,2025-07-06T04:31:05,,,,,novo
e5b8d492-efce-4e18-a1df-167807f1fc2e,2025-07-06T03:06:24,Eduardo Moreira,eduardo.mor69@hotmail.com,Juliana Costa,Juliana Costa,locação,Site Orgânico,TE-9907,2025-07-07T05:01:29,2025-07-07T05:59:04,,2025-07-13T05:59:04,Sem perfil para financiamento,,usado
2a36ed53-6fd5-4017-907d-286f2b3e3daa,2025-07-06T05:20:53,Rafael Torres,rafael.torres98@hotmail.com,Marcos Oliveira,Marcos Oliveira,locação,Indicação - Cliente,CS-6907,2025-07-07T00:28:45,2025-07-07T01:46:17,2025-09-23T01:46:17,,,2214.93,novo
689b629d-3afc-452c-bd81-146f887acf5d,2025-07-06T16:11:15,Rafael Torres,rafael.torres69@hotmail.com,Fernanda Rodrigues,Roberto Mendes,venda,Site Orgânico,TE-5592,2025-07-07T00:57:56,2025-07-07T05:35:58,,2025-08-25T05:35:58,Comprou com outra imobiliária,,usado
5b40ecff-0114-46e2-87b0-d2b3bb7ef3a9,2025-07-06T17:17:15,Natalia Rocha,natalia.rocha12@gmail.com,Ana Paula Ferreira,Ana Paula Ferreira,locação,Whatsapp - Indicação Direta,CS-8599,2025-07-08T16:22:48,2025-07-08T20:29:35,,2025-08-05T20:29:35,Não respondeu,,usado
bc1c8969-2ebf-4d6e-8949-32f5b39f10c4,2025-07-06T17:51:06,Felipe Ribeiro,felipe.ribeiro36@gmail.com,Marcos Oliveira,Marcos Oliveira,venda,Jetimob - Portal,CS-9599,2025-07-07T14:08:22,2025-07-07T19:53:01,,2025-08-15T19:53:01,Desistiu da compra,,usado
fef28669-c884-4b05-9fce-7af888d5e2b0,2025-07-07T10:27:16,Gabriel Souza,gabriel.souza91@gmail.com,Camila Alves,Camila Alves,locação,Instagram - Casarão SP,AP-4524,2025-07-09T10:21:01,2025-07-09T12:10:17,,2025-07-14T12:10:17,Preço acima do orçamento,,novo
9716964c-8a35-4b78-81ae-47d45341c2f9,2025-07-07T13:52:55,Natalia Rocha,natalia.rocha25@outlook.com,Marcos Oliveira,Roberto Mendes,venda,Meta - Novos Empreendimentos,CS-5417,2025-07-08T00:27:26,2025-07-08T03:49:24,2025-08-31T03:49:24,,,1967696.65,novo
18114b6a-2822-4a4b-b241-6883815f40ab,2025-07-07T21:15:07,Rafael Torres,rafael.torres66@hotmail.com,Roberto Mendes,Ana Paula Ferreira,venda,Meta - Novos Empreendimentos,TE-3698,2025-07-08T17:09:32,2025-07-08T21:05:59,,,,,novo
00d1fbe8-41fc-4299-82f7-3d14781ab947,2025-07-07T23:09:34,Isabela Nascimento,isabela.nasc23@yahoo.com.br,Paulo Henrique Santos,Paulo Henrique Santos,venda,Instagram - Casarão SP,CO-4755,2025-07-09T06:43:21,2025-07-09T09:20:46,,2025-07-27T09:20:46,Negociação travou,,usado
18d21c2d-7a7c-40ef-a36c-660bdcbf2cae,2025-07-08T01:30:55,Isabela Nascimento,isabela.nasc83@hotmail.com,Ana Paula Ferreira,Fernanda Rodrigues,venda,Google Ads - Apartamentos SP,SL-6569,2025-07-08T11:23:28,2025-07-08T15:22:22,,2025-07-20T15:22:22,Não respondeu,,usado
ccbc1791-291f-415c-ac7a-16acf8e84998,2025-07-08T01:31:38,Gustavo Nunes,gustavo.nunes42@hotmail.com,Paulo Henrique Santos,Carlos Eduardo Silva,venda,Site Orgânico,SL-4853,2025-07-09T03:34:55,2025-07-09T08:23:26,,,,,usado
30d54e9a-0aec-462a-8d58-c34658fd2653,2025-07-08T17:39:38,Bruno Almeida,bruno.almeida62@hotmail.com,Carlos Eduardo Silva,Carlos Eduardo Silva,locação,Instagram - Casarão SP,CS-5789,2025-07-09T01:30:49,2025-07-09T04:21:33,,2025-08-02T04:21:33,Não respondeu,,usado
765510f2-60f2-4327-9f7e-e64b2b0ea784,2025-07-08T18:46:44,Monica Correia,monica.corr59@outlook.com,Roberto Mendes,Roberto Mendes,locação,Zap Imóveis,AP-1542,2025-07-08T20:11:15,2025-07-09T00:20:40,2025-07-15T00:20:40,,,1238.48,usado
7fcef49f-2369-4642-b657-ceb0122c6a14,2025-07-09T03:03:13,Mariana Gomes,mariana.gomes13@hotmail.com,Roberto Mendes,Fernanda Rodrigues,locação,Site Orgânico,AP-7102,2025-07-10T00:00:40,2025-07-10T02:48:20,,2025-08-05T02:48:20,Sem perfil para financiamento,,usado
a4a99eea-1770-47d7-92ae-2c0f763a988e,2025-07-09T14:39:33,Natalia Rocha,natalia.rocha68@outlook.com,Roberto Mendes,Roberto Mendes,venda,Jetimob - Portal,CO-3445,2025-07-10T01:40:22,2025-07-10T03:56:31,,2025-08-03T03:56:31,Sem perfil para financiamento,,usado
21f53e13-18b8-40ce-ad3a-a9ac9313421d,2025-07-09T16:27:32,Patricia Dias,patricia.dias45@outlook.com,Juliana Costa,Juliana Costa,locação,Instagram - Casarão SP,CO-3590,2025-07-10T23:27:17,2025-07-11T03:14:59,,,,,novo
bc993328-6477-46a2-97da-ef5b3a7a92fe,2025-07-09T16:54:37,Eduardo Moreira,eduardo.mor19@outlook.com,Fernanda Rodrigues,Fernanda Rodrigues,venda,Whatsapp - Indicação Direta,CS-3407,2025-07-10T07:06:44,2025-07-10T11:51:36,,,,,novo
c4e156c2-13c2-42c9-b7f7-d9e0c9e01661,2025-07-09T16:55:12,Patricia Dias,patricia.dias61@gmail.com,Marcos Oliveira,Marcos Oliveira,venda,Indicação - Cliente,TE-9698,2025-07-09T18:25:02,2025-07-09T20:16:51,,,,,novo
080e73c3-f774-410c-acf8-a05f6f60fb88,2025-07-09T19:44:07,Rodrigo Cunha,rodrigo.cunha21@hotmail.com,Roberto Mendes,Roberto Mendes,locação,Google Ads - Apartamentos SP,CO-7776,2025-07-11T03:28:32,2025-07-11T06:58:52,,2025-07-18T06:58:52,Negociação travou,,usado
855ed18c-b218-46ae-9f08-b9f423bc2fbb,2025-07-09T20:59:17,Diego Martins,diego.martins31@yahoo.com.br,Roberto Mendes,Roberto Mendes,venda,Indicação - Cliente,CO-5435,2025-07-11T08:07:37,2025-07-11T12:01:24,,2025-08-26T12:01:24,Imóvel não atendeu expectativa,,usado
adf7c2b6-f2ec-46dd-b931-bbce795bcaf6,2025-07-09T22:08:50,Helena Freitas,helena.freitas18@yahoo.com.br,Paulo Henrique Santos,Paulo Henrique Santos,venda,Whatsapp - Indicação Direta,CO-6476,2025-07-10T19:46:03,2025-07-11T00:43:44,,,,,usado
4c50393f-693a-459a-9257-188d2626cec9,2025-07-10T03:46:11,Gustavo Nunes,gustavo.nunes14@gmail.com,Camila Alves,Camila Alves,locação,OLX Imóveis,TE-2751,2025-07-12T00:52:45,2025-07-12T06:18:06,2025-08-26T06:18:06,,,1682.79,novo
dcb4fe89-de1d-4f1d-b983-91394767dfb7,2025-07-10T03:54:21,Isabela Nascimento,isabela.nasc61@hotmail.com,Paulo Henrique Santos,Paulo Henrique Santos,venda,Instagram - Casarão SP,TE-1394,2025-07-10T10:25:17,2025-07-10T16:08:07,,,,,usado
9e6b36de-6a60-4fbd-88c8-2b7a86b05a1f,2025-07-10T06:30:32,Beatriz Lima,beatriz.lima35@hotmail.com,Carlos Eduardo Silva,Ana Paula Ferreira,locação,Indicação - Cliente,CS-4645,2025-07-12T02:47:37,2025-07-12T04:52:59,2025-09-03T04:52:59,,,1537.87,usado
8bb6c9d1-e582-49da-b509-f47b8c8541b2,2025-07-10T10:15:00,Thiago Carvalho,thiago.carvalho93@hotmail.com,Ana Paula Ferreira,Ana Paula Ferreira,venda,Google Ads - Apartamentos SP,AP-5466,2025-07-12T03:06:44,2025-07-12T07:29:11,2025-10-05T07:29:11,,,1393088.97,usado
93aa3fda-7088-4840-93ca-e487f8b5ed68,2025-07-10T16:01:50,Rafael Torres,rafael.torres63@hotmail.com,Marcos Oliveira,Camila Alves,venda,Instagram - Casarão SP,CS-4822,2025-07-11T13:03:27,2025-07-11T14:43:04,,2025-08-13T14:43:04,Sem perfil para financiamento,,usado
466103d0-9eb3-4957-ad88-9f8b94d5f735,2025-07-11T09:13:12,Bruno Almeida,bruno.almeida58@hotmail.com,Roberto Mendes,Roberto Mendes,venda,Meta - Novos Empreendimentos,SL-6326,2025-07-12T16:54:39,2025-07-12T21:09:09,,2025-07-25T21:09:09,Comprou com outra imobiliária,,usado
a050b676-b2aa-41f9-86df-c9e5da5b1a68,2025-07-11T19:35:21,Rafael Torres,rafael.torres20@hotmail.com,Camila Alves,Camila Alves,venda,LinkedIn Ads - Alto Padrão,TE-2390,2025-07-12T14:45:36,2025-07-12T16:23:41,,2025-08-23T16:23:41,Comprou com outra imobiliária,,usado
e4cb9d99-dd36-4307-a90d-b27bbd1b86f1,2025-07-11T22:14:52,Patricia Dias,patricia.dias32@yahoo.com.br,Marcos Oliveira,Fernanda Rodrigues,venda,Whatsapp - Indicação Direta,TE-9736,2025-07-12T12:22:51,2025-07-12T16:05:40,2025-08-21T16:05:40,,,1822257.62,novo
fff73cd6-e282-482d-b20e-31d30bb6a3d7,2025-07-11T23:11:01,Gustavo Nunes,gustavo.nunes46@hotmail.com,Roberto Mendes,Juliana Costa,locação,Meta - Novos Empreendimentos,CS-4495,2025-07-13T18:07:38,2025-07-13T20:30:24,,,,,usado
247f426d-1a62-47af-ad88-4ae2fed6d056,2025-07-12T00:10:22,Nelson Xavier,nelson.xavier44@yahoo.com.br,Ana Paula Ferreira,Ana Paula Ferreira,locação,Site Orgânico,CO-9368,2025-07-13T13:53:53,2025-07-13T16:21:27,2025-08-07T16:21:27,,,2833.61,novo
cfe3df74-5003-4f62-87ec-9a451973f74b,2025-07-12T02:53:04,Diego Martins,diego.martins21@outlook.com,Juliana Costa,Carlos Eduardo Silva,venda,OLX Imóveis,CS-2621,2025-07-13T13:44:19,2025-07-13T15:10:43,,2025-09-10T15:10:43,Não respondeu,,usado
6bae122a-e24b-4b94-b041-8ee602a3f4ef,2025-07-12T05:13:07,Helena Freitas,helena.freitas49@yahoo.com.br,Paulo Henrique Santos,Paulo Henrique Santos,venda,LinkedIn Ads - Alto Padrão,CS-1262,2025-07-13T17:15:36,2025-07-13T20:14:05,,2025-08-31T20:14:05,Comprou com outra imobiliária,,novo
9805e273-e220-4939-86b5-28d434243cb3,2025-07-12T05:16:24,Thiago Carvalho,thiago.carvalho16@hotmail.com,Camila Alves,Camila Alves,locação,Indicação - Cliente,AP-2886,2025-07-13T13:37:51,2025-07-13T14:46:07,,2025-07-20T14:46:07,Comprou com outra imobiliária,,usado
3cff40af-8219-4a6a-a5c5-316ac1407216,2025-07-12T05:34:39,Larissa Pereira,larissa.pereira38@yahoo.com.br,Juliana Costa,Juliana Costa,locação,Google Ads - Apartamentos SP,CS-9324,2025-07-13T04:57:52,2025-07-13T07:58:39,,,,,usado
93ba8600-c1b7-4442-b0d7-665dc3778e61,2025-07-12T05:54:00,Isabela Nascimento,isabela.nasc71@outlook.com,Carlos Eduardo Silva,Camila Alves,locação,Zap Imóveis,SL-4889,2025-07-14T01:43:10,2025-07-14T06:16:16,,2025-08-10T06:16:16,Preço acima do orçamento,,usado
07a468c2-b2b3-4c03-ad81-a38b8b367d21,2025-07-12T06:26:15,Eduardo Moreira,eduardo.mor76@hotmail.com,Fernanda Rodrigues,Carlos Eduardo Silva,venda,Whatsapp - Indicação Direta,AP-7854,2025-07-13T15:50:10,2025-07-13T21:04:09,,2025-08-21T21:04:09,Preço acima do orçamento,,usado
c30ff8d1-787a-4117-8cd3-52571b532558,2025-07-12T07:29:38,Monica Correia,monica.corr55@hotmail.com,Carlos Eduardo Silva,Juliana Costa,locação,Google Ads - Apartamentos SP,TE-4328,2025-07-14T01:57:48,2025-07-14T02:56:57,,,,,novo
ffc8f4e5-37fc-4367-ae3d-0421b9bb46df,2025-07-12T09:15:18,Isabela Nascimento,isabela.nasc41@yahoo.com.br,Marcos Oliveira,Marcos Oliveira,venda,Google Ads - Apartamentos SP,CS-2080,2025-07-13T20:58:03,2025-07-14T00:10:18,,,,,usado
37719165-016e-4b67-9c24-67b915c0a105,2025-07-12T12:02:26,Leandro Santana,leandro.sant7@yahoo.com.br,Marcos Oliveira,Marcos Oliveira,locação,OLX Imóveis,AP-4927,2025-07-13T22:19:07,2025-07-14T02:20:55,,2025-07-18T02:20:55,Preço acima do orçamento,,usado
2bbb265a-7532-43f2-ad23-69b431f6bc55,2025-07-12T12:09:56,Gabriel Souza,gabriel.souza45@outlook.com,Roberto Mendes,Juliana Costa,venda,Site Orgânico,TE-5656,2025-07-13T02:37:49,2025-07-13T06:30:15,2025-08-13T06:30:15,,,2256963.15,novo
e07bbb14-510c-43d4-80ad-7f2918585444,2025-07-12T18:07:35,Thiago Carvalho,thiago.carvalho88@hotmail.com,Ana Paula Ferreira,Ana Paula Ferreira,venda,Meta - Novos Empreendimentos,CO-6857,2025-07-14T03:39:06,2025-07-14T05:48:11,,2025-07-28T05:48:11,Sem perfil para financiamento,,usado
b0e0e0cb-9d95-4c65-90f4-a133fab28132,2025-07-12T18:33:57,Thiago Carvalho,thiago.carvalho58@hotmail.com,Ana Paula Ferreira,Marcos Oliveira,venda,Whatsapp - Indicação Direta,AP-3763,2025-07-12T20:57:17,2025-07-13T02:12:26,,2025-07-16T02:12:26,Não respondeu,,usado
f9e361d4-a5c7-4b16-b77f-ea02c7408b35,2025-07-13T02:32:48,Rafael Torres,rafael.torres21@gmail.com,Ana Paula Ferreira,Ana Paula Ferreira,venda,Google Ads - Apartamentos SP,SL-8967,2025-07-15T02:13:13,2025-07-15T05:49:01,,2025-09-12T05:49:01,Sem perfil para financiamento,,usado
487ac9f6-adc8-4abc-83b3-131cbec77693,2025-07-13T19:14:11,Rodrigo Cunha,rodrigo.cunha87@yahoo.com.br,Carlos Eduardo Silva,Carlos Eduardo Silva,venda,Whatsapp - Indicação Direta,TE-9761,2025-07-14T21:25:38,2025-07-14T23:51:56,,,,,usado
717bcec3-c533-45b5-8041-586222e1a02b,2025-07-14T01:53:23,Lucas Barbosa,lucas.barbosa29@outlook.com,Carlos Eduardo Silva,Carlos Eduardo Silva,locação,Meta - Novos Empreendimentos,TE-9272,2025-07-16T01:28:43,2025-07-16T02:30:10,,,,,usado
fecf0f26-52a8-4e47-9f51-3d863f570bcd,2025-07-14T01:54:42,Natalia Rocha,natalia.rocha94@yahoo.com.br,Carlos Eduardo Silva,Carlos Eduardo Silva,venda,Google Ads - Apartamentos SP,SL-9010,2025-07-15T20:23:41,2025-07-15T23:44:50,,2025-08-21T23:44:50,Negociação travou,,usado
4afc342a-30ed-475e-b524-7500148f00e1,2025-07-14T02:27:51,Thiago Carvalho,thiago.carvalho24@yahoo.com.br,Roberto Mendes,Ana Paula Ferreira,venda,Google Ads - Apartamentos SP,CO-7265,2025-07-14T14:59:53,2025-07-14T19:09:47,2025-09-11T19:09:47,,,1011889.11,usado
86f94efb-ab91-4c66-babb-7717884f267b,2025-07-14T04:24:05,Camila Teixeira,camila.teix59@gmail.com,Marcos Oliveira,Carlos Eduardo Silva,venda,OLX Imóveis,TE-2963,2025-07-14T22:52:58,2025-07-15T03:57:33,,2025-08-31T03:57:33,Preço acima do orçamento,,usado
91b766cf-c7de-4d46-80b6-323637149765,2025-07-14T06:11:18,Gustavo Nunes,gustavo.nunes49@outlook.com,Paulo Henrique Santos,Paulo Henrique Santos,locação,Google Ads - Apartamentos SP,TE-1475,2025-07-14T08:35:53,2025-07-14T12:22:26,,2025-07-29T12:22:26,Preço acima do orçamento,,usado
e40bc122-086d-465a-ab13-22d1c0d02fd0,2025-07-14T06:33:17,Isabela Nascimento,isabela.nasc92@outlook.com,Ana Paula Ferreira,Ana Paula Ferreira,venda,Instagram - Casarão SP,AP-5338,2025-07-14T16:00:54,2025-07-14T20:52:28,2025-09-08T20:52:28,,,1033188.91,usado
434433e3-2f56-41ce-b91b-a3bacee4cca4,2025-07-14T06:48:11,Patricia Dias,patricia.dias36@gmail.com,Camila Alves,Camila Alves,venda,Instagram - Casarão SP,AP-1198,2025-07-15T11:25:59,2025-07-15T13:10:57,,,,,usado
7250fb50-ad02-4b16-b23a-af3b28963637,2025-07-14T06:48:13,Fernanda Lopes,fernanda.lop58@gmail.com,Camila Alves,Camila Alves,venda,Jetimob - Portal,TE-7096,2025-07-15T07:10:26,2025-07-15T09:33:05,,2025-08-09T09:33:05,Preço acima do orçamento,,usado
aa066f66-7dd3-48aa-ab14-f9f6d897391e,2025-07-14T06:54:17,Felipe Ribeiro,felipe.ribeiro56@yahoo.com.br,Carlos Eduardo Silva,Carlos Eduardo Silva,venda,Meta - Novos Empreendimentos,TE-3009,2025-07-15T21:37:00,2025-07-16T02:10:06,,2025-07-31T02:10:06,Não respondeu,,novo
a1d7d2ec-ea22-4f1f-8da2-e2de0e345afe,2025-07-14T07:03:47,Bruno Almeida,bruno.almeida99@yahoo.com.br,Roberto Mendes,Roberto Mendes,locação,Meta - Novos Empreendimentos,TE-1129,2025-07-16T03:47:58,2025-07-16T07:51:39,,2025-09-05T07:51:39,Preço acima do orçamento,,novo
4a525ab5-91d3-4184-a088-2cdaff0659fa,2025-07-14T08:18:12,Felipe Ribeiro,felipe.ribeiro62@yahoo.com.br,Roberto Mendes,Camila Alves,venda,Meta - Novos Empreendimentos,CO-1361,2025-07-14T12:40:30,2025-07-14T13:34:52,,,,,usado
b1231153-723a-4349-9459-a3ae6d6af5b8,2025-07-14T10:24:56,Bruno Almeida,bruno.almeida27@yahoo.com.br,Marcos Oliveira,Marcos Oliveira,venda,Indicação - Cliente,SL-6343,2025-07-15T18:39:51,2025-07-15T22:37:11,2025-09-12T22:37:11,,,616184.5,novo
c6a31a72-fce6-4212-8c55-32cb01ba3f48,2025-07-14T17:43:16,Leandro Santana,leandro.sant80@yahoo.com.br,Marcos Oliveira,Marcos Oliveira,venda,Indicação - Cliente,AP-4976,2025-07-16T04:09:53,2025-07-16T06:41:25,,2025-08-19T06:41:25,Mudou de cidade,,usado
53a57a1e-c8ff-4176-9ca0-1e8032a76c6c,2025-07-14T17:48:09,Rafael Torres,rafael.torres64@outlook.com,Carlos Eduardo Silva,Carlos Eduardo Silva,locação,Google Ads - Apartamentos SP,AP-7542,2025-07-16T12:56:22,2025-07-16T15:41:40,,,,,novo
6a6fff82-e371-46b4-98c6-ff2e73a6fed3,2025-07-14T22:32:00,Rodrigo Cunha,rodrigo.cunha85@yahoo.com.br,Carlos Eduardo Silva,Carlos Eduardo Silva,venda,Meta - Novos Empreendimentos,CO-1899,2025-07-16T16:19:15,2025-07-16T18:58:16,2025-09-24T18:58:16,,,985090.56,usado
aba7a84c-8e09-456c-b0bf-fbf9f2f5f8e9,2025-07-15T03:31:07,Larissa Pereira,larissa.pereira15@gmail.com,Carlos Eduardo Silva,Carlos Eduardo Silva,venda,Google Ads - Apartamentos SP,AP-2032,2025-07-16T01:42:55,2025-07-16T04:18:07,2025-07-22T04:18:07,,,767999.65,usado
f9242171-b7fe-4a03-bd8f-e653bae3aaca,2025-07-15T07:44:38,Igor Pinto,igor.pinto93@hotmail.com,Marcos Oliveira,Ana Paula Ferreira,locação,Whatsapp - Indicação Direta,CO-5319,2025-07-16T00:04:26,2025-07-16T01:53:27,2025-08-24T01:53:27,,,3216.61,novo
23b6158d-9bdc-47f4-9d89-b6c44ebcc797,2025-07-15T09:45:38,Gabriel Souza,gabriel.souza43@outlook.com,Carlos Eduardo Silva,Juliana Costa,venda,Google Ads - Apartamentos SP,AP-9987,2025-07-16T23:51:31,2025-07-17T04:26:57,,,,,usado
bdef445d-5709-458e-8d09-f9e17405f4bb,2025-07-15T13:37:59,Fernanda Lopes,fernanda.lop64@yahoo.com.br,Ana Paula Ferreira,Roberto Mendes,locação,Google Ads - Apartamentos SP,CO-3909,2025-07-17T12:51:08,2025-07-17T15:22:10,,2025-09-08T15:22:10,Imóvel não atendeu expectativa,,novo
81c9864b-6b0f-46d7-894f-e518da2c894e,2025-07-15T15:38:39,Gustavo Nunes,gustavo.nunes15@outlook.com,Ana Paula Ferreira,Ana Paula Ferreira,locação,OLX Imóveis,CS-1688,2025-07-16T06:52:16,2025-07-16T11:01:40,,2025-07-31T11:01:40,Mudou de cidade,,novo
88f1ebdd-bcb1-4f72-a78e-8e4fcd8b7324,2025-07-15T15:44:02,Larissa Pereira,larissa.pereira4@yahoo.com.br,Paulo Henrique Santos,Roberto Mendes,locação,Whatsapp - Indicação Direta,CS-3824,2025-07-17T12:06:03,2025-07-17T16:30:54,,2025-07-31T16:30:54,Comprou com outra imobiliária,,usado
4ffee09c-5c3d-4271-99bd-2717844ed32a,2025-07-16T00:18:39,Rafael Torres,rafael.torres87@hotmail.com,Paulo Henrique Santos,Paulo Henrique Santos,venda,Meta - Novos Empreendimentos,TE-4243,2025-07-16T02:20:31,2025-07-16T07:40:21,,2025-07-23T07:40:21,Preço acima do orçamento,,usado
fc123075-76af-475c-bb3e-7eb0228e14e7,2025-07-16T02:32:47,Nelson Xavier,nelson.xavier88@outlook.com,Carlos Eduardo Silva,Marcos Oliveira,venda,Instagram - Casarão SP,CO-9583,2025-07-17T22:46:29,2025-07-18T02:43:57,2025-09-15T02:43:57,,,889436.45,novo
83379eb9-ffe9-4eb4-9a60-7424919590f1,2025-07-16T04:45:58,Amanda Castro,amanda.castro90@hotmail.com,Ana Paula Ferreira,Ana Paula Ferreira,locação,Whatsapp - Indicação Direta,CS-5727,2025-07-17T04:58:42,2025-07-17T06:41:26,2025-08-02T06:41:26,,,4672.33,usado
2a10f95e-1384-4942-a126-e0a7aadb2fab,2025-07-16T08:57:06,Rafael Torres,rafael.torres43@gmail.com,Carlos Eduardo Silva,Juliana Costa,locação,Site Orgânico,CO-5108,2025-07-17T16:06:31,2025-07-17T18:14:54,,2025-09-10T18:14:54,Não respondeu,,usado
217f6103-5d3c-4381-982b-3dcc494c623d,2025-07-16T11:33:31,Thiago Carvalho,thiago.carvalho94@hotmail.com,Carlos Eduardo Silva,Carlos Eduardo Silva,venda,Zap Imóveis,SL-2755,2025-07-17T21:10:50,2025-07-18T01:41:57,,2025-08-26T01:41:57,Não respondeu,,novo
3f9f5d97-73ac-435a-ad85-15d5003310d4,2025-07-16T12:22:40,Natalia Rocha,natalia.rocha81@hotmail.com,Paulo Henrique Santos,Paulo Henrique Santos,venda,Google Ads - Apartamentos SP,TE-4637,2025-07-17T13:59:39,2025-07-17T17:15:15,,2025-09-12T17:15:15,Mudou de cidade,,novo
b50ad807-3b17-4b75-a518-19c7d1190659,2025-07-16T12:32:16,Eduardo Moreira,eduardo.mor67@yahoo.com.br,Ana Paula Ferreira,Ana Paula Ferreira,locação,Google Ads - Apartamentos SP,CS-9653,2025-07-18T05:18:03,2025-07-18T06:25:42,2025-08-21T06:25:42,,,3996.87,usado
b88ae5b8-b2e8-46b6-aba2-fb14b4dcaa5f,2025-07-16T12:58:45,Gustavo Nunes,gustavo.nunes50@gmail.com,Juliana Costa,Juliana Costa,venda,Whatsapp - Indicação Direta,CO-1974,2025-07-17T23:29:47,2025-07-18T02:29:08,,2025-09-09T02:29:08,Comprou com outra imobiliária,,novo
cba7afd8-08ef-4c11-8698-9d27029d3e81,2025-07-16T13:26:33,Mariana Gomes,mariana.gomes23@gmail.com,Roberto Mendes,Roberto Mendes,locação,LinkedIn Ads - Alto Padrão,CO-8837,2025-07-17T04:25:15,2025-07-17T05:39:35,,2025-07-22T05:39:35,Mudou de cidade,,usado
d476e2c0-fe5e-46fb-9bff-b2211e3ffd1d,2025-07-16T14:57:56,Leandro Santana,leandro.sant92@outlook.com,Camila Alves,Camila Alves,venda,OLX Imóveis,AP-7381,2025-07-18T11:20:04,2025-07-18T16:12:22,,2025-08-18T16:12:22,Não respondeu,,usado
21e55a43-b55b-4911-a4a6-693734fbf01d,2025-07-16T23:15:44,Beatriz Lima,beatriz.lima16@hotmail.com,Juliana Costa,Juliana Costa,venda,Indicação - Cliente,TE-7402,2025-07-17T00:38:43,2025-07-17T04:41:32,,2025-08-27T04:41:32,Negociação travou,,novo
8859f85e-5888-4a61-837c-fa52b700968b,2025-07-17T06:56:19,Isabela Nascimento,isabela.nasc9@outlook.com,Carlos Eduardo Silva,Carlos Eduardo Silva,venda,Zap Imóveis,SL-1972,2025-07-18T17:58:34,2025-07-18T23:55:02,,2025-09-07T23:55:02,Preço acima do orçamento,,novo
0750870f-56aa-4262-8e1f-609f9f96ad8e,2025-07-17T07:54:40,Igor Pinto,igor.pinto52@gmail.com,Fernanda Rodrigues,Fernanda Rodrigues,locação,Instagram - Casarão SP,AP-3902,2025-07-17T11:58:19,2025-07-17T13:12:57,,2025-08-07T13:12:57,Imóvel não atendeu expectativa,,usado
da9a9fe7-bc9d-4cfc-bf79-1082708a4e0a,2025-07-18T01:58:44,Amanda Castro,amanda.castro55@yahoo.com.br,Roberto Mendes,Roberto Mendes,locação,Jetimob - Portal,TE-2262,2025-07-18T14:57:57,2025-07-18T19:46:24,,2025-09-06T19:46:24,Negociação travou,,novo
40665a22-1012-47e8-8cba-e6170fb49db7,2025-07-18T04:30:29,Camila Teixeira,camila.teix87@outlook.com,Juliana Costa,Juliana Costa,venda,Meta - Novos Empreendimentos,CO-7523,2025-07-19T22:59:18,2025-07-20T04:34:57,,2025-08-08T04:34:57,Mudou de cidade,,novo
664c8ebf-093e-4356-8676-0e0652f714ba,2025-07-18T05:30:09,Natalia Rocha,natalia.rocha64@gmail.com,Marcos Oliveira,Roberto Mendes,venda,Instagram - Casarão SP,CS-3824,2025-07-19T07:09:37,2025-07-19T11:04:50,2025-08-30T11:04:50,,,889594.32,usado
9701f47d-fa49-4eac-87b6-cdd4135a8000,2025-07-18T05:58:51,Gustavo Nunes,gustavo.nunes57@yahoo.com.br,Camila Alves,Camila Alves,venda,Zap Imóveis,CO-7581,2025-07-19T17:57:17,2025-07-19T22:43:03,2025-09-15T22:43:03,,,935925.73,novo
4317da98-dd49-4eae-a7a5-18b2d95727bc,2025-07-18T16:13:59,Amanda Castro,amanda.castro87@gmail.com,Fernanda Rodrigues,Camila Alves,locação,Site Orgânico,AP-1241,2025-07-20T00:23:03,2025-07-20T02:29:48,,,,,novo
01adae6b-404f-4fd7-baf4-983dcb897a94,2025-07-18T16:40:43,Helena Freitas,helena.freitas83@outlook.com,Ana Paula Ferreira,Ana Paula Ferreira,locação,Zap Imóveis,TE-2602,2025-07-19T11:43:27,2025-07-19T12:38:32,2025-09-21T12:38:32,,,2752.32,usado
1e64fe05-d0cc-45c3-9bde-b035612c98ce,2025-07-18T23:22:56,Igor Pinto,igor.pinto81@gmail.com,Carlos Eduardo Silva,Carlos Eduardo Silva,locação,Indicação - Cliente,CS-9350,2025-07-18T23:44:07,2025-07-19T03:06:42,,2025-09-08T03:06:42,Desistiu da compra,,novo
ff8fe0b5-6383-4dbd-bd49-e93d8c878551,2025-07-18T23:55:52,Nelson Xavier,nelson.xavier77@yahoo.com.br,Roberto Mendes,Roberto Mendes,locação,Whatsapp - Indicação Direta,CO-7505,2025-07-19T08:44:08,2025-07-19T13:55:46,2025-09-18T13:55:46,,,2247.99,novo
c1b380b0-1b3f-43db-9e1e-6095b5a10fdd,2025-07-19T00:16:12,Gustavo Nunes,gustavo.nunes15@yahoo.com.br,Carlos Eduardo Silva,Carlos Eduardo Silva,venda,Indicação - Cliente,CO-1183,2025-07-20T14:07:09,2025-07-20T15:14:22,,2025-08-27T15:14:22,Preço acima do orçamento,,novo
5ceef5b0-9d83-45d5-a486-cf72684b157f,2025-07-19T02:07:49,Bruno Almeida,bruno.almeida85@yahoo.com.br,Juliana Costa,Juliana Costa,venda,Instagram - Casarão SP,CS-3022,2025-07-20T14:46:51,2025-07-20T18:11:27,,2025-07-26T18:11:27,Negociação travou,,usado
98e4de18-1d81-4900-9370-efdb76a07296,2025-07-19T02:47:02,Lucas Barbosa,lucas.barbosa93@hotmail.com,Fernanda Rodrigues,Fernanda Rodrigues,locação,Instagram - Casarão SP,CS-1381,2025-07-19T20:57:18,2025-07-19T23:43:00,,2025-08-07T23:43:00,Preço acima do orçamento,,usado
54668c7a-8933-4a27-82a7-4cf99547d75e,2025-07-19T02:56:49,Natalia Rocha,natalia.rocha47@gmail.com,Juliana Costa,Juliana Costa,venda,Jetimob - Portal,AP-4946,2025-07-20T19:01:02,2025-07-21T00:10:59,,2025-08-16T00:10:59,Preço acima do orçamento,,novo
0f6c5ec2-dbd7-4f25-bda6-4e6407d9d64f,2025-07-19T04:36:29,Larissa Pereira,larissa.pereira93@outlook.com,Paulo Henrique Santos,Paulo Henrique Santos,locação,Whatsapp - Indicação Direta,CS-7585,2025-07-20T07:46:54,2025-07-20T10:14:41,,2025-08-29T10:14:41,Desistiu da compra,,usado
80a329de-6dd5-4bda-b558-d83a5d30f0ec,2025-07-19T09:29:20,Julia Medeiros,julia.med64@yahoo.com.br,Marcos Oliveira,Marcos Oliveira,locação,OLX Imóveis,CO-4427,2025-07-20T05:25:29,2025-07-20T07:23:56,,2025-08-21T07:23:56,Negociação travou,,novo
1f39b8b1-3bc4-47e8-af1f-15a17d696930,2025-07-19T22:45:11,Rafael Torres,rafael.torres3@yahoo.com.br,Ana Paula Ferreira,Ana Paula Ferreira,venda,Whatsapp - Indicação Direta,AP-1170,2025-07-21T00:21:59,2025-07-21T05:33:25,,,,,novo
940cfd1d-a23e-448d-a0a2-ab88f5749ecf,2025-07-19T22:55:55,Larissa Pereira,larissa.pereira54@hotmail.com,Ana Paula Ferreira,Ana Paula Ferreira,locação,Jetimob - Portal,TE-3985,2025-07-20T23:36:13,2025-07-21T02:53:12,,,,,usado
e88d889c-7a5d-470a-b77e-7f3742c08147,2025-07-20T01:20:29,Lucas Barbosa,lucas.barbosa49@outlook.com,Camila Alves,Ana Paula Ferreira,locação,Indicação - Cliente,AP-4764,2025-07-21T22:55:31,2025-07-22T00:02:52,,2025-09-19T00:02:52,Comprou com outra imobiliária,,usado
5196c9f9-0eb5-4124-8e78-cf35354e131c,2025-07-20T07:38:04,Thiago Carvalho,thiago.carvalho67@hotmail.com,Roberto Mendes,Roberto Mendes,venda,Indicação - Cliente,AP-3202,2025-07-22T07:13:39,2025-07-22T08:54:46,,,,,novo
5f53c289-1b61-4355-8b7b-cf8060510f7a,2025-07-20T08:33:42,Natalia Rocha,natalia.rocha56@hotmail.com,Fernanda Rodrigues,Fernanda Rodrigues,locação,Instagram - Casarão SP,CO-7335,2025-07-21T21:52:34,2025-07-22T00:28:43,,,,,usado
f0595c52-7542-4bf1-839b-28592899bd82,2025-07-20T10:04:05,Gustavo Nunes,gustavo.nunes96@yahoo.com.br,Ana Paula Ferreira,Fernanda Rodrigues,venda,LinkedIn Ads - Alto Padrão,CO-5216,2025-07-20T19:21:27,2025-07-20T23:28:01,,2025-08-18T23:28:01,Preço acima do orçamento,,usado
9e9e9a41-2f98-4c78-82c0-523df87e6066,2025-07-20T11:52:47,Fernanda Lopes,fernanda.lop18@hotmail.com,Roberto Mendes,Roberto Mendes,venda,Meta - Novos Empreendimentos,TE-4640,2025-07-21T21:15:43,2025-07-22T00:04:16,2025-09-30T00:04:16,,,815539.78,novo
03c2e707-2164-4df1-ba28-9d13536c6da5,2025-07-20T12:39:19,Isabela Nascimento,isabela.nasc13@hotmail.com,Juliana Costa,Juliana Costa,venda,Whatsapp - Indicação Direta,AP-9656,2025-07-22T09:40:49,2025-07-22T14:13:48,,2025-08-17T14:13:48,Negociação travou,,usado
9bf394da-b533-4ea7-8122-55886263e52d,2025-07-20T15:23:11,Larissa Pereira,larissa.pereira94@hotmail.com,Roberto Mendes,Roberto Mendes,locação,OLX Imóveis,CO-9593,2025-07-21T12:54:48,2025-07-21T15:09:30,2025-10-11T15:09:30,,,2193.31,novo
2f0a3931-5499-4591-80fd-711347043a71,2025-07-20T16:10:31,Mariana Gomes,mariana.gomes90@gmail.com,Juliana Costa,Juliana Costa,venda,Whatsapp - Indicação Direta,TE-1810,2025-07-21T05:29:48,2025-07-21T11:09:27,2025-09-22T11:09:27,,,2967851.8,novo
84d685fc-b4c6-4c7c-8aa8-18bb86b9f8e8,2025-07-20T17:14:44,Amanda Castro,amanda.castro76@hotmail.com,Ana Paula Ferreira,Ana Paula Ferreira,venda,LinkedIn Ads - Alto Padrão,CO-6884,2025-07-22T04:25:21,2025-07-22T06:06:07,,2025-08-22T06:06:07,Negociação travou,,usado
8fb68e83-6122-42c7-88a4-66c02a11aa80,2025-07-20T23:45:19,Beatriz Lima,beatriz.lima76@outlook.com,Camila Alves,Roberto Mendes,venda,Meta - Novos Empreendimentos,CS-9667,2025-07-22T08:09:36,2025-07-22T11:00:22,2025-08-04T11:00:22,,,1710048.97,novo
2ffcd70e-1701-400c-b640-f0f8df4db0aa,2025-07-21T01:50:08,Lucas Barbosa,lucas.barbosa25@outlook.com,Juliana Costa,Juliana Costa,locação,OLX Imóveis,AP-5130,2025-07-21T09:31:57,2025-07-21T14:19:49,,,,,novo
4472515d-c43e-49e4-9af9-b2ce1fbceedc,2025-07-21T05:14:52,Monica Correia,monica.corr61@yahoo.com.br,Paulo Henrique Santos,Paulo Henrique Santos,venda,Indicação - Cliente,CS-9667,2025-07-22T21:23:13,2025-07-23T01:13:39,,2025-09-04T01:13:39,Preço acima do orçamento,,usado
2eec69eb-bd4f-4840-83c9-086c55e1107e,2025-07-21T13:54:15,Isabela Nascimento,isabela.nasc79@outlook.com,Ana Paula Ferreira,Ana Paula Ferreira,locação,LinkedIn Ads - Alto Padrão,AP-1778,2025-07-22T17:49:35,2025-07-22T18:40:59,,2025-08-28T18:40:59,Comprou com outra imobiliária,,usado
8f5594d4-559f-460d-8b1c-f65b7c48e31a,2025-07-21T18:21:47,Larissa Pereira,larissa.pereira33@outlook.com,Ana Paula Ferreira,Ana Paula Ferreira,venda,OLX Imóveis,SL-7387,2025-07-22T12:21:41,2025-07-22T14:27:35,,,,,novo
360279e5-9c55-49ab-bbd7-0820491260b2,2025-07-22T01:11:41,Eduardo Moreira,eduardo.mor40@gmail.com,Carlos Eduardo Silva,Carlos Eduardo Silva,venda,Zap Imóveis,CS-9185,2025-07-23T11:46:52,2025-07-23T14:47:58,,2025-09-10T14:47:58,Comprou com outra imobiliária,,usado
be1a2037-ccdf-4969-9f20-445ce5184579,2025-07-22T05:55:22,Isabela Nascimento,isabela.nasc43@outlook.com,Ana Paula Ferreira,Ana Paula Ferreira,locação,Google Ads - Apartamentos SP,TE-1652,2025-07-23T22:12:27,2025-07-23T22:57:45,2025-10-15T22:57:45,,,4807.16,usado
64b86264-1c8e-4eb7-ae1c-49b8c2e42188,2025-07-22T06:28:24,Gustavo Nunes,gustavo.nunes96@outlook.com,Paulo Henrique Santos,Paulo Henrique Santos,locação,Jetimob - Portal,CO-3551,2025-07-23T16:52:45,2025-07-23T22:17:30,,,,,usado
5b1bba0a-3e7d-405c-807f-decc06cc01db,2025-07-22T09:21:51,Fernanda Lopes,fernanda.lop24@yahoo.com.br,Roberto Mendes,Roberto Mendes,locação,Indicação - Cliente,CS-2851,2025-07-23T17:59:39,2025-07-23T22:15:44,,2025-09-18T22:15:44,Mudou de cidade,,novo
75e2419c-3b1b-4848-82fe-302df5a0074b,2025-07-22T19:38:16,Monica Correia,monica.corr62@hotmail.com,Paulo Henrique Santos,Paulo Henrique Santos,locação,Indicação - Cliente,CS-9540,2025-07-23T16:27:57,2025-07-23T17:08:10,2025-08-05T17:08:10,,,4493.47,novo
c1ea4b15-977c-4d83-b786-d5d3b1816dbf,2025-07-22T22:42:10,Lucas Barbosa,lucas.barbosa89@outlook.com,Juliana Costa,Juliana Costa,locação,Jetimob - Portal,CS-3657,2025-07-23T17:40:51,2025-07-23T19:04:42,,2025-07-24T19:04:42,Preço acima do orçamento,,novo
2b584125-a44e-4f99-87d2-ffb6468762ac,2025-07-23T03:01:50,Leandro Santana,leandro.sant57@hotmail.com,Marcos Oliveira,Juliana Costa,venda,OLX Imóveis,CO-8209,2025-07-24T18:17:06,2025-07-24T21:22:32,,,,,usado
6a1faad6-81fd-4959-8338-087e2dec4cbb,2025-07-23T07:17:26,Gabriel Souza,gabriel.souza26@hotmail.com,Marcos Oliveira,Marcos Oliveira,venda,Meta - Novos Empreendimentos,CO-8475,2025-07-24T04:20:55,2025-07-24T07:11:47,,,,,novo
1c4916fb-d22b-48cc-b253-df2317838211,2025-07-23T09:49:07,Fernanda Lopes,fernanda.lop36@yahoo.com.br,Carlos Eduardo Silva,Carlos Eduardo Silva,venda,LinkedIn Ads - Alto Padrão,AP-8065,2025-07-23T10:59:26,2025-07-23T12:44:44,2025-08-31T12:44:44,,,1042975.34,usado
7aa3ca72-1a44-4732-b99b-b1b81e511b71,2025-07-23T12:34:39,Julia Medeiros,julia.med92@yahoo.com.br,Paulo Henrique Santos,Paulo Henrique Santos,locação,OLX Imóveis,TE-1459,2025-07-25T07:51:52,2025-07-25T13:35:12,,2025-09-09T13:35:12,Comprou com outra imobiliária,,novo
ec22464e-66df-4357-884d-d3b944152dda,2025-07-23T12:51:45,Diego Martins,diego.martins41@hotmail.com,Fernanda Rodrigues,Roberto Mendes,venda,OLX Imóveis,AP-8654,2025-07-24T11:12:01,2025-07-24T12:49:38,,,,,usado
c9e3bbc8-dc2b-4ce5-a442-253ecb3598f9,2025-07-23T12:52:36,Monica Correia,monica.corr17@yahoo.com.br,Paulo Henrique Santos,Marcos Oliveira,venda,Indicação - Cliente,TE-7531,2025-07-25T07:57:26,2025-07-25T09:14:15,2025-10-15T09:14:15,,,1076181.47,novo
c50867ce-1066-4358-904f-1f34f73a3f48,2025-07-23T16:05:54,Amanda Castro,amanda.castro44@hotmail.com,Marcos Oliveira,Marcos Oliveira,locação,Indicação - Cliente,AP-9654,2025-07-25T06:35:02,2025-07-25T10:02:11,,,,,usado
a4808ba5-13b6-4d99-a0f1-ef8fcf8c5b5b,2025-07-23T17:46:16,Monica Correia,monica.corr94@gmail.com,Roberto Mendes,Roberto Mendes,venda,Indicação - Cliente,SL-8550,2025-07-24T04:40:42,2025-07-24T05:55:06,2025-08-22T05:55:06,,,853264.41,novo
4e8c0861-81da-4f52-b978-42bb988a35dd,2025-07-23T19:10:00,Leandro Santana,leandro.sant1@yahoo.com.br,Carlos Eduardo Silva,Paulo Henrique Santos,venda,LinkedIn Ads - Alto Padrão,CS-1774,2025-07-24T23:54:47,2025-07-25T02:55:21,,2025-08-05T02:55:21,Imóvel não atendeu expectativa,,novo
40e1e999-da2e-4bfa-8c51-3b30294a5fbf,2025-07-23T20:04:50,Natalia Rocha,natalia.rocha19@yahoo.com.br,Ana Paula Ferreira,Ana Paula Ferreira,venda,Google Ads - Apartamentos SP,TE-9251,2025-07-25T16:37:20,2025-07-25T19:55:03,,,,,usado
f641ce8b-85f7-4d5b-88de-0f2bf41eaa32,2025-07-24T09:23:33,Igor Pinto,igor.pinto19@gmail.com,Camila Alves,Marcos Oliveira,locação,OLX Imóveis,TE-7972,2025-07-25T10:08:12,2025-07-25T11:29:21,,,,,usado
4c913988-7598-4c8c-9452-ec4ce3305585,2025-07-24T10:05:48,Amanda Castro,amanda.castro32@outlook.com,Roberto Mendes,Roberto Mendes,locação,Google Ads - Apartamentos SP,CS-1320,2025-07-25T23:03:52,2025-07-26T01:52:23,,2025-08-26T01:52:23,Desistiu da compra,,novo
81e36003-22d3-4640-b73b-7a319abcc601,2025-07-24T12:36:24,Eduardo Moreira,eduardo.mor59@hotmail.com,Ana Paula Ferreira,Ana Paula Ferreira,locação,Indicação - Cliente,CS-3083,2025-07-25T09:10:13,2025-07-25T11:35:59,2025-10-19T11:35:59,,,2186.69,usado
46c8d464-9cae-4099-88cd-874689357c1f,2025-07-24T17:24:31,Rodrigo Cunha,rodrigo.cunha83@hotmail.com,Paulo Henrique Santos,Paulo Henrique Santos,venda,Instagram - Casarão SP,CS-1700,2025-07-25T09:33:57,2025-07-25T11:29:29,,2025-09-05T11:29:29,Imóvel não atendeu expectativa,,usado
32ad9fa0-533d-47b7-aac8-2cd792c96e03,2025-07-24T17:27:36,Leandro Santana,leandro.sant43@yahoo.com.br,Camila Alves,Camila Alves,venda,Instagram - Casarão SP,TE-2961,2025-07-26T13:28:06,2025-07-26T18:49:16,,2025-08-21T18:49:16,Imóvel não atendeu expectativa,,usado
e1c41d5f-4aa0-43a5-9c32-b05b2d328d2e,2025-07-24T19:44:39,Rafael Torres,rafael.torres38@gmail.com,Fernanda Rodrigues,Fernanda Rodrigues,venda,OLX Imóveis,CO-2279,2025-07-26T11:10:28,2025-07-26T14:42:30,2025-09-28T14:42:30,,,876170.11,usado
918bb4e6-ea81-45f1-a18b-2027a3fc3354,2025-07-24T23:24:25,Beatriz Lima,beatriz.lima43@outlook.com,Juliana Costa,Juliana Costa,venda,Jetimob - Portal,SL-9934,2025-07-25T12:17:06,2025-07-25T17:42:03,,2025-08-09T17:42:03,Sem perfil para financiamento,,usado
73aebac9-b5ff-42a6-b36d-8167f315cf3d,2025-07-25T00:23:45,Nelson Xavier,nelson.xavier80@gmail.com,Roberto Mendes,Roberto Mendes,venda,OLX Imóveis,AP-8547,2025-07-25T05:47:48,2025-07-25T11:37:53,,2025-09-18T11:37:53,Desistiu da compra,,usado
347e13c2-ecd9-4e63-b101-912e40032aaf,2025-07-25T03:41:59,Rafael Torres,rafael.torres30@gmail.com,Juliana Costa,Ana Paula Ferreira,locação,Indicação - Cliente,CS-5530,2025-07-25T03:56:04,2025-07-25T05:35:26,2025-07-29T05:35:26,,,2967.17,usado
10e0f5f4-52f9-41c5-bcaa-13e00e290749,2025-07-25T17:32:02,Fernanda Lopes,fernanda.lop95@hotmail.com,Juliana Costa,Juliana Costa,locação,LinkedIn Ads - Alto Padrão,AP-6332,2025-07-26T11:30:57,2025-07-26T17:10:08,,2025-09-17T17:10:08,Mudou de cidade,,usado
c67fa1b5-69bc-42e9-8b24-69a8d89c9ec8,2025-07-25T21:10:17,Bruno Almeida,bruno.almeida42@hotmail.com,Marcos Oliveira,Marcos Oliveira,locação,LinkedIn Ads - Alto Padrão,AP-8299,2025-07-27T05:27:10,2025-07-27T10:11:16,2025-08-13T10:11:16,,,1018.41,usado
b69f7877-a168-4e36-8008-323a23853902,2025-07-25T21:30:54,Leandro Santana,leandro.sant65@gmail.com,Marcos Oliveira,Marcos Oliveira,venda,Instagram - Casarão SP,CS-3307,2025-07-26T20:02:52,2025-07-26T23:48:35,,2025-09-20T23:48:35,Mudou de cidade,,usado
8ab37bf7-6cbe-45d3-a9ad-4128347a4a56,2025-07-26T02:37:40,Camila Teixeira,camila.teix62@outlook.com,Paulo Henrique Santos,Paulo Henrique Santos,venda,Zap Imóveis,SL-4650,2025-07-26T10:54:19,2025-07-26T16:04:11,,,,,usado
4a80344f-174f-4675-a67d-95596ae7e331,2025-07-26T06:38:15,Monica Correia,monica.corr72@outlook.com,Marcos Oliveira,Marcos Oliveira,venda,Whatsapp - Indicação Direta,AP-6331,2025-07-27T07:12:39,2025-07-27T11:58:34,,2025-08-26T11:58:34,Mudou de cidade,,novo
16b97214-79c3-4fb2-b511-8dd82fd0fbaf,2025-07-26T07:36:08,Isabela Nascimento,isabela.nasc8@hotmail.com,Carlos Eduardo Silva,Carlos Eduardo Silva,locação,Jetimob - Portal,CO-1694,2025-07-28T05:12:20,2025-07-28T10:57:17,2025-09-09T10:57:17,,,2493.18,novo
7b7fbe71-7b90-4bc7-8091-e3f58351d781,2025-07-26T08:30:02,Bruno Almeida,bruno.almeida23@hotmail.com,Carlos Eduardo Silva,Carlos Eduardo Silva,locação,Jetimob - Portal,CS-4612,2025-07-27T09:24:38,2025-07-27T13:20:50,2025-10-19T13:20:50,,,3666.42,usado
5366fbb0-f1f8-438d-a0c5-2d0ad39426f0,2025-07-26T09:41:42,Felipe Ribeiro,felipe.ribeiro7@yahoo.com.br,Juliana Costa,Fernanda Rodrigues,locação,LinkedIn Ads - Alto Padrão,TE-4562,2025-07-27T12:15:30,2025-07-27T12:50:38,,2025-09-14T12:50:38,Imóvel não atendeu expectativa,,usado
111219ea-4a57-406c-9ad0-7cce64ddc576,2025-07-26T18:40:39,Monica Correia,monica.corr9@yahoo.com.br,Juliana Costa,Juliana Costa,locação,LinkedIn Ads - Alto Padrão,AP-2310,2025-07-28T13:51:32,2025-07-28T17:45:05,,,,,usado
76a3d13f-f951-4d96-a37f-4bf3e55e1e84,2025-07-27T05:25:43,Gabriel Souza,gabriel.souza57@yahoo.com.br,Camila Alves,Camila Alves,venda,Google Ads - Apartamentos SP,CO-3289,2025-07-28T13:41:18,2025-07-28T17:28:05,,2025-09-02T17:28:05,Não respondeu,,usado
5378812a-e47c-4bcf-b300-ff9b0fa2b45f,2025-07-27T15:04:09,Julia Medeiros,julia.med55@outlook.com,Paulo Henrique Santos,Fernanda Rodrigues,venda,Google Ads - Apartamentos SP,CO-3322,2025-07-27T20:45:55,2025-07-28T02:16:16,,2025-08-25T02:16:16,Negociação travou,,usado
62b728e4-0bf5-4e8b-86ee-e4baf77262e9,2025-07-27T23:01:04,Gabriel Souza,gabriel.souza90@yahoo.com.br,Fernanda Rodrigues,Camila Alves,venda,Indicação - Cliente,AP-2597,2025-07-28T00:08:27,2025-07-28T02:09:17,2025-08-20T02:09:17,,,1017328.42,usado
270d4f0e-c85b-413c-a933-a2471d5c8a89,2025-07-28T00:06:27,Gustavo Nunes,gustavo.nunes39@yahoo.com.br,Paulo Henrique Santos,Roberto Mendes,locação,Jetimob - Portal,TE-1894,2025-07-29T19:11:06,2025-07-30T00:29:44,2025-08-16T00:29:44,,,1869.75,usado
f91853df-c059-46d1-a86c-834f494a287a,2025-07-28T00:59:00,Mariana Gomes,mariana.gomes53@hotmail.com,Marcos Oliveira,Marcos Oliveira,venda,Meta - Novos Empreendimentos,TE-1854,2025-07-29T14:38:58,2025-07-29T20:23:44,,,,,usado
cd74a477-e154-4b2b-9e16-4efef882d906,2025-07-28T03:30:30,Fernanda Lopes,fernanda.lop96@hotmail.com,Fernanda Rodrigues,Marcos Oliveira,venda,Site Orgânico,CO-8547,2025-07-28T10:19:52,2025-07-28T15:22:36,,2025-08-09T15:22:36,Desistiu da compra,,usado
0ebf5557-787e-4568-b9d6-f19eea9d6b42,2025-07-28T06:00:14,Bruno Almeida,bruno.almeida10@yahoo.com.br,Fernanda Rodrigues,Fernanda Rodrigues,venda,Instagram - Casarão SP,CO-1372,2025-07-28T21:48:11,2025-07-29T02:13:05,,,,,novo
8a18fd4f-d731-4eaa-996b-93164ee67f6d,2025-07-28T06:25:51,Bruno Almeida,bruno.almeida27@hotmail.com,Fernanda Rodrigues,Marcos Oliveira,locação,Indicação - Cliente,CO-9281,2025-07-28T19:19:22,2025-07-28T23:33:52,,,,,usado
26f23c96-d26a-43f9-b472-2b1bc7b4c883,2025-07-28T10:12:54,Nelson Xavier,nelson.xavier89@outlook.com,Fernanda Rodrigues,Fernanda Rodrigues,locação,OLX Imóveis,CO-3008,2025-07-29T21:15:08,2025-07-29T23:24:58,,2025-09-25T23:24:58,Negociação travou,,usado
fd9ecd7a-140f-4865-b5d8-3e88a7f75de3,2025-07-28T13:33:25,Amanda Castro,amanda.castro67@outlook.com,Paulo Henrique Santos,Paulo Henrique Santos,venda,LinkedIn Ads - Alto Padrão,CS-9185,2025-07-30T13:06:00,2025-07-30T14:49:17,,2025-09-09T14:49:17,Negociação travou,,usado
d1154169-8a3a-4f14-b161-6a81aed1ab73,2025-07-28T16:18:18,Isabela Nascimento,isabela.nasc53@outlook.com,Marcos Oliveira,Marcos Oliveira,locação,Site Orgânico,CS-3393,2025-07-29T08:07:30,2025-07-29T10:56:09,,2025-08-29T10:56:09,Desistiu da compra,,novo
e685098d-475b-4dd9-8eed-c6c520a1410b,2025-07-28T22:24:08,Larissa Pereira,larissa.pereira59@hotmail.com,Roberto Mendes,Roberto Mendes,locação,OLX Imóveis,TE-6931,2025-07-30T17:20:20,2025-07-30T21:58:30,,2025-09-13T21:58:30,Desistiu da compra,,usado
3e124fba-e9e8-4be5-ab4e-8c229c69084d,2025-07-29T02:15:52,Bruno Almeida,bruno.almeida83@hotmail.com,Ana Paula Ferreira,Ana Paula Ferreira,locação,LinkedIn Ads - Alto Padrão,SL-7899,2025-07-30T19:22:37,2025-07-30T23:24:19,2025-09-10T23:24:19,,,2942.59,usado
1f43ea14-dc0a-4fd5-be9f-df30f26e1ed2,2025-07-29T08:46:54,Monica Correia,monica.corr40@hotmail.com,Marcos Oliveira,Marcos Oliveira,venda,OLX Imóveis,TE-5007,2025-07-31T00:49:11,2025-07-31T06:30:57,,2025-09-07T06:30:57,Negociação travou,,usado
7bf2006f-5031-45f4-bc76-648fd90d8bdc,2025-07-29T11:38:49,Mariana Gomes,mariana.gomes38@gmail.com,Fernanda Rodrigues,Fernanda Rodrigues,locação,Meta - Novos Empreendimentos,CS-8899,2025-07-30T06:17:55,2025-07-30T10:53:37,,2025-08-11T10:53:37,Mudou de cidade,,usado
52cad93e-a740-4c6c-8a93-c916e9470009,2025-07-29T19:10:57,Mariana Gomes,mariana.gomes53@hotmail.com,Roberto Mendes,Roberto Mendes,venda,Jetimob - Portal,CS-6079,2025-07-30T07:58:54,2025-07-30T09:37:31,2025-09-09T09:37:31,,,1091536.44,usado
a1585742-0cd6-4baf-8a7f-0de6e8740214,2025-07-29T21:19:13,Helena Freitas,helena.freitas75@yahoo.com.br,Fernanda Rodrigues,Fernanda Rodrigues,venda,Zap Imóveis,CO-6383,2025-07-30T14:06:53,2025-07-30T17:28:27,,,,,usado
5914a7f5-9e63-4bdc-a37c-9936c5309eb0,2025-07-29T21:22:20,Rodrigo Cunha,rodrigo.cunha15@outlook.com,Camila Alves,Camila Alves,venda,Whatsapp - Indicação Direta,CO-4267,2025-07-29T23:13:39,2025-07-30T01:00:00,,2025-08-01T01:00:00,Desistiu da compra,,novo
cc9883bf-8f14-48aa-a57c-3382f7c33d25,2025-07-29T22:48:10,Felipe Ribeiro,felipe.ribeiro19@hotmail.com,Marcos Oliveira,Marcos Oliveira,locação,OLX Imóveis,AP-7039,2025-07-31T22:27:59,2025-08-01T01:25:23,,2025-08-12T01:25:23,Negociação travou,,usado
1ebb6a84-da52-4e0c-ad89-a6db2671533b,2025-07-30T04:13:22,Igor Pinto,igor.pinto57@gmail.com,Paulo Henrique Santos,Paulo Henrique Santos,venda,Instagram - Casarão SP,TE-4089,2025-07-31T00:17:20,2025-07-31T00:50:09,,2025-08-25T00:50:09,Comprou com outra imobiliária,,usado
1684ae32-fe45-4b06-81d1-5f4d9a5b1455,2025-07-30T07:49:40,Rafael Torres,rafael.torres59@outlook.com,Juliana Costa,Juliana Costa,venda,Google Ads - Apartamentos SP,CO-3860,2025-07-31T18:38:46,2025-07-31T21:38:59,,,,,novo
3aff016e-cfd9-4cea-8866-d3866769ac05,2025-07-30T09:49:55,Gabriel Souza,gabriel.souza25@hotmail.com,Paulo Henrique Santos,Paulo Henrique Santos,venda,Indicação - Cliente,CO-9962,2025-07-30T09:57:32,2025-07-30T10:49:24,,,,,usado
3fb082a3-2adb-41c3-b9ef-42b09e270906,2025-07-30T10:50:35,Rafael Torres,rafael.torres32@outlook.com,Camila Alves,Juliana Costa,locação,LinkedIn Ads - Alto Padrão,CO-4508,2025-07-31T13:25:59,2025-07-31T17:22:55,,,,,novo
adfe9189-6ae5-4466-b1dc-1a6db02fd9f3,2025-07-30T20:13:58,Rafael Torres,rafael.torres45@outlook.com,Ana Paula Ferreira,Ana Paula Ferreira,venda,Whatsapp - Indicação Direta,AP-9701,2025-08-01T10:32:16,2025-08-01T15:44:36,,2025-08-04T15:44:36,Sem perfil para financiamento,,novo
4b39b429-d8fe-4d40-aa00-913675b17e9a,2025-07-31T00:19:10,Camila Teixeira,camila.teix34@hotmail.com,Juliana Costa,Juliana Costa,locação,Meta - Novos Empreendimentos,CO-7714,2025-08-01T21:27:18,2025-08-02T02:07:04,,2025-08-11T02:07:04,Negociação travou,,usado
8517d45b-dc00-4394-8ac9-721366814fd3,2025-07-31T10:24:53,Eduardo Moreira,eduardo.mor50@gmail.com,Roberto Mendes,Roberto Mendes,venda,LinkedIn Ads - Alto Padrão,CO-5358,2025-08-01T23:45:13,2025-08-02T04:36:20,,2025-08-12T04:36:20,Imóvel não atendeu expectativa,,novo
88398ee3-c2d9-4b6b-b993-77b191ae86d4,2025-07-31T10:57:41,Gustavo Nunes,gustavo.nunes97@outlook.com,Ana Paula Ferreira,Ana Paula Ferreira,venda,Instagram - Casarão SP,CO-9871,2025-08-02T01:12:12,2025-08-02T03:24:44,,2025-09-12T03:24:44,Preço acima do orçamento,,novo
527e6061-d1c6-49ac-a179-81995d9e7d25,2025-07-31T16:25:11,Gabriel Souza,gabriel.souza85@hotmail.com,Paulo Henrique Santos,Fernanda Rodrigues,locação,Meta - Novos Empreendimentos,AP-3687,2025-07-31T18:23:30,2025-07-31T21:05:34,,2025-09-27T21:05:34,Preço acima do orçamento,,novo
9cc2199d-3bd3-47f3-95ea-eb5e00522f34,2025-07-31T23:06:23,Mariana Gomes,mariana.gomes46@hotmail.com,Roberto Mendes,Roberto Mendes,venda,OLX Imóveis,SL-9892,2025-08-02T04:09:57,2025-08-02T04:49:07,,2025-09-18T04:49:07,Comprou com outra imobiliária,,novo
dbf2fa55-5457-4105-8d40-d865719bd967,2025-08-01T04:46:02,Leandro Santana,leandro.sant76@gmail.com,Roberto Mendes,Carlos Eduardo Silva,venda,Site Orgânico,CO-9071,2025-08-02T11:14:17,2025-08-02T16:18:01,2025-08-31T16:18:01,,,1061303.23,novo
57b4285a-b8fa-4f94-8a81-e8087a1943a9,2025-08-01T06:30:03,Gabriel Souza,gabriel.souza65@yahoo.com.br,Paulo Henrique Santos,Juliana Costa,venda,Meta - Novos Empreendimentos,TE-7187,2025-08-01T16:31:20,2025-08-01T18:45:02,,2025-08-17T18:45:02,Sem perfil para financiamento,,novo
0f9881eb-a7e3-4988-8a28-fb18a304a517,2025-08-01T07:28:17,Mariana Gomes,mariana.gomes11@gmail.com,Juliana Costa,Juliana Costa,locação,LinkedIn Ads - Alto Padrão,TE-7087,2025-08-02T19:25:23,2025-08-02T23:14:59,,2025-08-25T23:14:59,Imóvel não atendeu expectativa,,novo
da201408-f8cc-41ca-85e5-a83351813531,2025-08-01T17:18:01,Julia Medeiros,julia.med42@hotmail.com,Juliana Costa,Juliana Costa,locação,Site Orgânico,AP-2663,2025-08-01T22:32:37,2025-08-02T01:22:49,,2025-08-21T01:22:49,Sem perfil para financiamento,,usado
ffc45a42-6b1f-4adc-9647-8c6c4f5fd186,2025-08-01T19:41:24,Beatriz Lima,beatriz.lima39@hotmail.com,Juliana Costa,Juliana Costa,venda,Zap Imóveis,TE-9129,2025-08-02T15:02:54,2025-08-02T20:34:51,2025-09-18T20:34:51,,,2833468.36,novo
b407b83d-304e-4487-a93f-868625ddf7de,2025-08-01T22:51:04,Thiago Carvalho,thiago.carvalho87@outlook.com,Carlos Eduardo Silva,Carlos Eduardo Silva,locação,Whatsapp - Indicação Direta,CO-4348,2025-08-03T08:18:27,2025-08-03T12:37:20,,,,,novo
b8062985-d85e-4265-8ccf-87e5e9788e5c,2025-08-02T10:22:18,Helena Freitas,helena.freitas45@yahoo.com.br,Fernanda Rodrigues,Fernanda Rodrigues,venda,Site Orgânico,TE-3020,2025-08-03T09:49:25,2025-08-03T14:31:25,2025-10-15T14:31:25,,,2836062.75,usado
b23664cc-b81a-473b-95f5-ebeaea247912,2025-08-02T11:28:07,Rodrigo Cunha,rodrigo.cunha97@outlook.com,Camila Alves,Camila Alves,venda,Indicação - Cliente,AP-3801,2025-08-04T00:30:09,2025-08-04T02:43:00,,2025-08-19T02:43:00,Desistiu da compra,,usado
b0c1c465-24d5-4488-ac03-d2bbc8b57f07,2025-08-02T14:54:33,Beatriz Lima,beatriz.lima47@gmail.com,Marcos Oliveira,Marcos Oliveira,venda,LinkedIn Ads - Alto Padrão,SL-5411,2025-08-03T08:32:46,2025-08-03T10:13:40,,,,,usado
8ed750c4-c9b3-470e-9342-4ff16519be51,2025-08-03T01:56:57,Isabela Nascimento,isabela.nasc68@outlook.com,Roberto Mendes,Carlos Eduardo Silva,venda,Indicação - Cliente,TE-9658,2025-08-04T03:04:51,2025-08-04T03:36:00,2025-10-05T03:36:00,,,1990888.63,usado
5d761c23-b398-4ba7-bc57-7964f7301e30,2025-08-03T05:16:04,Isabela Nascimento,isabela.nasc45@yahoo.com.br,Paulo Henrique Santos,Carlos Eduardo Silva,venda,Zap Imóveis,CS-7037,2025-08-03T13:44:31,2025-08-03T14:56:44,,2025-09-17T14:56:44,Desistiu da compra,,usado
c74047ab-b9b5-497a-899d-4bdf17d2b6f0,2025-08-03T08:35:00,Nelson Xavier,nelson.xavier64@gmail.com,Paulo Henrique Santos,Paulo Henrique Santos,venda,OLX Imóveis,CS-9980,2025-08-04T06:09:59,2025-08-04T07:18:00,,,,,usado
93b65860-e941-418c-a514-42deeacb691a,2025-08-03T10:36:18,Rodrigo Cunha,rodrigo.cunha2@gmail.com,Marcos Oliveira,Marcos Oliveira,venda,Site Orgânico,CS-6439,2025-08-04T19:35:38,2025-08-05T01:15:16,,2025-09-25T01:15:16,Imóvel não atendeu expectativa,,novo
9889c2e9-6054-40ed-97be-43295cde909f,2025-08-03T11:00:29,Rafael Torres,rafael.torres36@outlook.com,Camila Alves,Paulo Henrique Santos,locação,Meta - Novos Empreendimentos,TE-9432,2025-08-03T20:47:33,2025-08-03T23:00:08,,2025-08-17T23:00:08,Não respondeu,,usado
ce9c8f93-8d48-4a21-8cad-9107f4ce6bf7,2025-08-03T12:43:29,Patricia Dias,patricia.dias26@outlook.com,Paulo Henrique Santos,Paulo Henrique Santos,venda,Google Ads - Apartamentos SP,CS-6880,2025-08-04T06:32:04,2025-08-04T08:16:26,,,,,usado
a45fbddf-fa90-40be-99b1-ab09545908a1,2025-08-03T14:07:32,Gustavo Nunes,gustavo.nunes37@gmail.com,Paulo Henrique Santos,Paulo Henrique Santos,venda,LinkedIn Ads - Alto Padrão,TE-3832,2025-08-04T10:39:12,2025-08-04T11:16:58,2025-10-17T11:16:58,,,1510017.62,novo
6d148cb6-0a88-43d0-8e89-6e990af2d193,2025-08-03T16:08:53,Gustavo Nunes,gustavo.nunes16@hotmail.com,Roberto Mendes,Marcos Oliveira,locação,Meta - Novos Empreendimentos,CS-1942,2025-08-05T04:14:16,2025-08-05T06:53:54,,,,,usado
669753c0-cef4-4f3c-82dd-10f11fa4ee51,2025-08-03T18:31:58,Amanda Castro,amanda.castro58@hotmail.com,Juliana Costa,Juliana Costa,venda,LinkedIn Ads - Alto Padrão,CO-5417,2025-08-04T15:37:09,2025-08-04T16:51:12,,,,,novo
16218f92-9310-4cb0-a7ad-613fbc9f6556,2025-08-03T21:57:29,Julia Medeiros,julia.med89@hotmail.com,Fernanda Rodrigues,Fernanda Rodrigues,venda,Jetimob - Portal,TE-7460,2025-08-05T14:11:28,2025-08-05T18:49:10,,,,,usado
7c4af805-1a6e-48cb-a4a7-df6fbb390cc4,2025-08-04T20:44:27,Gustavo Nunes,gustavo.nunes15@outlook.com,Paulo Henrique Santos,Paulo Henrique Santos,venda,Whatsapp - Indicação Direta,AP-6237,2025-08-06T00:41:30,2025-08-06T05:49:14,2025-10-03T05:49:14,,,970781.5,usado
1cf85ae7-d006-41f1-a103-8eef4e3abc48,2025-08-04T23:37:37,Patricia Dias,patricia.dias78@gmail.com,Marcos Oliveira,Fernanda Rodrigues,locação,LinkedIn Ads - Alto Padrão,CO-9834,2025-08-06T18:20:43,2025-08-06T20:44:04,,,,,usado
3d7ff1df-e460-43e9-aa03-9823c0aadbea,2025-08-05T04:28:57,Amanda Castro,amanda.castro82@hotmail.com,Fernanda Rodrigues,Ana Paula Ferreira,locação,OLX Imóveis,CS-3605,2025-08-05T04:59:43,2025-08-05T06:04:48,2025-10-31T06:04:48,,,4132.52,novo
a4870fc0-73a3-41f5-b40e-f12399ea954f,2025-08-05T14:20:19,Igor Pinto,igor.pinto88@outlook.com,Paulo Henrique Santos,Paulo Henrique Santos,venda,Indicação - Cliente,CO-7194,2025-08-05T16:07:16,2025-08-05T17:35:03,,,,,novo
76c15157-5f56-4e8d-b1a2-223d539ce301,2025-08-05T14:24:58,Leandro Santana,leandro.sant3@yahoo.com.br,Fernanda Rodrigues,Fernanda Rodrigues,venda,LinkedIn Ads - Alto Padrão,AP-5569,2025-08-06T10:44:31,2025-08-06T11:36:02,,2025-09-18T11:36:02,Imóvel não atendeu expectativa,,usado
4f5cba5d-9528-4839-b8f6-03c58cc213ce,2025-08-06T00:28:57,Gustavo Nunes,gustavo.nunes24@yahoo.com.br,Fernanda Rodrigues,Fernanda Rodrigues,venda,LinkedIn Ads - Alto Padrão,CO-1382,2025-08-06T06:38:31,2025-08-06T12:19:48,2025-09-23T12:19:48,,,717757.18,usado
70437d79-2e3f-4d6c-bc47-4de2afaaa81f,2025-08-06T07:09:42,Monica Correia,monica.corr48@outlook.com,Camila Alves,Paulo Henrique Santos,locação,Whatsapp - Indicação Direta,SL-9181,2025-08-07T02:29:15,2025-08-07T06:54:15,,2025-08-25T06:54:15,Imóvel não atendeu expectativa,,novo
d4a1aa1a-928b-4409-952f-896a4dcc3908,2025-08-06T09:20:24,Mariana Gomes,mariana.gomes55@gmail.com,Carlos Eduardo Silva,Carlos Eduardo Silva,locação,Indicação - Cliente,CS-1484,2025-08-08T09:05:44,2025-08-08T15:00:27,,,,,usado
2722ee4e-0d5f-4f9f-b3cc-a497512cbd2a,2025-08-06T13:51:23,Gustavo Nunes,gustavo.nunes15@hotmail.com,Camila Alves,Camila Alves,venda,LinkedIn Ads - Alto Padrão,CO-4959,2025-08-07T15:49:08,2025-08-07T21:35:15,2025-09-29T21:35:15,,,407152.96,usado
30320053-d132-4b58-9d88-46d6c0df0013,2025-08-06T19:14:20,Julia Medeiros,julia.med65@gmail.com,Marcos Oliveira,Marcos Oliveira,venda,Site Orgânico,CS-9847,2025-08-07T20:21:11,2025-08-08T01:04:38,2025-09-16T01:04:38,,,1918391.69,usado
3e21f460-0429-4130-ba77-d13c5ed5c3f8,2025-08-07T00:46:30,Monica Correia,monica.corr13@hotmail.com,Carlos Eduardo Silva,Carlos Eduardo Silva,venda,OLX Imóveis,SL-2246,2025-08-07T01:56:51,2025-08-07T06:41:06,,,,,novo
daeccf28-b216-49f8-b332-96e2b401c534,2025-08-07T03:08:07,Gustavo Nunes,gustavo.nunes45@yahoo.com.br,Paulo Henrique Santos,Paulo Henrique Santos,locação,Jetimob - Portal,AP-8895,2025-08-08T11:25:28,2025-08-08T15:41:44,2025-09-04T15:41:44,,,3570.88,usado
1ee22da4-fffe-499a-be46-78d389379571,2025-08-07T03:27:25,Eduardo Moreira,eduardo.mor13@yahoo.com.br,Paulo Henrique Santos,Paulo Henrique Santos,venda,Indicação - Cliente,TE-7543,2025-08-07T11:41:31,2025-08-07T17:19:49,2025-08-14T17:19:49,,,2552340.53,usado
19352939-d4c2-4591-a082-0b1c278c8963,2025-08-07T06:09:26,Fernanda Lopes,fernanda.lop93@hotmail.com,Marcos Oliveira,Paulo Henrique Santos,venda,LinkedIn Ads - Alto Padrão,TE-6118,2025-08-07T06:48:48,2025-08-07T10:23:53,2025-08-28T10:23:53,,,1991709.62,novo
66f8507b-b95f-4c43-a69b-44b2b92d73df,2025-08-07T14:49:43,Larissa Pereira,larissa.pereira26@hotmail.com,Marcos Oliveira,Juliana Costa,locação,Instagram - Casarão SP,SL-8598,2025-08-08T01:56:11,2025-08-08T07:19:57,,,,,novo
ea4e0af7-594d-46b8-8b7b-585a8e4f86c8,2025-08-07T14:59:57,Nelson Xavier,nelson.xavier3@yahoo.com.br,Marcos Oliveira,Marcos Oliveira,locação,OLX Imóveis,TE-2113,2025-08-07T16:49:25,2025-08-07T18:35:10,,2025-08-30T18:35:10,Não respondeu,,novo
04f36299-4c4c-4aea-bbf2-85c375f5475d,2025-08-08T05:38:01,Rafael Torres,rafael.torres7@hotmail.com,Camila Alves,Camila Alves,venda,Whatsapp - Indicação Direta,SL-5575,2025-08-08T14:07:23,2025-08-08T15:13:38,2025-10-31T15:13:38,,,860615.71,usado
f6069ee8-a821-4758-908e-3154acad0946,2025-08-08T10:30:33,Rafael Torres,rafael.torres34@outlook.com,Roberto Mendes,Marcos Oliveira,venda,Indicação - Cliente,CS-2392,2025-08-09T03:39:58,2025-08-09T06:42:22,2025-09-16T06:42:22,,,2351200.06,usado
9e8dbf81-6cab-4a69-b774-9401368a43de,2025-08-08T11:09:52,Monica Correia,monica.corr11@yahoo.com.br,Camila Alves,Fernanda Rodrigues,locação,Instagram - Casarão SP,CO-8657,2025-08-09T23:25:47,2025-08-10T02:09:09,,,,,novo
50f5483e-a840-437c-9a38-8dad74354027,2025-08-08T11:33:00,Gustavo Nunes,gustavo.nunes52@hotmail.com,Paulo Henrique Santos,Marcos Oliveira,venda,Indicação - Cliente,SL-3608,2025-08-09T05:42:03,2025-08-09T06:39:24,2025-08-13T06:39:24,,,1046509.79,usado
095c4534-116b-492c-afcf-6abae06e506d,2025-08-09T03:01:17,Patricia Dias,patricia.dias13@yahoo.com.br,Marcos Oliveira,Carlos Eduardo Silva,locação,Meta - Novos Empreendimentos,AP-8322,2025-08-10T01:30:28,2025-08-10T07:02:04,2025-11-04T07:02:04,,,2177.27,usado
cb1c73d5-2c7c-4f3f-b103-8565d6a205b5,2025-08-09T03:35:34,Diego Martins,diego.martins21@gmail.com,Camila Alves,Camila Alves,venda,Indicação - Cliente,TE-7938,2025-08-09T10:53:55,2025-08-09T15:23:34,,2025-09-21T15:23:34,Negociação travou,,usado
005b26e2-8474-41e5-b914-56e095da0a29,2025-08-09T07:46:55,Beatriz Lima,beatriz.lima24@yahoo.com.br,Fernanda Rodrigues,Fernanda Rodrigues,locação,OLX Imóveis,CS-8844,2025-08-09T11:04:31,2025-08-09T15:08:16,,2025-08-27T15:08:16,Mudou de cidade,,usado
7cbcff22-4beb-41b5-beef-7241710d5759,2025-08-09T08:04:18,Felipe Ribeiro,felipe.ribeiro45@gmail.com,Ana Paula Ferreira,Carlos Eduardo Silva,venda,Indicação - Cliente,SL-6095,2025-08-09T21:32:02,2025-08-10T02:26:45,2025-08-16T02:26:45,,,1256299.93,novo
d534f3f1-d5d9-4520-b328-ab2d83a61e68,2025-08-09T08:58:36,Camila Teixeira,camila.teix48@yahoo.com.br,Paulo Henrique Santos,Marcos Oliveira,venda,Zap Imóveis,CO-6702,2025-08-11T01:28:50,2025-08-11T07:10:56,,2025-10-04T07:10:56,Não respondeu,,novo
43e4f5a1-f753-450a-a41d-7a645ade7e8a,2025-08-09T09:25:51,Mariana Gomes,mariana.gomes58@outlook.com,Roberto Mendes,Roberto Mendes,venda,Instagram - Casarão SP,CS-1208,2025-08-10T23:30:41,2025-08-11T01:21:46,,2025-08-30T01:21:46,Comprou com outra imobiliária,,novo
ac5f09ab-64fe-442d-819f-48a270416163,2025-08-09T14:17:14,Helena Freitas,helena.freitas72@gmail.com,Camila Alves,Camila Alves,venda,LinkedIn Ads - Alto Padrão,CO-1500,2025-08-11T02:16:39,2025-08-11T04:28:47,,,,,usado
937d00ce-4651-41bb-8e8c-59cbe9fbceb5,2025-08-09T21:04:57,Beatriz Lima,beatriz.lima60@hotmail.com,Paulo Henrique Santos,Paulo Henrique Santos,locação,Meta - Novos Empreendimentos,TE-8229,2025-08-11T08:32:01,2025-08-11T10:14:07,2025-09-15T10:14:07,,,861.33,usado
f0f4d651-c07f-4b3a-b3bf-305114c12036,2025-08-10T01:01:05,Mariana Gomes,mariana.gomes74@gmail.com,Carlos Eduardo Silva,Carlos Eduardo Silva,locação,Instagram - Casarão SP,SL-8850,2025-08-10T02:17:14,2025-08-10T04:16:59,,,,,novo
6ed5d036-6ea7-4fbf-abb0-e518bbf2d67b,2025-08-10T02:03:49,Patricia Dias,patricia.dias58@gmail.com,Fernanda Rodrigues,Fernanda Rodrigues,venda,Whatsapp - Indicação Direta,SL-5642,2025-08-10T15:15:23,2025-08-10T17:58:51,,2025-09-25T17:58:51,Preço acima do orçamento,,usado
2706de6a-df97-443c-899b-bcd154418f4d,2025-08-10T08:15:49,Monica Correia,monica.corr41@gmail.com,Camila Alves,Camila Alves,locação,Whatsapp - Indicação Direta,TE-2908,2025-08-11T08:02:33,2025-08-11T14:01:17,,2025-09-02T14:01:17,Não respondeu,,usado
94ee2251-bf22-4806-9314-10fb9d534d73,2025-08-10T13:56:23,Isabela Nascimento,isabela.nasc86@outlook.com,Fernanda Rodrigues,Fernanda Rodrigues,venda,Indicação - Cliente,AP-2301,2025-08-10T19:40:42,2025-08-10T20:46:14,,2025-08-20T20:46:14,Não respondeu,,novo
6f9678f3-0fba-4015-a379-21db32ac30a0,2025-08-10T16:15:07,Isabela Nascimento,isabela.nasc50@outlook.com,Carlos Eduardo Silva,Carlos Eduardo Silva,venda,Jetimob - Portal,AP-6995,2025-08-12T06:36:08,2025-08-12T12:30:32,,,,,usado
0fa72906-82fe-4e53-870c-df8089e66a20,2025-08-10T16:31:40,Julia Medeiros,julia.med2@hotmail.com,Roberto Mendes,Roberto Mendes,venda,Indicação - Cliente,AP-5191,2025-08-12T11:15:19,2025-08-12T15:34:38,2025-10-10T15:34:38,,,871921.05,usado
dce8f183-ade0-4d32-8eec-beeec543e8d7,2025-08-10T19:30:07,Larissa Pereira,larissa.pereira98@gmail.com,Roberto Mendes,Roberto Mendes,venda,Meta - Novos Empreendimentos,CO-4756,2025-08-11T08:21:00,2025-08-11T11:42:41,,2025-09-24T11:42:41,Imóvel não atendeu expectativa,,usado
a1046d18-5782-420f-b8c3-08c41ff36867,2025-08-11T00:42:00,Nelson Xavier,nelson.xavier70@gmail.com,Paulo Henrique Santos,Paulo Henrique Santos,venda,OLX Imóveis,CO-4374,2025-08-12T13:19:31,2025-08-12T16:02:15,2025-11-09T16:02:15,,,482130.84,novo
f7b27abb-12a9-4db5-9b87-00d756d954c5,2025-08-11T02:16:34,Thiago Carvalho,thiago.carvalho85@gmail.com,Carlos Eduardo Silva,Carlos Eduardo Silva,venda,Whatsapp - Indicação Direta,SL-5656,2025-08-11T12:56:06,2025-08-11T16:45:18,,,,,usado
79638994-293d-4d6a-8e3d-7bb4ee87b5fd,2025-08-11T06:31:23,Helena Freitas,helena.freitas2@gmail.com,Fernanda Rodrigues,Carlos Eduardo Silva,venda,Zap Imóveis,AP-7177,2025-08-12T19:12:06,2025-08-12T23:37:50,,,,,usado
f066a7b0-e5d6-4da0-92b9-71aa58affaab,2025-08-11T08:00:27,Larissa Pereira,larissa.pereira99@yahoo.com.br,Juliana Costa,Juliana Costa,venda,Indicação - Cliente,TE-5400,2025-08-11T21:03:48,2025-08-11T22:36:51,,2025-08-16T22:36:51,Imóvel não atendeu expectativa,,novo
644b0548-02d0-4a34-bf68-e8438768b200,2025-08-11T14:31:58,Helena Freitas,helena.freitas82@yahoo.com.br,Carlos Eduardo Silva,Carlos Eduardo Silva,locação,LinkedIn Ads - Alto Padrão,SL-6758,2025-08-12T13:19:05,2025-08-12T18:12:22,,,,,novo
98a92e7e-6af4-4fa3-af02-1ef5cbe229fe,2025-08-11T15:27:02,Bruno Almeida,bruno.almeida25@gmail.com,Marcos Oliveira,Marcos Oliveira,locação,OLX Imóveis,CO-2035,2025-08-13T10:29:47,2025-08-13T16:07:08,2025-10-21T16:07:08,,,1464.67,usado
908d09db-e13a-449a-bc67-c1d7736c42d1,2025-08-11T18:26:34,Diego Martins,diego.martins82@outlook.com,Marcos Oliveira,Marcos Oliveira,venda,Zap Imóveis,CO-7153,2025-08-12T21:45:17,2025-08-13T00:13:07,,,,,novo
47e8fecf-92d0-4385-8252-b3ec2cc317f4,2025-08-11T20:05:18,Thiago Carvalho,thiago.carvalho17@outlook.com,Ana Paula Ferreira,Ana Paula Ferreira,venda,Google Ads - Apartamentos SP,TE-1129,2025-08-13T16:06:56,2025-08-13T18:18:02,2025-09-28T18:18:02,,,2459804.54,usado
07343345-9795-4fb2-ae3b-b4478c10c31e,2025-08-11T20:40:30,Felipe Ribeiro,felipe.ribeiro7@outlook.com,Juliana Costa,Juliana Costa,locação,Meta - Novos Empreendimentos,CO-8707,2025-08-13T16:07:35,2025-08-13T20:42:05,,2025-09-15T20:42:05,Comprou com outra imobiliária,,usado
3c877778-ce52-4b48-88e9-b9d41fac88b5,2025-08-12T02:59:53,Camila Teixeira,camila.teix43@outlook.com,Marcos Oliveira,Marcos Oliveira,locação,OLX Imóveis,AP-5920,2025-08-12T08:11:57,2025-08-12T09:30:47,2025-09-12T09:30:47,,,2104.1,usado
5f4a2fdb-3ff3-48ee-85ed-82f61887968e,2025-08-12T18:55:11,Rafael Torres,rafael.torres81@yahoo.com.br,Roberto Mendes,Roberto Mendes,locação,Meta - Novos Empreendimentos,CS-3548,2025-08-14T09:28:02,2025-08-14T13:11:04,,2025-09-08T13:11:04,Mudou de cidade,,novo
66b500db-2073-496a-a5a6-27499aac41af,2025-08-12T20:52:10,Larissa Pereira,larissa.pereira59@gmail.com,Juliana Costa,Juliana Costa,venda,Meta - Novos Empreendimentos,SL-7295,2025-08-14T04:12:59,2025-08-14T07:38:24,,2025-08-29T07:38:24,Negociação travou,,usado
672c1ea0-2663-4fa6-a242-d1347b71b8f5,2025-08-13T07:38:25,Thiago Carvalho,thiago.carvalho13@hotmail.com,Ana Paula Ferreira,Ana Paula Ferreira,venda,Indicação - Cliente,CO-7228,2025-08-13T17:33:57,2025-08-13T21:46:08,,2025-10-09T21:46:08,Imóvel não atendeu expectativa,,novo
4782a497-e439-4fb5-b79b-e94fae7f1c0c,2025-08-13T09:09:56,Patricia Dias,patricia.dias77@yahoo.com.br,Marcos Oliveira,Marcos Oliveira,venda,Site Orgânico,AP-6468,2025-08-14T23:45:37,2025-08-15T04:32:02,,2025-08-26T04:32:02,Negociação travou,,novo
ecbd9ffd-97f2-4bbc-beda-3b7092ce2b27,2025-08-13T11:27:37,Thiago Carvalho,thiago.carvalho92@hotmail.com,Marcos Oliveira,Juliana Costa,venda,Indicação - Cliente,SL-4733,2025-08-15T07:02:30,2025-08-15T12:52:17,,2025-10-13T12:52:17,Comprou com outra imobiliária,,novo
500d0517-a5e9-42c9-bf69-3d8102d0636c,2025-08-13T13:32:05,Patricia Dias,patricia.dias33@yahoo.com.br,Roberto Mendes,Roberto Mendes,locação,OLX Imóveis,CS-3356,2025-08-15T06:48:45,2025-08-15T11:11:52,,,,,usado
61a0a52c-5d20-4ee5-8527-f17e02da2f09,2025-08-13T14:49:41,Isabela Nascimento,isabela.nasc1@yahoo.com.br,Paulo Henrique Santos,Paulo Henrique Santos,venda,Instagram - Casarão SP,TE-9954,2025-08-14T14:57:43,2025-08-14T20:42:04,,,,,usado
4dd147a4-1332-4789-a933-75b92c82e1df,2025-08-13T15:00:17,Lucas Barbosa,lucas.barbosa98@outlook.com,Ana Paula Ferreira,Ana Paula Ferreira,venda,Google Ads - Apartamentos SP,TE-1215,2025-08-15T01:55:00,2025-08-15T04:25:51,2025-11-01T04:25:51,,,2980598.29,usado
52199cb8-8b2b-458b-ae4c-9a2626a503be,2025-08-14T00:35:05,Isabela Nascimento,isabela.nasc79@gmail.com,Carlos Eduardo Silva,Carlos Eduardo Silva,venda,Whatsapp - Indicação Direta,AP-2987,2025-08-15T14:55:27,2025-08-15T15:33:05,,,,,novo
ee92f233-528b-4abe-89da-ef3513c01a77,2025-08-14T01:00:01,Thiago Carvalho,thiago.carvalho22@hotmail.com,Paulo Henrique Santos,Paulo Henrique Santos,locação,Meta - Novos Empreendimentos,AP-5841,2025-08-14T11:28:04,2025-08-14T14:13:40,2025-09-29T14:13:40,,,4231.7,usado
440de678-1a07-4341-b0dc-8bd70ab4a08f,2025-08-14T01:00:17,Mariana Gomes,mariana.gomes46@outlook.com,Juliana Costa,Juliana Costa,venda,Whatsapp - Indicação Direta,SL-1383,2025-08-15T01:19:33,2025-08-15T04:49:47,,2025-08-16T04:49:47,Mudou de cidade,,usado
e5efec1e-5eaf-4e8b-9fd1-62b17f5bd1aa,2025-08-14T03:10:59,Igor Pinto,igor.pinto49@hotmail.com,Carlos Eduardo Silva,Carlos Eduardo Silva,venda,Google Ads - Apartamentos SP,TE-7038,2025-08-15T16:50:05,2025-08-15T19:19:17,,2025-08-23T19:19:17,Negociação travou,,usado
f308eaa1-c08e-4a6c-ac6b-8b7d338c6788,2025-08-14T03:29:44,Lucas Barbosa,lucas.barbosa31@outlook.com,Camila Alves,Camila Alves,venda,LinkedIn Ads - Alto Padrão,CS-7727,2025-08-14T09:44:42,2025-08-14T14:59:24,,,,,novo
f7d9c877-b4d1-407b-a025-a779d9a1ae78,2025-08-14T04:06:58,Monica Correia,monica.corr69@outlook.com,Camila Alves,Camila Alves,venda,OLX Imóveis,TE-2028,2025-08-16T00:43:03,2025-08-16T06:14:42,,2025-08-31T06:14:42,Imóvel não atendeu expectativa,,usado
f2d9e93e-ea89-4233-ab6c-ee569ea89afd,2025-08-14T06:59:29,Felipe Ribeiro,felipe.ribeiro66@gmail.com,Juliana Costa,Juliana Costa,locação,Meta - Novos Empreendimentos,TE-2794,2025-08-14T21:03:28,2025-08-15T02:12:46,2025-10-12T02:12:46,,,2376.93,usado
e834e5b7-b49b-40c8-b247-3ededc9c1e74,2025-08-14T13:48:41,Gabriel Souza,gabriel.souza70@hotmail.com,Paulo Henrique Santos,Paulo Henrique Santos,venda,Whatsapp - Indicação Direta,AP-8741,2025-08-15T21:32:42,2025-08-16T00:42:51,,2025-09-09T00:42:51,Preço acima do orçamento,,usado
5e4aabd1-b249-468b-9b61-b67084b1eb96,2025-08-14T14:22:55,Mariana Gomes,mariana.gomes18@hotmail.com,Marcos Oliveira,Camila Alves,locação,Site Orgânico,CS-6375,2025-08-14T14:43:27,2025-08-14T15:42:48,,2025-10-12T15:42:48,Comprou com outra imobiliária,,usado
7a3995f3-c16d-4a95-b082-034e60cb31d3,2025-08-14T22:18:10,Fernanda Lopes,fernanda.lop52@yahoo.com.br,Carlos Eduardo Silva,Carlos Eduardo Silva,venda,Jetimob - Portal,AP-3702,2025-08-15T21:34:49,2025-08-15T22:31:11,,2025-10-04T22:31:11,Comprou com outra imobiliária,,usado
53d8360a-73dc-448b-b6b7-24f6d776b035,2025-08-15T02:00:29,Rafael Torres,rafael.torres90@gmail.com,Fernanda Rodrigues,Fernanda Rodrigues,venda,Whatsapp - Indicação Direta,SL-5900,2025-08-16T07:57:09,2025-08-16T13:40:09,,2025-10-05T13:40:09,Imóvel não atendeu expectativa,,novo
fae81c2d-b9b2-48a0-8472-abe94473cb6c,2025-08-15T14:06:47,Lucas Barbosa,lucas.barbosa7@gmail.com,Camila Alves,Camila Alves,venda,Whatsapp - Indicação Direta,CO-2979,2025-08-17T05:57:31,2025-08-17T07:33:29,2025-08-21T07:33:29,,,612594.06,usado
7f4a4949-0563-404f-ad1c-69041c90daef,2025-08-16T01:57:27,Lucas Barbosa,lucas.barbosa18@hotmail.com,Ana Paula Ferreira,Ana Paula Ferreira,venda,Indicação - Cliente,CS-8308,2025-08-16T19:56:21,2025-08-16T21:53:09,2025-11-11T21:53:09,,,2065439.87,usado
6484d081-878b-4bf9-9fd2-08c7c53c653d,2025-08-16T06:01:05,Patricia Dias,patricia.dias41@yahoo.com.br,Ana Paula Ferreira,Ana Paula Ferreira,venda,Google Ads - Apartamentos SP,AP-2151,2025-08-17T07:45:18,2025-08-17T08:57:21,2025-11-15T08:57:21,,,986171.75,novo
18d621a2-0e9e-44c2-8c80-6b3e99a633a0,2025-08-16T11:34:07,Fernanda Lopes,fernanda.lop9@hotmail.com,Paulo Henrique Santos,Paulo Henrique Santos,venda,Whatsapp - Indicação Direta,CO-3824,2025-08-17T03:33:25,2025-08-17T08:54:30,,,,,usado
abeaa280-c30c-4c2a-8bab-ce75689836be,2025-08-16T14:20:11,Gabriel Souza,gabriel.souza1@gmail.com,Roberto Mendes,Roberto Mendes,venda,OLX Imóveis,SL-6065,2025-08-17T11:17:06,2025-08-17T13:59:25,,2025-09-24T13:59:25,Negociação travou,,usado
a73575c2-e6d3-4143-83d4-212335ecd36d,2025-08-17T05:59:42,Rodrigo Cunha,rodrigo.cunha91@outlook.com,Ana Paula Ferreira,Ana Paula Ferreira,venda,Instagram - Casarão SP,CO-4029,2025-08-18T08:02:51,2025-08-18T12:55:57,,2025-08-28T12:55:57,Sem perfil para financiamento,,usado
ad5199f4-509d-468e-9329-345dcb563aeb,2025-08-17T12:07:01,Mariana Gomes,mariana.gomes25@gmail.com,Paulo Henrique Santos,Paulo Henrique Santos,locação,LinkedIn Ads - Alto Padrão,SL-1206,2025-08-19T02:35:39,2025-08-19T03:27:51,,,,,usado
f4dbe9e9-087d-452c-8672-58b284785745,2025-08-17T12:42:21,Mariana Gomes,mariana.gomes92@hotmail.com,Camila Alves,Camila Alves,venda,LinkedIn Ads - Alto Padrão,CO-9498,2025-08-17T21:16:52,2025-08-17T22:46:29,,2025-09-16T22:46:29,Imóvel não atendeu expectativa,,usado
5c6995a7-9ade-4ec9-873b-0d4a8a7ea2dd,2025-08-17T13:51:03,Nelson Xavier,nelson.xavier44@yahoo.com.br,Carlos Eduardo Silva,Carlos Eduardo Silva,locação,Instagram - Casarão SP,SL-4616,2025-08-19T04:31:22,2025-08-19T05:10:54,2025-10-08T05:10:54,,,2153.12,novo
f50eb6a7-689c-4dc3-b744-88536bd36c2d,2025-08-17T17:01:36,Larissa Pereira,larissa.pereira51@hotmail.com,Ana Paula Ferreira,Ana Paula Ferreira,locação,Site Orgânico,CS-3996,2025-08-19T01:02:19,2025-08-19T06:10:07,,2025-10-04T06:10:07,Sem perfil para financiamento,,usado
bee685be-cf70-444d-9ea1-779927a018d8,2025-08-17T17:42:25,Fernanda Lopes,fernanda.lop36@gmail.com,Fernanda Rodrigues,Fernanda Rodrigues,locação,Google Ads - Apartamentos SP,TE-3734,2025-08-18T16:13:28,2025-08-18T16:58:59,,2025-09-23T16:58:59,Mudou de cidade,,usado
eba31bb0-e3ce-456e-8845-cf0f88168ba5,2025-08-17T19:57:51,Fernanda Lopes,fernanda.lop8@hotmail.com,Paulo Henrique Santos,Paulo Henrique Santos,locação,Jetimob - Portal,TE-5795,2025-08-19T18:42:19,2025-08-19T21:28:08,,2025-09-06T21:28:08,Desistiu da compra,,novo
2e8347a8-61f9-4e9d-8186-470f8e1d1db7,2025-08-17T20:47:33,Lucas Barbosa,lucas.barbosa84@gmail.com,Carlos Eduardo Silva,Carlos Eduardo Silva,venda,Zap Imóveis,TE-3736,2025-08-18T21:55:38,2025-08-19T03:08:12,,,,,novo
b6f6c5c5-cf8b-46ad-974b-87fb6b9db6eb,2025-08-18T00:04:07,Helena Freitas,helena.freitas23@hotmail.com,Marcos Oliveira,Marcos Oliveira,venda,Indicação - Cliente,SL-4591,2025-08-19T13:07:23,2025-08-19T14:03:03,,2025-09-03T14:03:03,Sem perfil para financiamento,,usado
e5e65cb2-a17d-4d7e-ad28-052ddcdb09ae,2025-08-18T08:33:10,Beatriz Lima,beatriz.lima64@gmail.com,Juliana Costa,Juliana Costa,venda,Google Ads - Apartamentos SP,TE-7732,2025-08-19T23:56:52,2025-08-20T01:40:18,,2025-09-18T01:40:18,Comprou com outra imobiliária,,usado
454ad1ae-3fa7-499d-ac4f-a30d6561227a,2025-08-18T16:22:57,Helena Freitas,helena.freitas41@gmail.com,Paulo Henrique Santos,Paulo Henrique Santos,venda,LinkedIn Ads - Alto Padrão,AP-1723,2025-08-20T00:11:38,2025-08-20T05:33:57,,2025-09-30T05:33:57,Imóvel não atendeu expectativa,,usado
32547967-23a7-4096-b6b1-c4b1bb07ca4d,2025-08-18T21:09:11,Bruno Almeida,bruno.almeida47@outlook.com,Marcos Oliveira,Marcos Oliveira,locação,OLX Imóveis,SL-6005,2025-08-20T04:29:37,2025-08-20T06:51:20,2025-09-17T06:51:20,,,1202.14,usado
e1f4d4e3-4283-4e3f-8d70-6ecb0e128695,2025-08-18T21:44:27,Nelson Xavier,nelson.xavier52@yahoo.com.br,Carlos Eduardo Silva,Fernanda Rodrigues,locação,Zap Imóveis,AP-5959,2025-08-20T13:31:22,2025-08-20T17:50:32,2025-11-13T17:50:32,,,3741.43,usado
0d8b6bfe-dc99-496f-8a93-5fb4e1a92b1e,2025-08-19T07:32:48,Igor Pinto,igor.pinto92@yahoo.com.br,Paulo Henrique Santos,Paulo Henrique Santos,venda,Instagram - Casarão SP,CS-7105,2025-08-19T21:28:42,2025-08-20T03:01:24,2025-11-01T03:01:24,,,849485.18,novo
8ce98a64-afed-470a-aa77-fb7c79ba2350,2025-08-19T08:33:38,Gabriel Souza,gabriel.souza97@gmail.com,Marcos Oliveira,Marcos Oliveira,venda,Site Orgânico,TE-3527,2025-08-21T08:07:13,2025-08-21T12:05:34,2025-10-08T12:05:34,,,2585106.65,usado
a926c16f-c70a-4414-9b06-c305368f82c2,2025-08-19T09:03:52,Helena Freitas,helena.freitas2@outlook.com,Marcos Oliveira,Marcos Oliveira,locação,Google Ads - Apartamentos SP,SL-7185,2025-08-20T01:53:55,2025-08-20T05:45:54,,,,,usado
d0f4e984-a79a-4a71-a68b-b038ffdf2955,2025-08-19T10:13:57,Fernanda Lopes,fernanda.lop56@hotmail.com,Ana Paula Ferreira,Ana Paula Ferreira,locação,OLX Imóveis,TE-3336,2025-08-21T02:09:22,2025-08-21T04:15:12,,,,,usado
c95cf7f8-78b9-4bd0-9044-1d1f2eb2b8e2,2025-08-19T11:35:12,Monica Correia,monica.corr73@yahoo.com.br,Juliana Costa,Juliana Costa,venda,Whatsapp - Indicação Direta,AP-1116,2025-08-20T03:05:55,2025-08-20T08:24:17,,,,,usado
cf2ea93c-92ac-4f5d-a02a-1972eba150e3,2025-08-19T15:44:29,Camila Teixeira,camila.teix97@yahoo.com.br,Roberto Mendes,Roberto Mendes,venda,LinkedIn Ads - Alto Padrão,SL-9728,2025-08-19T18:51:21,2025-08-19T22:48:58,,,,,usado
f78c95b1-ff43-4bb1-9009-495267e3f83d,2025-08-19T23:47:02,Larissa Pereira,larissa.pereira78@yahoo.com.br,Juliana Costa,Juliana Costa,venda,Zap Imóveis,CS-8744,2025-08-21T21:28:13,2025-08-21T23:39:20,,2025-10-13T23:39:20,Mudou de cidade,,usado
9cda2e87-7462-4fa3-b85f-924bad03fa9c,2025-08-20T00:09:12,Felipe Ribeiro,felipe.ribeiro32@hotmail.com,Paulo Henrique Santos,Paulo Henrique Santos,venda,Jetimob - Portal,CO-2351,2025-08-21T18:31:09,2025-08-21T20:46:12,,2025-09-26T20:46:12,Imóvel não atendeu expectativa,,usado
db6efea4-1ee7-4da7-a156-690fc81d5fc8,2025-08-20T16:56:23,Gustavo Nunes,gustavo.nunes93@yahoo.com.br,Carlos Eduardo Silva,Carlos Eduardo Silva,venda,OLX Imóveis,AP-2836,2025-08-21T18:41:29,2025-08-21T21:01:09,,2025-10-07T21:01:09,Imóvel não atendeu expectativa,,usado
4ef91fee-358d-4d5a-9321-33ab103d1f35,2025-08-21T13:07:24,Rodrigo Cunha,rodrigo.cunha31@gmail.com,Fernanda Rodrigues,Paulo Henrique Santos,locação,Whatsapp - Indicação Direta,AP-2211,2025-08-23T06:33:31,2025-08-23T09:43:29,,2025-10-14T09:43:29,Desistiu da compra,,usado
4bcaa767-4869-46ec-a8eb-531852b371a8,2025-08-21T13:25:46,Igor Pinto,igor.pinto44@gmail.com,Fernanda Rodrigues,Fernanda Rodrigues,locação,Google Ads - Apartamentos SP,CS-5676,2025-08-21T19:30:08,2025-08-21T23:23:27,,,,,novo
7735412a-22b3-405e-b76e-e6eed83a4ba2,2025-08-21T13:59:57,Isabela Nascimento,isabela.nasc21@outlook.com,Ana Paula Ferreira,Paulo Henrique Santos,locação,Instagram - Casarão SP,SL-3788,2025-08-22T03:21:51,2025-08-22T09:01:21,,,,,usado
ae319896-02b6-491c-8c46-8927874a5c3c,2025-08-21T16:28:08,Leandro Santana,leandro.sant2@outlook.com,Camila Alves,Paulo Henrique Santos,locação,Jetimob - Portal,SL-6112,2025-08-23T15:03:46,2025-08-23T17:14:34,2025-09-13T17:14:34,,,3105.85,novo
b59cd5cc-31f7-4882-b4b7-ccbff5a1c87f,2025-08-21T19:26:57,Diego Martins,diego.martins87@outlook.com,Paulo Henrique Santos,Paulo Henrique Santos,venda,OLX Imóveis,AP-5810,2025-08-23T17:21:01,2025-08-23T20:43:28,,2025-09-22T20:43:28,Preço acima do orçamento,,novo
6042b461-4fed-4575-8382-732f97edc5fb,2025-08-21T20:37:07,Felipe Ribeiro,felipe.ribeiro62@yahoo.com.br,Juliana Costa,Juliana Costa,locação,Indicação - Cliente,CS-4437,2025-08-23T19:45:49,2025-08-24T01:40:02,2025-09-16T01:40:02,,,4533.3,usado
9984ff13-713a-4cfa-ac80-8e3392166e85,2025-08-21T21:11:23,Isabela Nascimento,isabela.nasc1@outlook.com,Camila Alves,Roberto Mendes,venda,Zap Imóveis,CS-2665,2025-08-21T23:59:21,2025-08-22T04:33:53,,2025-10-04T04:33:53,Comprou com outra imobiliária,,novo
740ff5bd-2a51-492d-a54b-89a1a378cee0,2025-08-22T01:18:59,Gabriel Souza,gabriel.souza59@hotmail.com,Marcos Oliveira,Ana Paula Ferreira,venda,Instagram - Casarão SP,CS-2645,2025-08-23T15:14:58,2025-08-23T19:30:22,,2025-09-01T19:30:22,Imóvel não atendeu expectativa,,novo
3b440519-7a58-4547-9b66-83887959b347,2025-08-22T02:57:07,Gabriel Souza,gabriel.souza61@gmail.com,Paulo Henrique Santos,Paulo Henrique Santos,venda,Site Orgânico,CS-4209,2025-08-23T06:43:49,2025-08-23T12:05:02,,2025-10-22T12:05:02,Preço acima do orçamento,,usado
933abe0a-2a79-4529-bf51-ce0ad1da4e8e,2025-08-22T03:02:48,Monica Correia,monica.corr6@hotmail.com,Camila Alves,Camila Alves,venda,Google Ads - Apartamentos SP,CO-4544,2025-08-22T07:56:28,2025-08-22T11:12:41,2025-11-06T11:12:41,,,843917.23,usado
7fd7280e-95ce-45e2-82e5-ea951a7e1421,2025-08-22T08:11:36,Mariana Gomes,mariana.gomes4@gmail.com,Marcos Oliveira,Marcos Oliveira,venda,Zap Imóveis,CO-2535,2025-08-24T00:37:50,2025-08-24T03:13:19,2025-11-11T03:13:19,,,641363.69,usado
ac6c7a18-feb8-42ef-9649-b24563ede165,2025-08-22T08:31:24,Bruno Almeida,bruno.almeida70@hotmail.com,Paulo Henrique Santos,Paulo Henrique Santos,venda,Zap Imóveis,AP-6351,2025-08-22T20:19:26,2025-08-22T23:44:09,2025-08-25T23:44:09,,,612592.94,usado
5607fc54-b937-4fb2-8055-18a4bcddc6f9,2025-08-22T08:35:25,Nelson Xavier,nelson.xavier4@hotmail.com,Camila Alves,Camila Alves,locação,Whatsapp - Indicação Direta,AP-8559,2025-08-23T08:16:46,2025-08-23T11:45:37,,,,,usado
26595003-3e98-4e04-bf67-09f2fc98c2f3,2025-08-22T09:27:02,Natalia Rocha,natalia.rocha40@yahoo.com.br,Roberto Mendes,Roberto Mendes,venda,Meta - Novos Empreendimentos,CS-1420,2025-08-24T06:06:23,2025-08-24T08:55:47,,2025-09-04T08:55:47,Negociação travou,,novo
efd39dc8-9789-4f27-ada9-371f4945757a,2025-08-22T10:40:20,Thiago Carvalho,thiago.carvalho72@outlook.com,Marcos Oliveira,Marcos Oliveira,venda,LinkedIn Ads - Alto Padrão,CO-4585,2025-08-23T00:39:20,2025-08-23T06:20:10,,2025-09-09T06:20:10,Sem perfil para financiamento,,novo
380246a9-b5f0-478e-8c36-ca4fd22fe6dd,2025-08-22T10:44:19,Beatriz Lima,beatriz.lima43@outlook.com,Carlos Eduardo Silva,Carlos Eduardo Silva,venda,Instagram - Casarão SP,AP-7446,2025-08-23T02:54:43,2025-08-23T03:51:08,,,,,novo
4464e55d-e09f-4411-9097-faebcd13cf9d,2025-08-22T11:26:20,Lucas Barbosa,lucas.barbosa94@outlook.com,Paulo Henrique Santos,Paulo Henrique Santos,venda,Site Orgânico,CO-3079,2025-08-24T11:23:49,2025-08-24T16:53:25,,2025-09-11T16:53:25,Sem perfil para financiamento,,novo
baf44b06-a311-4fcb-9854-0345d7f3251d,2025-08-22T12:39:13,Fernanda Lopes,fernanda.lop66@yahoo.com.br,Marcos Oliveira,Marcos Oliveira,venda,Meta - Novos Empreendimentos,AP-7291,2025-08-24T02:48:50,2025-08-24T06:42:12,2025-11-21T06:42:12,,,545203.9,novo
52fe12f0-c0a8-4438-835a-9062e4754916,2025-08-22T12:39:46,Leandro Santana,leandro.sant45@outlook.com,Camila Alves,Camila Alves,locação,Indicação - Cliente,CO-7174,2025-08-23T14:20:05,2025-08-23T19:02:07,,2025-09-15T19:02:07,Não respondeu,,novo
8fb7e066-11b5-4914-9cf3-c7a5d435d3d2,2025-08-22T13:06:57,Felipe Ribeiro,felipe.ribeiro80@gmail.com,Paulo Henrique Santos,Paulo Henrique Santos,venda,Meta - Novos Empreendimentos,CS-2941,2025-08-23T13:13:04,2025-08-23T15:44:08,,2025-09-16T15:44:08,Mudou de cidade,,usado
fa4275b2-6cc1-432e-8362-35c02de01a27,2025-08-22T13:26:08,Igor Pinto,igor.pinto94@outlook.com,Paulo Henrique Santos,Fernanda Rodrigues,locação,Whatsapp - Indicação Direta,SL-3912,2025-08-24T11:25:26,2025-08-24T16:55:54,,,,,usado
7d2ee3b2-56dd-45c7-a450-a1ff8bc86e0e,2025-08-22T14:25:55,Monica Correia,monica.corr39@outlook.com,Ana Paula Ferreira,Paulo Henrique Santos,venda,Instagram - Casarão SP,CO-5013,2025-08-24T10:39:54,2025-08-24T15:39:09,,,,,novo
02cd7a69-46fc-40da-a2af-b2c642a1dc0b,2025-08-22T15:43:22,Nelson Xavier,nelson.xavier23@yahoo.com.br,Paulo Henrique Santos,Paulo Henrique Santos,venda,Site Orgânico,SL-2780,2025-08-23T00:55:03,2025-08-23T05:04:07,,,,,novo
930428d5-373b-4374-aefd-7ae0dfc2da8c,2025-08-22T21:14:53,Helena Freitas,helena.freitas99@yahoo.com.br,Paulo Henrique Santos,Paulo Henrique Santos,venda,Jetimob - Portal,SL-3901,2025-08-24T12:00:53,2025-08-24T13:55:30,,,,,usado
d4ac79a7-c08a-4eb1-b5c6-d5496505a7d7,2025-08-23T04:11:44,Rafael Torres,rafael.torres20@gmail.com,Ana Paula Ferreira,Ana Paula Ferreira,venda,Instagram - Casarão SP,TE-6837,2025-08-24T07:49:48,2025-08-24T09:16:34,,,,,novo
ac9d359a-1762-45ba-846b-68139187d818,2025-08-23T15:35:36,Camila Teixeira,camila.teix19@outlook.com,Fernanda Rodrigues,Paulo Henrique Santos,venda,OLX Imóveis,SL-7480,2025-08-25T07:44:28,2025-08-25T08:25:52,,2025-10-01T08:25:52,Preço acima do orçamento,,novo
6ebbd7ad-2f84-43c8-98fe-25b810a127ae,2025-08-23T17:36:19,Nelson Xavier,nelson.xavier93@outlook.com,Roberto Mendes,Roberto Mendes,locação,Jetimob - Portal,AP-6332,2025-08-24T06:45:00,2025-08-24T11:43:24,,2025-10-21T11:43:24,Preço acima do orçamento,,usado
92bf771e-7f71-452b-82c2-65c2c9eac6d1,2025-08-23T19:14:55,Bruno Almeida,bruno.almeida24@hotmail.com,Marcos Oliveira,Marcos Oliveira,locação,Indicação - Cliente,SL-2661,2025-08-24T11:02:42,2025-08-24T13:34:13,2025-09-04T13:34:13,,,1086.99,usado
944d9546-daad-42b1-9f54-5a03ef7a0fbb,2025-08-23T20:47:23,Leandro Santana,leandro.sant35@outlook.com,Roberto Mendes,Roberto Mendes,venda,Site Orgânico,AP-9745,2025-08-25T18:24:44,2025-08-25T22:18:35,,2025-10-24T22:18:35,Mudou de cidade,,usado
62fc31b2-dd0b-4efb-9289-624533f5a1d8,2025-08-23T21:48:05,Lucas Barbosa,lucas.barbosa54@hotmail.com,Fernanda Rodrigues,Fernanda Rodrigues,locação,Indicação - Cliente,AP-9432,2025-08-24T15:44:19,2025-08-24T16:32:44,,2025-08-28T16:32:44,Preço acima do orçamento,,usado
5efbdf3d-ffac-415e-89ee-10d85daa1b99,2025-08-24T14:34:14,Gabriel Souza,gabriel.souza40@yahoo.com.br,Camila Alves,Camila Alves,venda,Whatsapp - Indicação Direta,TE-5656,2025-08-26T12:20:54,2025-08-26T13:54:46,,2025-09-28T13:54:46,Sem perfil para financiamento,,usado
550bf144-141a-42c5-b49e-3cc717d91c20,2025-08-25T01:43:17,Amanda Castro,amanda.castro42@gmail.com,Fernanda Rodrigues,Fernanda Rodrigues,locação,Google Ads - Apartamentos SP,AP-3033,2025-08-26T06:31:07,2025-08-26T08:00:42,,,,,usado
209fe7f1-4f89-4f71-a284-480229df624f,2025-08-25T05:48:28,Monica Correia,monica.corr89@yahoo.com.br,Camila Alves,Camila Alves,locação,OLX Imóveis,TE-9466,2025-08-26T17:51:09,2025-08-26T22:36:17,,,,,novo
ab59407d-d9b6-4d3c-85d6-f516d1430864,2025-08-25T06:03:16,Felipe Ribeiro,felipe.ribeiro97@yahoo.com.br,Carlos Eduardo Silva,Carlos Eduardo Silva,locação,Meta - Novos Empreendimentos,CO-8178,2025-08-26T04:28:01,2025-08-26T06:00:10,2025-09-24T06:00:10,,,2470.05,usado
ba93508c-8d85-418b-92b9-b09b9015b4da,2025-08-25T06:59:17,Helena Freitas,helena.freitas23@hotmail.com,Juliana Costa,Juliana Costa,locação,Jetimob - Portal,SL-3314,2025-08-26T02:26:59,2025-08-26T06:01:44,,,,,usado
c1553349-f2f8-4361-a585-dae5d76f3063,2025-08-25T07:25:19,Mariana Gomes,mariana.gomes65@hotmail.com,Marcos Oliveira,Camila Alves,locação,Zap Imóveis,SL-2833,2025-08-26T23:20:03,2025-08-27T04:03:08,,2025-10-24T04:03:08,Negociação travou,,usado
028cf67e-0e6a-4ca0-bf9d-d0a79a46eeae,2025-08-25T13:50:51,Nelson Xavier,nelson.xavier95@yahoo.com.br,Carlos Eduardo Silva,Carlos Eduardo Silva,locação,Site Orgânico,CO-7599,2025-08-26T11:40:25,2025-08-26T16:01:27,,2025-09-27T16:01:27,Desistiu da compra,,usado
041cc319-ac9a-4417-b152-331b8346eaab,2025-08-25T18:53:54,Patricia Dias,patricia.dias92@yahoo.com.br,Roberto Mendes,Roberto Mendes,venda,Whatsapp - Indicação Direta,CS-9092,2025-08-27T08:51:52,2025-08-27T12:17:29,,2025-08-28T12:17:29,Mudou de cidade,,usado
60e7dd18-2e71-4a42-9d4e-db24f6727619,2025-08-25T21:17:26,Julia Medeiros,julia.med13@outlook.com,Juliana Costa,Juliana Costa,locação,Whatsapp - Indicação Direta,CO-3114,2025-08-26T02:54:21,2025-08-26T06:02:20,2025-10-09T06:02:20,,,2379.98,novo
158daa17-7bfc-4e52-a984-8cda1c982148,2025-08-25T22:43:04,Monica Correia,monica.corr76@yahoo.com.br,Juliana Costa,Juliana Costa,venda,LinkedIn Ads - Alto Padrão,SL-4028,2025-08-25T22:50:35,2025-08-26T00:05:49,,2025-09-23T00:05:49,Comprou com outra imobiliária,,novo
2e678231-2cf5-4f0c-883b-12d8bb24230e,2025-08-26T01:13:02,Patricia Dias,patricia.dias88@yahoo.com.br,Fernanda Rodrigues,Fernanda Rodrigues,venda,Google Ads - Apartamentos SP,AP-5565,2025-08-27T16:57:01,2025-08-27T22:32:16,,2025-09-19T22:32:16,Comprou com outra imobiliária,,usado
420850a4-e778-49ee-b6bc-81686cd7aaad,2025-08-26T01:55:34,Nelson Xavier,nelson.xavier79@yahoo.com.br,Ana Paula Ferreira,Ana Paula Ferreira,venda,Whatsapp - Indicação Direta,CO-1044,2025-08-26T23:06:32,2025-08-27T00:30:01,,2025-10-09T00:30:01,Negociação travou,,novo
ffbfd9f7-ed7c-4b6b-9813-de9122f6d9b4,2025-08-26T09:09:29,Natalia Rocha,natalia.rocha25@yahoo.com.br,Roberto Mendes,Roberto Mendes,locação,Google Ads - Apartamentos SP,AP-4794,2025-08-27T20:34:33,2025-08-27T21:32:24,2025-10-16T21:32:24,,,4800.39,usado
b618b864-4bf0-4894-8cc5-8f49cce30f26,2025-08-26T11:11:13,Natalia Rocha,natalia.rocha51@hotmail.com,Juliana Costa,Juliana Costa,venda,Whatsapp - Indicação Direta,SL-5352,2025-08-27T05:53:32,2025-08-27T10:59:01,,,,,usado
72026d8e-5dee-4fb9-bc6b-f6b9e95b3c74,2025-08-26T14:10:17,Gustavo Nunes,gustavo.nunes79@gmail.com,Camila Alves,Ana Paula Ferreira,locação,Instagram - Casarão SP,CS-8058,2025-08-26T20:57:23,2025-08-26T22:38:07,2025-10-26T22:38:07,,,3634.04,usado
98e36663-f263-403b-ae26-e93aaa142c47,2025-08-26T20:27:51,Isabela Nascimento,isabela.nasc92@gmail.com,Marcos Oliveira,Marcos Oliveira,venda,Meta - Novos Empreendimentos,SL-3820,2025-08-28T01:43:40,2025-08-28T02:26:11,,2025-10-09T02:26:11,Negociação travou,,novo
a5526e1a-608d-49f1-a251-fe37dd3ee613,2025-08-26T22:46:37,Rafael Torres,rafael.torres25@yahoo.com.br,Roberto Mendes,Roberto Mendes,locação,Whatsapp - Indicação Direta,TE-9287,2025-08-27T20:29:37,2025-08-27T22:50:14,,2025-09-02T22:50:14,Sem perfil para financiamento,,novo
8d0427ef-f1c3-4138-993c-7a6d38906a36,2025-08-27T16:10:14,Gabriel Souza,gabriel.souza78@gmail.com,Paulo Henrique Santos,Paulo Henrique Santos,locação,LinkedIn Ads - Alto Padrão,AP-3201,2025-08-28T04:50:00,2025-08-28T09:54:15,,2025-10-21T09:54:15,Preço acima do orçamento,,usado
bfc4087f-cf21-40e8-91ba-376b05e5f5f7,2025-08-27T16:23:37,Igor Pinto,igor.pinto18@outlook.com,Marcos Oliveira,Marcos Oliveira,venda,Indicação - Cliente,AP-5805,2025-08-29T01:10:51,2025-08-29T03:11:16,,,,,usado
21258da3-9722-4ccf-87ab-7a1db2a6a87a,2025-08-28T01:56:50,Fernanda Lopes,fernanda.lop91@yahoo.com.br,Marcos Oliveira,Marcos Oliveira,venda,Jetimob - Portal,TE-4709,2025-08-29T03:01:31,2025-08-29T04:50:08,,,,,usado
4f4f453d-7224-47c0-aa9f-e05e6306b900,2025-08-28T02:03:24,Rafael Torres,rafael.torres14@outlook.com,Marcos Oliveira,Marcos Oliveira,venda,Zap Imóveis,AP-9093,2025-08-28T08:57:48,2025-08-28T12:10:14,,2025-09-14T12:10:14,Desistiu da compra,,novo
4aecf117-0ce9-4154-8280-f080419d2476,2025-08-28T03:10:31,Nelson Xavier,nelson.xavier92@gmail.com,Juliana Costa,Juliana Costa,locação,Meta - Novos Empreendimentos,CO-1450,2025-08-28T08:35:43,2025-08-28T12:28:51,,,,,usado
3e59004b-f3d4-43c1-bee0-0f27cb71a8c8,2025-08-28T17:13:07,Fernanda Lopes,fernanda.lop83@hotmail.com,Juliana Costa,Ana Paula Ferreira,venda,Google Ads - Apartamentos SP,CS-9577,2025-08-29T05:12:31,2025-08-29T07:46:36,,2025-10-23T07:46:36,Preço acima do orçamento,,usado
3922094a-abfb-439d-ab77-dd9ed22ea339,2025-08-28T20:06:26,Nelson Xavier,nelson.xavier9@gmail.com,Paulo Henrique Santos,Paulo Henrique Santos,venda,Site Orgânico,CO-7471,2025-08-30T14:46:49,2025-08-30T17:50:48,,2025-10-03T17:50:48,Imóvel não atendeu expectativa,,usado
031c051b-9a38-4f37-b16a-34b02cd76559,2025-08-28T21:49:25,Larissa Pereira,larissa.pereira14@yahoo.com.br,Paulo Henrique Santos,Paulo Henrique Santos,locação,Indicação - Cliente,TE-9899,2025-08-29T10:46:14,2025-08-29T14:18:33,,2025-09-13T14:18:33,Preço acima do orçamento,,novo
d9b0d33f-1d64-4225-821b-c9e060569b56,2025-08-29T04:38:23,Helena Freitas,helena.freitas97@outlook.com,Fernanda Rodrigues,Fernanda Rodrigues,locação,Indicação - Cliente,SL-7065,2025-08-31T01:50:25,2025-08-31T03:17:32,2025-11-16T03:17:32,,,3715.71,novo
c65f15aa-3141-43f3-a394-a1c51b282af6,2025-08-29T04:48:11,Natalia Rocha,natalia.rocha8@hotmail.com,Ana Paula Ferreira,Ana Paula Ferreira,venda,Meta - Novos Empreendimentos,TE-5699,2025-08-29T15:43:15,2025-08-29T18:24:16,,2025-10-22T18:24:16,Preço acima do orçamento,,novo
ef19ae5b-909a-48e9-9895-554ae5d578ef,2025-08-29T09:25:50,Helena Freitas,helena.freitas8@hotmail.com,Ana Paula Ferreira,Ana Paula Ferreira,locação,OLX Imóveis,CS-2232,2025-08-30T13:41:44,2025-08-30T15:43:25,2025-09-03T15:43:25,,,2812.9,usado
1647301f-d432-488c-a60a-91a100cd4128,2025-08-29T09:26:38,Felipe Ribeiro,felipe.ribeiro15@hotmail.com,Marcos Oliveira,Ana Paula Ferreira,venda,Whatsapp - Indicação Direta,CO-3513,2025-08-30T13:42:54,2025-08-30T17:28:57,,2025-10-06T17:28:57,Não respondeu,,usado
94a06145-741a-4eae-aa71-8146b499f4f8,2025-08-29T10:15:00,Thiago Carvalho,thiago.carvalho74@gmail.com,Paulo Henrique Santos,Ana Paula Ferreira,venda,Whatsapp - Indicação Direta,CO-2522,2025-08-29T17:18:15,2025-08-29T18:04:14,2025-09-20T18:04:14,,,554578.74,usado
73acd51c-5583-45a1-9802-2ecd90f4f358,2025-08-29T20:16:50,Larissa Pereira,larissa.pereira33@yahoo.com.br,Camila Alves,Camila Alves,venda,Whatsapp - Indicação Direta,CS-5144,2025-08-30T05:12:40,2025-08-30T09:14:08,2025-11-26T09:14:08,,,2147841.82,usado
4b06c760-2e71-486e-8004-d20f5b265022,2025-08-30T02:02:06,Helena Freitas,helena.freitas34@yahoo.com.br,Ana Paula Ferreira,Ana Paula Ferreira,venda,Jetimob - Portal,AP-3447,2025-08-31T15:53:40,2025-08-31T21:25:41,2025-09-30T21:25:41,,,850058.18,usado
a9403ee5-ffd0-4a6c-a441-585442db772d,2025-08-30T07:55:48,Camila Teixeira,camila.teix13@outlook.com,Roberto Mendes,Roberto Mendes,venda,LinkedIn Ads - Alto Padrão,AP-8776,2025-09-01T07:06:50,2025-09-01T12:22:28,,2025-09-15T12:22:28,Comprou com outra imobiliária,,novo
866c6f13-fedf-4d7a-a6a6-5346318fa625,2025-08-30T07:58:10,Rodrigo Cunha,rodrigo.cunha70@yahoo.com.br,Camila Alves,Camila Alves,locação,Whatsapp - Indicação Direta,SL-8754,2025-08-31T15:47:52,2025-08-31T19:28:40,,2025-09-24T19:28:40,Preço acima do orçamento,,usado
4f190f7c-5d13-44b1-aa0d-968a4c01553e,2025-08-30T10:38:27,Mariana Gomes,mariana.gomes81@yahoo.com.br,Paulo Henrique Santos,Paulo Henrique Santos,venda,Site Orgânico,TE-5079,2025-08-31T05:42:03,2025-08-31T09:36:10,,2025-10-30T09:36:10,Mudou de cidade,,usado
9cf92f89-3cd2-43b6-8ee9-3ed9e95359df,2025-08-30T16:13:51,Beatriz Lima,beatriz.lima32@outlook.com,Marcos Oliveira,Marcos Oliveira,venda,Google Ads - Apartamentos SP,AP-1899,2025-09-01T14:30:36,2025-09-01T15:45:47,,2025-09-26T15:45:47,Comprou com outra imobiliária,,usado
1d05f4c0-d35c-4697-819a-c47522ab0bd2,2025-08-30T16:30:06,Rafael Torres,rafael.torres70@outlook.com,Roberto Mendes,Roberto Mendes,locação,Jetimob - Portal,CO-2339,2025-09-01T16:02:48,2025-09-01T19:32:19,,2025-10-08T19:32:19,Preço acima do orçamento,,usado
da416857-3744-4ad6-8373-1030c4c7ca06,2025-08-30T18:16:10,Bruno Almeida,bruno.almeida95@yahoo.com.br,Marcos Oliveira,Marcos Oliveira,venda,Instagram - Casarão SP,CS-6263,2025-08-30T19:08:09,2025-08-31T00:01:31,,2025-09-15T00:01:31,Negociação travou,,usado
d8174faa-93e9-409a-afd0-eb78c2b07962,2025-08-31T06:23:27,Nelson Xavier,nelson.xavier55@hotmail.com,Fernanda Rodrigues,Ana Paula Ferreira,venda,Instagram - Casarão SP,SL-5964,2025-08-31T12:47:27,2025-08-31T16:33:54,2025-11-03T16:33:54,,,588315.92,usado
617d2894-ce54-4c84-8fae-839e715821e0,2025-08-31T07:39:55,Natalia Rocha,natalia.rocha44@gmail.com,Paulo Henrique Santos,Paulo Henrique Santos,venda,Site Orgânico,CO-4479,2025-09-01T20:48:51,2025-09-02T01:25:36,2025-10-04T01:25:36,,,1048839.53,novo
28f3a36b-cea3-4727-b6cb-fa190b2ca52a,2025-08-31T13:12:29,Rafael Torres,rafael.torres51@outlook.com,Juliana Costa,Juliana Costa,venda,Whatsapp - Indicação Direta,AP-6573,2025-08-31T17:07:16,2025-08-31T21:21:50,,2025-10-05T21:21:50,Imóvel não atendeu expectativa,,usado
11783457-9a00-43a0-97f9-7e4875039eea,2025-08-31T19:14:42,Eduardo Moreira,eduardo.mor95@outlook.com,Juliana Costa,Roberto Mendes,locação,Zap Imóveis,CO-8828,2025-08-31T20:12:24,2025-08-31T23:30:00,,2025-09-09T23:30:00,Comprou com outra imobiliária,,novo
d1929f97-2e2e-4c0b-a5e9-4cd16770a526,2025-08-31T21:58:29,Rafael Torres,rafael.torres60@outlook.com,Roberto Mendes,Roberto Mendes,locação,Indicação - Cliente,CS-2530,2025-09-02T07:59:50,2025-09-02T09:53:46,,,,,usado
77ef013e-9268-4e83-b97d-4295ded86195,2025-09-01T03:21:13,Amanda Castro,amanda.castro64@gmail.com,Juliana Costa,Juliana Costa,venda,Meta - Novos Empreendimentos,CS-7373,2025-09-01T11:56:35,2025-09-01T16:03:06,2025-10-28T16:03:06,,,1482045.05,usado
2cb285d8-0e26-4b5f-946b-ba83a9fc25a0,2025-09-01T08:25:06,Igor Pinto,igor.pinto42@yahoo.com.br,Marcos Oliveira,Marcos Oliveira,venda,Whatsapp - Indicação Direta,CS-5320,2025-09-02T15:09:56,2025-09-02T16:54:58,,,,,novo
cf39b49d-84df-4edb-ac28-6763a8ee5787,2025-09-01T11:34:44,Mariana Gomes,mariana.gomes48@hotmail.com,Carlos Eduardo Silva,Carlos Eduardo Silva,locação,Zap Imóveis,CO-7241,2025-09-02T20:31:11,2025-09-03T00:09:01,2025-09-21T00:09:01,,,1680.38,usado
3c41aa26-f7ac-4e42-b642-02e28f28a192,2025-09-01T12:55:14,Gabriel Souza,gabriel.souza74@yahoo.com.br,Paulo Henrique Santos,Carlos Eduardo Silva,venda,OLX Imóveis,CO-8823,2025-09-03T12:44:04,2025-09-03T15:59:23,,2025-09-12T15:59:23,Desistiu da compra,,novo
6a39c3fe-b2e7-4f4b-a863-f6c5a21814ed,2025-09-01T15:28:20,Camila Teixeira,camila.teix29@yahoo.com.br,Roberto Mendes,Roberto Mendes,locação,Site Orgânico,SL-2619,2025-09-02T16:18:41,2025-09-02T18:31:04,,2025-09-07T18:31:04,Não respondeu,,novo
b30811aa-de77-43c8-9632-4575b51f6755,2025-09-01T20:15:00,Diego Martins,diego.martins45@outlook.com,Camila Alves,Camila Alves,venda,Google Ads - Apartamentos SP,CO-2501,2025-09-02T07:37:11,2025-09-02T11:06:42,,2025-10-03T11:06:42,Desistiu da compra,,novo
5c11dd9e-29f2-487e-8991-2c882f0ec117,2025-09-02T00:26:44,Amanda Castro,amanda.castro32@yahoo.com.br,Roberto Mendes,Roberto Mendes,venda,LinkedIn Ads - Alto Padrão,SL-8975,2025-09-02T22:49:43,2025-09-03T04:10:55,,2025-09-30T04:10:55,Preço acima do orçamento,,novo
87c7f9fd-2c92-450a-a370-d9e7a8266377,2025-09-02T06:32:32,Mariana Gomes,mariana.gomes15@hotmail.com,Carlos Eduardo Silva,Carlos Eduardo Silva,locação,OLX Imóveis,CO-1343,2025-09-03T16:28:14,2025-09-03T17:18:49,,2025-09-16T17:18:49,Comprou com outra imobiliária,,usado
505a0ff6-9788-4c8b-a96e-a50d1e9cbcd7,2025-09-02T11:47:36,Bruno Almeida,bruno.almeida70@hotmail.com,Fernanda Rodrigues,Fernanda Rodrigues,locação,Zap Imóveis,TE-6578,2025-09-03T06:28:29,2025-09-03T07:09:27,,2025-10-05T07:09:27,Preço acima do orçamento,,novo
1250c0a2-2f90-4bf8-a4c3-be15270c871c,2025-09-02T13:30:23,Julia Medeiros,julia.med57@outlook.com,Fernanda Rodrigues,Fernanda Rodrigues,venda,LinkedIn Ads - Alto Padrão,AP-8257,2025-09-02T19:47:31,2025-09-02T23:33:51,2025-10-20T23:33:51,,,1383502.01,usado
10bae75e-5e54-4fdc-950d-704d2ee0e2da,2025-09-02T17:00:50,Beatriz Lima,beatriz.lima21@outlook.com,Paulo Henrique Santos,Paulo Henrique Santos,venda,Google Ads - Apartamentos SP,SL-7382,2025-09-03T15:18:56,2025-09-03T21:07:54,,,,,novo
014883ed-2f7a-4ae5-968d-9d5398df4d99,2025-09-02T19:29:48,Gustavo Nunes,gustavo.nunes82@gmail.com,Marcos Oliveira,Marcos Oliveira,venda,Jetimob - Portal,CS-6326,2025-09-04T17:46:46,2025-09-04T22:37:15,,,,,usado
64b6e4cc-c536-4647-9fc6-266ec50a6136,2025-09-02T19:45:06,Larissa Pereira,larissa.pereira22@hotmail.com,Camila Alves,Camila Alves,venda,Site Orgânico,CS-5825,2025-09-04T16:14:12,2025-09-04T22:07:24,2025-09-26T22:07:24,,,2278451.88,usado
806fd068-75da-4240-89cd-1bd5e6b326d7,2025-09-02T22:39:08,Natalia Rocha,natalia.rocha42@hotmail.com,Fernanda Rodrigues,Fernanda Rodrigues,venda,Zap Imóveis,CO-6692,2025-09-04T13:45:13,2025-09-04T18:23:16,,2025-10-09T18:23:16,Mudou de cidade,,usado
8278026a-b69f-4241-a3e2-ec1a3ef7041f,2025-09-03T01:44:10,Leandro Santana,leandro.sant37@outlook.com,Ana Paula Ferreira,Ana Paula Ferreira,locação,Whatsapp - Indicação Direta,CO-4204,2025-09-04T03:16:49,2025-09-04T06:19:48,2025-12-01T06:19:48,,,3049.37,usado
f428a457-70e5-494e-88fa-77a9dff504fb,2025-09-03T07:03:59,Thiago Carvalho,thiago.carvalho40@outlook.com,Fernanda Rodrigues,Carlos Eduardo Silva,venda,LinkedIn Ads - Alto Padrão,CO-7176,2025-09-03T23:10:24,2025-09-03T23:43:03,2025-10-20T23:43:03,,,610957.43,usado
5215891f-519a-4ccb-a449-ba049bbdd16b,2025-09-03T12:34:56,Monica Correia,monica.corr28@gmail.com,Ana Paula Ferreira,Ana Paula Ferreira,venda,Jetimob - Portal,TE-1261,2025-09-04T02:53:05,2025-09-04T03:47:08,,2025-10-29T03:47:08,Imóvel não atendeu expectativa,,usado
5e0e57e0-b0bd-4d0c-92d9-3db3dcc2db09,2025-09-03T12:35:29,Igor Pinto,igor.pinto35@gmail.com,Carlos Eduardo Silva,Carlos Eduardo Silva,venda,Meta - Novos Empreendimentos,SL-2448,2025-09-03T18:04:47,2025-09-03T20:55:44,,2025-10-09T20:55:44,Desistiu da compra,,usado
7a679ce0-bc02-493e-a978-696ab59bf884,2025-09-03T16:01:41,Gustavo Nunes,gustavo.nunes6@gmail.com,Roberto Mendes,Fernanda Rodrigues,venda,Whatsapp - Indicação Direta,AP-1647,2025-09-05T12:19:05,2025-09-05T17:09:38,,,,,usado
abe69bb7-7ddf-4709-9852-d18b80d3a682,2025-09-03T17:26:19,Gabriel Souza,gabriel.souza80@gmail.com,Camila Alves,Camila Alves,locação,Meta - Novos Empreendimentos,CS-6037,2025-09-04T20:55:01,2025-09-05T01:33:08,,2025-10-15T01:33:08,Mudou de cidade,,novo
d5fe69d9-2173-4556-948c-d427bf0f9ce1,2025-09-03T20:58:07,Mariana Gomes,mariana.gomes58@yahoo.com.br,Carlos Eduardo Silva,Carlos Eduardo Silva,locação,OLX Imóveis,SL-7556,2025-09-04T03:17:47,2025-09-04T09:12:22,,,,,usado
29eec36e-59c5-438e-b7ef-7a351db80b7a,2025-09-04T21:35:43,Julia Medeiros,julia.med2@outlook.com,Fernanda Rodrigues,Fernanda Rodrigues,venda,Meta - Novos Empreendimentos,SL-7634,2025-09-05T01:11:07,2025-09-05T05:16:03,,,,,usado
96daac88-f66b-4baf-90ba-2fd276f3b6b9,2025-09-05T05:44:06,Julia Medeiros,julia.med9@outlook.com,Paulo Henrique Santos,Paulo Henrique Santos,venda,Whatsapp - Indicação Direta,SL-3327,2025-09-06T17:04:47,2025-09-06T22:11:34,,,,,novo
baf03b4c-4678-46d1-be68-39243c17cfcc,2025-09-05T07:24:24,Patricia Dias,patricia.dias5@gmail.com,Ana Paula Ferreira,Ana Paula Ferreira,locação,Zap Imóveis,CS-6484,2025-09-07T03:31:44,2025-09-07T06:16:54,,2025-10-01T06:16:54,Não respondeu,,usado
93b0171b-fe7e-4d44-8105-da753149b049,2025-09-05T09:04:34,Camila Teixeira,camila.teix14@outlook.com,Juliana Costa,Juliana Costa,locação,Jetimob - Portal,TE-5995,2025-09-06T12:04:50,2025-09-06T13:23:51,,,,,usado
76f57e03-e2ed-4059-9023-b7399a41c139,2025-09-06T01:12:51,Helena Freitas,helena.freitas40@gmail.com,Fernanda Rodrigues,Fernanda Rodrigues,locação,LinkedIn Ads - Alto Padrão,AP-5493,2025-09-06T07:54:06,2025-09-06T10:28:28,2025-09-20T10:28:28,,,4621.53,usado
94bfb15a-2418-4782-9c6b-1c76904a32ec,2025-09-06T02:20:26,Isabela Nascimento,isabela.nasc46@outlook.com,Carlos Eduardo Silva,Carlos Eduardo Silva,venda,Indicação - Cliente,AP-2721,2025-09-07T18:44:22,2025-09-07T22:05:07,,2025-11-05T22:05:07,Negociação travou,,novo
bb5cab0e-e327-4519-8b39-17ca3bee8ba7,2025-09-06T09:50:34,Felipe Ribeiro,felipe.ribeiro65@outlook.com,Roberto Mendes,Marcos Oliveira,venda,Google Ads - Apartamentos SP,CS-5256,2025-09-06T10:31:09,2025-09-06T13:00:57,,2025-09-22T13:00:57,Sem perfil para financiamento,,usado
b8e123ae-5275-46e2-8b50-94aae90a709c,2025-09-06T11:16:39,Fernanda Lopes,fernanda.lop35@outlook.com,Carlos Eduardo Silva,Camila Alves,venda,Indicação - Cliente,CS-2067,2025-09-06T12:48:34,2025-09-06T16:02:43,,,,,novo
a5af1434-7210-48a5-a2cf-b31da080434c,2025-09-06T12:31:19,Larissa Pereira,larissa.pereira48@hotmail.com,Juliana Costa,Juliana Costa,locação,Indicação - Cliente,TE-2532,2025-09-07T08:07:29,2025-09-07T10:48:07,2025-09-17T10:48:07,,,2605.82,usado
dfac0a6d-ee42-468f-8bea-23b964fdfb5f,2025-09-06T19:07:26,Amanda Castro,amanda.castro92@yahoo.com.br,Juliana Costa,Juliana Costa,locação,Whatsapp - Indicação Direta,SL-4812,2025-09-06T23:42:04,2025-09-07T01:59:36,,,,,novo
28b92cdb-4b2c-4c1f-8e52-ba0b9c6e96b0,2025-09-06T23:34:18,Felipe Ribeiro,felipe.ribeiro70@gmail.com,Carlos Eduardo Silva,Camila Alves,locação,Indicação - Cliente,AP-5448,2025-09-07T19:29:16,2025-09-08T00:39:02,2025-10-09T00:39:02,,,2511.52,novo
2d00443e-790d-429c-9d29-4d81225399d4,2025-09-07T01:40:59,Gabriel Souza,gabriel.souza95@hotmail.com,Carlos Eduardo Silva,Carlos Eduardo Silva,venda,Google Ads - Apartamentos SP,SL-3445,2025-09-07T08:02:16,2025-09-07T10:57:07,,2025-11-06T10:57:07,Comprou com outra imobiliária,,novo
0919384e-a118-4495-92b1-03dfb318c2e2,2025-09-07T12:20:54,Rodrigo Cunha,rodrigo.cunha50@hotmail.com,Carlos Eduardo Silva,Carlos Eduardo Silva,venda,Instagram - Casarão SP,CO-9652,2025-09-09T07:14:49,2025-09-09T08:46:11,,2025-09-29T08:46:11,Preço acima do orçamento,,usado
59fcef8a-de89-45ab-ab28-eb39eed8e240,2025-09-07T18:27:05,Monica Correia,monica.corr83@outlook.com,Carlos Eduardo Silva,Ana Paula Ferreira,venda,OLX Imóveis,SL-4542,2025-09-09T05:06:17,2025-09-09T06:43:22,,,,,usado
aea3b10a-135a-47d7-9bed-08d739a5dd17,2025-09-08T05:56:31,Natalia Rocha,natalia.rocha2@gmail.com,Fernanda Rodrigues,Fernanda Rodrigues,venda,Instagram - Casarão SP,CO-2476,2025-09-09T13:36:34,2025-09-09T18:49:31,,2025-09-23T18:49:31,Desistiu da compra,,usado
9b09d233-1377-47af-97a5-fa76a9b9b01b,2025-09-08T10:38:49,Helena Freitas,helena.freitas57@hotmail.com,Camila Alves,Camila Alves,venda,Whatsapp - Indicação Direta,AP-9802,2025-09-08T14:08:58,2025-09-08T14:46:32,2025-11-26T14:46:32,,,1280664.83,novo
76353fef-3404-4ba5-9c32-7a7e7af74ded,2025-09-08T20:13:55,Amanda Castro,amanda.castro20@yahoo.com.br,Carlos Eduardo Silva,Carlos Eduardo Silva,locação,Indicação - Cliente,SL-5717,2025-09-09T21:31:08,2025-09-10T02:26:55,2025-11-21T02:26:55,,,1355.01,novo
83abfbd8-9058-41b5-9c14-6c791ad7cafc,2025-09-09T03:21:45,Camila Teixeira,camila.teix44@hotmail.com,Paulo Henrique Santos,Paulo Henrique Santos,venda,OLX Imóveis,TE-4631,2025-09-09T19:54:27,2025-09-09T23:45:05,,2025-09-16T23:45:05,Desistiu da compra,,usado
c146e004-fcf4-4237-a1f7-0fee3137631e,2025-09-09T07:33:21,Rafael Torres,rafael.torres38@hotmail.com,Roberto Mendes,Roberto Mendes,venda,OLX Imóveis,CS-3933,2025-09-09T08:28:31,2025-09-09T12:46:16,2025-10-02T12:46:16,,,1091295.23,novo
22d595f3-dd72-4483-a95a-6e227b9c1d03,2025-09-09T07:58:38,Isabela Nascimento,isabela.nasc42@hotmail.com,Fernanda Rodrigues,Fernanda Rodrigues,locação,Site Orgânico,CS-1286,2025-09-10T23:44:20,2025-09-11T05:10:26,,,,,usado
20a5fa63-f86a-4bc3-8ca9-e950bebe1d01,2025-09-09T17:54:40,Monica Correia,monica.corr20@gmail.com,Paulo Henrique Santos,Paulo Henrique Santos,locação,Instagram - Casarão SP,CS-3329,2025-09-09T22:28:29,2025-09-10T01:05:10,,2025-09-13T01:05:10,Preço acima do orçamento,,usado
f769b4da-a336-4dd4-8485-91f2e8b3f521,2025-09-10T05:58:06,Rodrigo Cunha,rodrigo.cunha51@outlook.com,Fernanda Rodrigues,Fernanda Rodrigues,venda,Jetimob - Portal,SL-6527,2025-09-11T04:38:46,2025-09-11T05:09:32,,,,,usado
baecb1fb-2603-4812-8c27-da9a08016156,2025-09-10T07:37:14,Camila Teixeira,camila.teix30@yahoo.com.br,Paulo Henrique Santos,Juliana Costa,locação,Site Orgânico,CS-2883,2025-09-11T09:45:17,2025-09-11T15:43:56,,2025-10-03T15:43:56,Desistiu da compra,,usado
fd6093e5-1295-4ad4-99b0-47ec9a106cc6,2025-09-10T12:44:28,Camila Teixeira,camila.teix64@yahoo.com.br,Fernanda Rodrigues,Fernanda Rodrigues,venda,Meta - Novos Empreendimentos,TE-1452,2025-09-11T14:04:58,2025-09-11T15:23:32,2025-10-10T15:23:32,,,2897168.95,novo
0066364f-2899-42b6-8c1c-9a4ce29b97d5,2025-09-10T13:26:31,Rafael Torres,rafael.torres9@hotmail.com,Roberto Mendes,Roberto Mendes,venda,Google Ads - Apartamentos SP,SL-2517,2025-09-10T13:55:50,2025-09-10T14:55:29,2025-10-16T14:55:29,,,1240924.72,novo
1f09bbd5-0e22-4d63-8001-b30132ce48ba,2025-09-10T16:04:13,Amanda Castro,amanda.castro75@hotmail.com,Carlos Eduardo Silva,Carlos Eduardo Silva,venda,Indicação - Cliente,TE-7750,2025-09-10T19:11:04,2025-09-10T22:05:34,,2025-10-12T22:05:34,Preço acima do orçamento,,usado
7aecd720-6fc1-4a01-b8b9-04fe90f624e4,2025-09-11T00:44:45,Larissa Pereira,larissa.pereira23@gmail.com,Roberto Mendes,Roberto Mendes,locação,LinkedIn Ads - Alto Padrão,TE-2212,2025-09-12T02:10:34,2025-09-12T03:42:27,,2025-11-07T03:42:27,Negociação travou,,usado
d44e84ca-598b-435c-a47e-16ae683d9d29,2025-09-11T01:26:18,Gustavo Nunes,gustavo.nunes57@yahoo.com.br,Ana Paula Ferreira,Ana Paula Ferreira,locação,Google Ads - Apartamentos SP,CO-8091,2025-09-11T21:45:21,2025-09-11T22:45:43,2025-12-05T22:45:43,,,2860.38,usado
454445bf-d986-4319-a88d-bab6387d849d,2025-09-11T09:59:12,Camila Teixeira,camila.teix50@yahoo.com.br,Carlos Eduardo Silva,Ana Paula Ferreira,locação,Instagram - Casarão SP,AP-7509,2025-09-12T11:38:34,2025-09-12T12:30:44,2025-10-10T12:30:44,,,3179.56,usado
b7125e62-f7b9-4a4e-8174-1a596cd3875a,2025-09-11T13:52:28,Beatriz Lima,beatriz.lima30@outlook.com,Camila Alves,Camila Alves,venda,Jetimob - Portal,AP-1537,2025-09-12T10:34:49,2025-09-12T12:48:25,2025-11-15T12:48:25,,,1336709.92,usado
2a717aa2-29a0-4996-81f2-bf15bc076f7f,2025-09-11T15:23:39,Camila Teixeira,camila.teix97@outlook.com,Paulo Henrique Santos,Carlos Eduardo Silva,venda,Site Orgânico,AP-2692,2025-09-13T07:56:34,2025-09-13T11:42:56,2025-09-25T11:42:56,,,1380656.39,usado
fa44ed60-79dc-4392-a50b-352568c178b0,2025-09-11T15:43:19,Rodrigo Cunha,rodrigo.cunha27@outlook.com,Paulo Henrique Santos,Paulo Henrique Santos,venda,Instagram - Casarão SP,SL-3900,2025-09-12T14:29:23,2025-09-12T19:11:03,2025-11-12T19:11:03,,,268478.58,usado
0e6187e6-a554-493b-9920-7e4ffb2bf622,2025-09-12T08:02:37,Diego Martins,diego.martins94@hotmail.com,Carlos Eduardo Silva,Carlos Eduardo Silva,venda,LinkedIn Ads - Alto Padrão,CO-3953,2025-09-12T18:07:06,2025-09-12T19:37:22,,2025-10-05T19:37:22,Imóvel não atendeu expectativa,,novo
75f27bec-9869-430e-9ce3-e87b2780a3c4,2025-09-12T10:08:54,Bruno Almeida,bruno.almeida8@outlook.com,Roberto Mendes,Fernanda Rodrigues,venda,Whatsapp - Indicação Direta,CS-4684,2025-09-12T17:49:00,2025-09-12T22:29:10,2025-09-26T22:29:10,,,2480965.72,novo
ed19a649-9be8-4b10-991d-9f6cd8ba23ff,2025-09-12T13:43:11,Camila Teixeira,camila.teix35@gmail.com,Fernanda Rodrigues,Fernanda Rodrigues,locação,Site Orgânico,TE-6706,2025-09-14T10:36:52,2025-09-14T14:10:49,,,,,usado
84e6cb9e-2ae9-4369-9154-5a83be9aa498,2025-09-12T14:50:57,Fernanda Lopes,fernanda.lop92@outlook.com,Marcos Oliveira,Roberto Mendes,locação,LinkedIn Ads - Alto Padrão,CS-4074,2025-09-14T05:00:08,2025-09-14T06:03:03,2025-09-23T06:03:03,,,1425.08,usado
49fee9a4-f7ea-43ae-bc17-806edf40d06f,2025-09-12T15:20:36,Bruno Almeida,bruno.almeida36@gmail.com,Camila Alves,Camila Alves,locação,LinkedIn Ads - Alto Padrão,SL-3668,2025-09-14T13:14:26,2025-09-14T14:25:20,,,,,usado
0b19241f-3a7c-4740-9e9c-7276ffb63a0b,2025-09-12T18:20:08,Eduardo Moreira,eduardo.mor93@yahoo.com.br,Ana Paula Ferreira,Ana Paula Ferreira,locação,Zap Imóveis,CS-9502,2025-09-12T19:46:49,2025-09-12T23:59:39,,,,,novo
a2a7603d-d463-4ea7-876b-8afc28b30740,2025-09-13T00:35:03,Julia Medeiros,julia.med21@yahoo.com.br,Juliana Costa,Carlos Eduardo Silva,venda,Instagram - Casarão SP,CO-7058,2025-09-14T13:43:07,2025-09-14T16:47:44,2025-09-25T16:47:44,,,967541.67,usado
a273a1b6-f328-41a1-aefe-7ccdd9a8ff6b,2025-09-13T02:30:38,Lucas Barbosa,lucas.barbosa10@hotmail.com,Ana Paula Ferreira,Ana Paula Ferreira,locação,Zap Imóveis,AP-1785,2025-09-14T03:53:33,2025-09-14T07:45:32,,2025-10-03T07:45:32,Não respondeu,,usado
df02ddc8-945d-4478-bbf3-85450051297d,2025-09-13T06:47:42,Amanda Castro,amanda.castro70@outlook.com,Ana Paula Ferreira,Ana Paula Ferreira,venda,Meta - Novos Empreendimentos,AP-4924,2025-09-14T20:56:52,2025-09-15T02:38:31,,,,,novo
882e6c50-623a-4c86-8f7c-5e022a034934,2025-09-13T14:53:41,Beatriz Lima,beatriz.lima3@hotmail.com,Marcos Oliveira,Juliana Costa,locação,Meta - Novos Empreendimentos,TE-6254,2025-09-14T07:36:38,2025-09-14T12:54:20,,,,,novo
4bfbd031-268c-481b-a59b-bc53732ffb45,2025-09-13T17:15:25,Felipe Ribeiro,felipe.ribeiro22@yahoo.com.br,Juliana Costa,Juliana Costa,venda,Indicação - Cliente,AP-3081,2025-09-13T20:37:08,2025-09-14T02:27:58,,2025-11-01T02:27:58,Preço acima do orçamento,,usado
f8a926fa-5f41-420a-b7c0-806e5a090b13,2025-09-13T17:44:04,Larissa Pereira,larissa.pereira89@yahoo.com.br,Fernanda Rodrigues,Camila Alves,locação,OLX Imóveis,AP-8986,2025-09-14T16:34:50,2025-09-14T20:04:16,2025-12-06T20:04:16,,,1292.86,usado
fe1db49f-3c15-4b1f-9471-00e2f1c43cc8,2025-09-13T21:53:01,Eduardo Moreira,eduardo.mor28@hotmail.com,Roberto Mendes,Roberto Mendes,locação,Site Orgânico,SL-9697,2025-09-15T21:34:42,2025-09-16T01:26:49,,2025-10-14T01:26:49,Preço acima do orçamento,,novo
352b9d1b-05c0-4a2d-9c8c-a0c82ab97752,2025-09-13T22:58:34,Isabela Nascimento,isabela.nasc48@gmail.com,Juliana Costa,Juliana Costa,venda,Indicação - Cliente,SL-6432,2025-09-14T21:22:56,2025-09-15T02:27:25,2025-10-31T02:27:25,,,430192.46,usado
cc9e5246-7bc5-401f-8a2e-37605dded448,2025-09-13T23:44:39,Helena Freitas,helena.freitas17@hotmail.com,Ana Paula Ferreira,Ana Paula Ferreira,locação,Meta - Novos Empreendimentos,CO-5142,2025-09-15T18:29:05,2025-09-16T00:01:07,,2025-10-03T00:01:07,Sem perfil para financiamento,,usado
d656fc20-a828-4fad-bc28-81eaf2b0d893,2025-09-14T01:13:41,Julia Medeiros,julia.med34@outlook.com,Juliana Costa,Juliana Costa,venda,Whatsapp - Indicação Direta,AP-9393,2025-09-15T21:41:55,2025-09-15T22:49:16,,2025-10-16T22:49:16,Comprou com outra imobiliária,,usado
21c0b47d-16ed-4165-b571-627074449fdf,2025-09-14T07:52:58,Patricia Dias,patricia.dias8@yahoo.com.br,Fernanda Rodrigues,Paulo Henrique Santos,locação,LinkedIn Ads - Alto Padrão,TE-8245,2025-09-14T14:36:12,2025-09-14T18:59:13,,2025-11-01T18:59:13,Sem perfil para financiamento,,novo
6d63c63b-a164-4067-90a3-5b9a8a2d42c3,2025-09-14T19:58:08,Camila Teixeira,camila.teix32@outlook.com,Paulo Henrique Santos,Carlos Eduardo Silva,venda,Meta - Novos Empreendimentos,CO-2287,2025-09-15T06:56:43,2025-09-15T10:43:24,,,,,usado
e0b595d9-b0f8-46c9-a574-6ac69e4c4405,2025-09-15T02:05:13,Monica Correia,monica.corr57@outlook.com,Marcos Oliveira,Marcos Oliveira,locação,Jetimob - Portal,SL-3480,2025-09-15T21:37:00,2025-09-15T23:37:05,,2025-09-18T23:37:05,Mudou de cidade,,usado
ff7d8ae9-dcfc-476e-a07d-7d9b196267aa,2025-09-15T03:04:09,Isabela Nascimento,isabela.nasc17@outlook.com,Fernanda Rodrigues,Fernanda Rodrigues,locação,Jetimob - Portal,CS-3430,2025-09-16T12:22:28,2025-09-16T17:21:19,2025-12-06T17:21:19,,,1796.69,novo
ddde8dc1-8eb0-435a-b538-45e01f2e3436,2025-09-15T08:24:33,Helena Freitas,helena.freitas97@yahoo.com.br,Marcos Oliveira,Marcos Oliveira,venda,Site Orgânico,CO-3068,2025-09-15T12:01:33,2025-09-15T17:59:48,,,,,usado
1cf75ec4-d9ca-42ae-98fe-644ee5c23884,2025-09-15T08:40:46,Patricia Dias,patricia.dias2@gmail.com,Marcos Oliveira,Marcos Oliveira,venda,OLX Imóveis,SL-3248,2025-09-15T13:31:42,2025-09-15T15:56:51,,,,,usado
efe5822a-6be9-47c7-a77a-2695b49dc21f,2025-09-15T09:23:28,Felipe Ribeiro,felipe.ribeiro74@outlook.com,Fernanda Rodrigues,Fernanda Rodrigues,locação,Zap Imóveis,TE-4750,2025-09-15T20:50:39,2025-09-16T01:51:08,,2025-10-17T01:51:08,Preço acima do orçamento,,usado
7adbb781-64ca-448e-a746-0e02d96460a8,2025-09-15T16:42:19,Igor Pinto,igor.pinto24@outlook.com,Camila Alves,Camila Alves,venda,Instagram - Casarão SP,TE-8521,2025-09-16T05:00:23,2025-09-16T05:54:10,2025-11-06T05:54:10,,,1192828.22,usado
87dddc15-1e44-4cdb-b5e9-ad760306d983,2025-09-15T16:55:28,Felipe Ribeiro,felipe.ribeiro24@outlook.com,Carlos Eduardo Silva,Paulo Henrique Santos,locação,LinkedIn Ads - Alto Padrão,SL-6573,2025-09-16T14:09:59,2025-09-16T20:09:20,,,,,novo
14a6a5e5-6771-4ef1-a022-bc5010f1797a,2025-09-16T09:54:58,Felipe Ribeiro,felipe.ribeiro76@yahoo.com.br,Juliana Costa,Juliana Costa,locação,Zap Imóveis,CS-5255,2025-09-17T18:56:16,2025-09-18T00:37:39,,2025-09-28T00:37:39,Negociação travou,,novo
aa1e0119-f60a-4c42-bb83-674a17d41ca3,2025-09-16T13:38:30,Lucas Barbosa,lucas.barbosa17@yahoo.com.br,Roberto Mendes,Fernanda Rodrigues,locação,Google Ads - Apartamentos SP,AP-7496,2025-09-17T18:52:34,2025-09-17T20:38:07,2025-12-15T20:38:07,,,3030.82,usado
a518f81e-87d6-453d-a320-8fdc7613bbd8,2025-09-16T15:59:02,Larissa Pereira,larissa.pereira19@yahoo.com.br,Ana Paula Ferreira,Ana Paula Ferreira,venda,OLX Imóveis,SL-4428,2025-09-18T13:39:47,2025-09-18T15:12:49,2025-10-28T15:12:49,,,379637.17,usado
02fb60e8-fbea-4365-9038-b1159e29c525,2025-09-16T21:21:53,Nelson Xavier,nelson.xavier25@outlook.com,Fernanda Rodrigues,Fernanda Rodrigues,venda,LinkedIn Ads - Alto Padrão,TE-9521,2025-09-18T08:05:02,2025-09-18T10:11:13,2025-12-06T10:11:13,,,2745063.71,novo
9e1a7635-0707-4042-aaa2-a0e7a8363133,2025-09-17T05:59:41,Larissa Pereira,larissa.pereira13@gmail.com,Camila Alves,Camila Alves,locação,Meta - Novos Empreendimentos,TE-1791,2025-09-17T17:38:35,2025-09-17T18:38:45,,2025-10-19T18:38:45,Desistiu da compra,,usado
345091d1-ea58-4274-bd05-2161e39ab842,2025-09-17T06:29:57,Diego Martins,diego.martins9@hotmail.com,Marcos Oliveira,Marcos Oliveira,venda,Zap Imóveis,CO-7355,2025-09-17T17:16:20,2025-09-17T20:45:12,,2025-11-13T20:45:12,Desistiu da compra,,novo
cb966846-4538-4b5a-8580-f0358f9995fd,2025-09-17T07:31:07,Thiago Carvalho,thiago.carvalho93@outlook.com,Carlos Eduardo Silva,Ana Paula Ferreira,locação,Indicação - Cliente,CS-6604,2025-09-18T09:14:09,2025-09-18T12:22:07,,,,,novo
1b11010c-e83a-464a-a760-a3d1a45d847b,2025-09-17T14:23:20,Camila Teixeira,camila.teix13@gmail.com,Juliana Costa,Juliana Costa,venda,Whatsapp - Indicação Direta,CS-3843,2025-09-17T19:37:57,2025-09-17T21:26:45,,2025-10-25T21:26:45,Mudou de cidade,,usado
629ea1fc-2814-43cc-ae4f-d5fc350fcbaa,2025-09-17T16:31:09,Monica Correia,monica.corr28@gmail.com,Fernanda Rodrigues,Fernanda Rodrigues,locação,LinkedIn Ads - Alto Padrão,AP-2592,2025-09-17T22:18:09,2025-09-18T00:19:03,,2025-10-11T00:19:03,Imóvel não atendeu expectativa,,novo
789a0fd8-6ae7-423e-a9ca-a2e641a364ad,2025-09-17T20:17:43,Fernanda Lopes,fernanda.lop46@gmail.com,Roberto Mendes,Roberto Mendes,venda,Google Ads - Apartamentos SP,SL-8123,2025-09-17T23:23:36,2025-09-18T00:53:31,,2025-10-08T00:53:31,Mudou de cidade,,novo
a88b1f0c-ecd8-4bc9-90dc-3a8853d7b5a5,2025-09-17T21:04:15,Leandro Santana,leandro.sant43@yahoo.com.br,Carlos Eduardo Silva,Carlos Eduardo Silva,locação,Google Ads - Apartamentos SP,AP-3554,2025-09-19T03:47:12,2025-09-19T07:30:41,,,,,usado
6f4d6ce7-e2a6-4819-bcce-f04534acc886,2025-09-17T22:25:14,Amanda Castro,amanda.castro68@outlook.com,Marcos Oliveira,Marcos Oliveira,venda,OLX Imóveis,CS-2871,2025-09-17T23:21:19,2025-09-18T02:14:54,,2025-11-13T02:14:54,Imóvel não atendeu expectativa,,usado
befb8766-49cf-4a27-84a4-c771d3c455ba,2025-09-17T22:41:39,Fernanda Lopes,fernanda.lop1@yahoo.com.br,Ana Paula Ferreira,Ana Paula Ferreira,locação,LinkedIn Ads - Alto Padrão,CO-5539,2025-09-18T08:20:07,2025-09-18T09:06:56,,2025-10-20T09:06:56,Não respondeu,,usado
64f56798-5cd6-4871-827e-ba15cf170da9,2025-09-17T23:06:22,Larissa Pereira,larissa.pereira14@hotmail.com,Camila Alves,Camila Alves,locação,Site Orgânico,CO-1746,2025-09-19T17:34:46,2025-09-19T22:14:48,,,,,usado
d329dd94-3e16-4d02-a54a-8b03f3ef4c73,2025-09-17T23:59:30,Rodrigo Cunha,rodrigo.cunha4@gmail.com,Fernanda Rodrigues,Fernanda Rodrigues,venda,Google Ads - Apartamentos SP,AP-1414,2025-09-19T17:06:36,2025-09-19T18:35:24,2025-10-31T18:35:24,,,899405.67,usado
2f8ba585-8186-4890-89c0-310664c19364,2025-09-18T06:45:52,Larissa Pereira,larissa.pereira41@outlook.com,Marcos Oliveira,Marcos Oliveira,locação,LinkedIn Ads - Alto Padrão,TE-7760,2025-09-19T04:47:51,2025-09-19T05:52:16,,,,,novo
edb68fc1-d68a-43c3-a617-d43caf7766da,2025-09-18T18:24:57,Mariana Gomes,mariana.gomes94@yahoo.com.br,Carlos Eduardo Silva,Carlos Eduardo Silva,venda,LinkedIn Ads - Alto Padrão,AP-7663,2025-09-19T23:21:23,2025-09-20T03:14:04,,2025-10-13T03:14:04,Preço acima do orçamento,,novo
0007b0ba-f980-4c4e-8a3a-e6fddf746334,2025-09-18T22:46:51,Rafael Torres,rafael.torres10@yahoo.com.br,Carlos Eduardo Silva,Carlos Eduardo Silva,venda,Jetimob - Portal,SL-1760,2025-09-20T05:57:26,2025-09-20T10:40:29,,,,,usado
47cdace2-c4f3-419b-9cbb-65c787fa251d,2025-09-19T00:30:14,Camila Teixeira,camila.teix35@gmail.com,Marcos Oliveira,Marcos Oliveira,venda,Whatsapp - Indicação Direta,SL-3271,2025-09-20T17:26:01,2025-09-20T18:47:57,,,,,novo
931efffc-3da8-4020-9944-f5234cd98176,2025-09-19T03:28:47,Rodrigo Cunha,rodrigo.cunha56@outlook.com,Camila Alves,Camila Alves,venda,LinkedIn Ads - Alto Padrão,AP-2938,2025-09-19T23:25:53,2025-09-20T03:28:00,2025-10-07T03:28:00,,,467426.65,usado
47fd4714-138e-47e8-925b-7b31383b7c8f,2025-09-19T09:19:23,Felipe Ribeiro,felipe.ribeiro8@yahoo.com.br,Paulo Henrique Santos,Paulo Henrique Santos,venda,OLX Imóveis,AP-4155,2025-09-20T03:19:20,2025-09-20T06:17:47,,,,,usado
d752f5b0-596f-4032-8b26-f3ac833e82ac,2025-09-19T10:24:37,Gabriel Souza,gabriel.souza64@gmail.com,Juliana Costa,Fernanda Rodrigues,venda,OLX Imóveis,CS-5683,2025-09-19T22:42:49,2025-09-20T02:24:55,,2025-11-02T02:24:55,Comprou com outra imobiliária,,novo
f5edb0e7-d43e-4e1f-a29a-8daf7dabe13f,2025-09-20T00:33:07,Julia Medeiros,julia.med72@yahoo.com.br,Camila Alves,Camila Alves,venda,Jetimob - Portal,AP-1596,2025-09-21T03:59:59,2025-09-21T04:35:38,,2025-10-15T04:35:38,Imóvel não atendeu expectativa,,usado
f065c8d1-f250-4aaa-ac51-48976949a13f,2025-09-20T01:13:48,Gustavo Nunes,gustavo.nunes58@hotmail.com,Marcos Oliveira,Marcos Oliveira,locação,Google Ads - Apartamentos SP,CS-5163,2025-09-21T02:45:09,2025-09-21T03:28:32,,,,,novo
c4fd7750-55da-4bff-94f6-137fea2ba843,2025-09-20T16:41:05,Lucas Barbosa,lucas.barbosa97@yahoo.com.br,Carlos Eduardo Silva,Carlos Eduardo Silva,locação,Indicação - Cliente,AP-9390,2025-09-21T10:06:31,2025-09-21T12:16:34,,2025-11-09T12:16:34,Sem perfil para financiamento,,usado
707d5466-e4f4-4d3c-83f7-b7600c16fd3b,2025-09-20T16:45:38,Nelson Xavier,nelson.xavier92@gmail.com,Marcos Oliveira,Marcos Oliveira,venda,OLX Imóveis,AP-6110,2025-09-20T21:18:49,2025-09-20T23:38:47,,2025-09-29T23:38:47,Não respondeu,,usado
5095263d-585b-43a0-a0f4-30762dbde0de,2025-09-20T23:14:49,Mariana Gomes,mariana.gomes12@gmail.com,Paulo Henrique Santos,Paulo Henrique Santos,venda,Google Ads - Apartamentos SP,SL-2557,2025-09-22T20:12:21,2025-09-23T01:53:46,,,,,usado
7dd854f2-df6e-4ea9-b91e-b73f95959eaf,2025-09-21T03:05:44,Beatriz Lima,beatriz.lima47@yahoo.com.br,Carlos Eduardo Silva,Ana Paula Ferreira,locação,Indicação - Cliente,AP-1820,2025-09-22T23:50:19,2025-09-23T02:49:51,,2025-11-17T02:49:51,Mudou de cidade,,novo
2e14e525-5e71-4290-b603-296e446c2555,2025-09-21T04:43:58,Rafael Torres,rafael.torres37@gmail.com,Ana Paula Ferreira,Ana Paula Ferreira,venda,LinkedIn Ads - Alto Padrão,CO-9670,2025-09-22T14:10:29,2025-09-22T17:33:19,,2025-10-31T17:33:19,Comprou com outra imobiliária,,usado
f6eee370-7c78-4c6a-9eff-10aaaa0c6158,2025-09-21T07:27:13,Nelson Xavier,nelson.xavier61@gmail.com,Juliana Costa,Juliana Costa,venda,Zap Imóveis,TE-8906,2025-09-21T20:37:07,2025-09-21T22:52:44,,,,,usado
008e2de4-8222-41a6-9548-e75d478f9c63,2025-09-21T12:38:14,Thiago Carvalho,thiago.carvalho95@hotmail.com,Carlos Eduardo Silva,Carlos Eduardo Silva,locação,Jetimob - Portal,SL-5823,2025-09-23T08:04:45,2025-09-23T08:40:51,,2025-10-27T08:40:51,Negociação travou,,novo
37a28560-a73c-4d7c-a055-e13a64755ac3,2025-09-21T13:33:48,Diego Martins,diego.martins73@yahoo.com.br,Roberto Mendes,Roberto Mendes,locação,Jetimob - Portal,CO-9715,2025-09-23T00:28:29,2025-09-23T05:02:42,,2025-10-18T05:02:42,Preço acima do orçamento,,usado
7d831530-6f9f-4629-a141-e74891f050bd,2025-09-21T14:01:38,Camila Teixeira,camila.teix74@outlook.com,Fernanda Rodrigues,Fernanda Rodrigues,venda,Indicação - Cliente,TE-9520,2025-09-22T18:34:21,2025-09-23T00:00:14,2025-09-28T00:00:14,,,2964097.01,usado
03d05117-f14d-4069-9809-3c7ed2b45291,2025-09-21T15:54:25,Diego Martins,diego.martins34@yahoo.com.br,Marcos Oliveira,Marcos Oliveira,venda,Meta - Novos Empreendimentos,CO-6833,2025-09-22T19:21:43,2025-09-22T22:17:02,,2025-10-21T22:17:02,Preço acima do orçamento,,usado
9423f4a0-cd3d-4de8-8efa-fe7b64d5488d,2025-09-21T20:23:32,Bruno Almeida,bruno.almeida68@outlook.com,Fernanda Rodrigues,Fernanda Rodrigues,venda,Instagram - Casarão SP,CO-8120,2025-09-23T08:35:43,2025-09-23T13:54:21,,,,,novo
6bf6142f-7fc3-4d5d-b5c1-6a949dde9f3c,2025-09-21T23:26:54,Gabriel Souza,gabriel.souza62@hotmail.com,Juliana Costa,Juliana Costa,locação,Site Orgânico,CO-7400,2025-09-22T02:32:49,2025-09-22T03:21:01,,,,,usado
58589555-c355-4d3d-b495-f830df987dd8,2025-09-22T04:49:42,Igor Pinto,igor.pinto71@hotmail.com,Camila Alves,Camila Alves,locação,Site Orgânico,CS-7194,2025-09-23T06:14:05,2025-09-23T07:05:16,,2025-10-03T07:05:16,Não respondeu,,usado
50d8439d-cf7e-47de-b4a9-7c904db0875f,2025-09-22T06:48:22,Isabela Nascimento,isabela.nasc72@hotmail.com,Juliana Costa,Paulo Henrique Santos,locação,Jetimob - Portal,CS-8924,2025-09-23T07:07:37,2025-09-23T11:07:10,,,,,usado
1f905420-3a98-4a25-a8ec-24bc5b78188a,2025-09-22T06:54:16,Monica Correia,monica.corr7@outlook.com,Camila Alves,Camila Alves,venda,Site Orgânico,CS-8263,2025-09-22T13:53:06,2025-09-22T18:24:00,2025-10-30T18:24:00,,,2283030.39,usado
d60162cd-5ca8-4890-8a71-a45f018ffc92,2025-09-22T08:10:00,Patricia Dias,patricia.dias2@gmail.com,Roberto Mendes,Roberto Mendes,venda,Google Ads - Apartamentos SP,TE-2748,2025-09-22T13:37:55,2025-09-22T14:50:08,,2025-11-21T14:50:08,Preço acima do orçamento,,novo
44b34c34-6176-4baf-9dfb-ce7c59a80619,2025-09-22T11:34:52,Gabriel Souza,gabriel.souza18@outlook.com,Roberto Mendes,Roberto Mendes,venda,Google Ads - Apartamentos SP,TE-4172,2025-09-24T11:19:15,2025-09-24T13:44:44,,2025-11-14T13:44:44,Não respondeu,,usado
eeb39c5a-d75e-497a-a4cb-ec65efef96af,2025-09-22T12:40:31,Lucas Barbosa,lucas.barbosa59@hotmail.com,Juliana Costa,Juliana Costa,locação,Indicação - Cliente,CS-8899,2025-09-24T04:48:56,2025-09-24T09:52:53,,2025-10-26T09:52:53,Mudou de cidade,,novo
f0ad881d-4587-4fcd-ae2f-fbcb6476d80f,2025-09-22T12:59:39,Eduardo Moreira,eduardo.mor72@gmail.com,Paulo Henrique Santos,Paulo Henrique Santos,venda,LinkedIn Ads - Alto Padrão,TE-5306,2025-09-23T04:37:54,2025-09-23T08:29:10,,,,,usado
3e79f58b-3cc4-4f8a-95c6-e047bde24f50,2025-09-22T15:35:24,Fernanda Lopes,fernanda.lop56@yahoo.com.br,Camila Alves,Camila Alves,venda,OLX Imóveis,SL-3651,2025-09-24T12:18:13,2025-09-24T14:32:05,,,,,novo
1846ff1e-60cf-41a2-b217-a4d40d6749e8,2025-09-22T17:56:38,Bruno Almeida,bruno.almeida18@yahoo.com.br,Fernanda Rodrigues,Paulo Henrique Santos,locação,Whatsapp - Indicação Direta,CS-1121,2025-09-24T15:45:15,2025-09-24T18:32:28,,2025-10-16T18:32:28,Comprou com outra imobiliária,,usado
38c56829-9a7f-414d-96d5-a22d1fde24ce,2025-09-23T02:45:08,Gustavo Nunes,gustavo.nunes87@outlook.com,Ana Paula Ferreira,Ana Paula Ferreira,venda,Google Ads - Apartamentos SP,CO-7623,2025-09-23T20:34:40,2025-09-24T01:33:49,,,,,usado
46adf5b6-1ead-40c3-9797-6e063d6928c7,2025-09-23T09:44:51,Lucas Barbosa,lucas.barbosa12@yahoo.com.br,Camila Alves,Camila Alves,venda,Indicação - Cliente,TE-7512,2025-09-25T09:07:18,2025-09-25T10:51:23,,,,,usado
5ab2c1b2-997c-4b74-aa30-07f92411b93e,2025-09-23T15:43:39,Beatriz Lima,beatriz.lima21@gmail.com,Paulo Henrique Santos,Carlos Eduardo Silva,venda,Meta - Novos Empreendimentos,SL-4515,2025-09-24T00:35:51,2025-09-24T05:55:45,,,,,usado
d79a4bf3-c524-4392-b650-044f7f754307,2025-09-23T15:55:21,Monica Correia,monica.corr3@gmail.com,Roberto Mendes,Roberto Mendes,venda,Whatsapp - Indicação Direta,SL-1393,2025-09-24T14:55:01,2025-09-24T19:00:46,,2025-10-07T19:00:46,Preço acima do orçamento,,novo
43646e83-6365-40dd-b8ae-d30e9d715af1,2025-09-23T22:19:07,Amanda Castro,amanda.castro41@hotmail.com,Fernanda Rodrigues,Juliana Costa,venda,Instagram - Casarão SP,CS-6488,2025-09-24T11:45:35,2025-09-24T15:32:51,,2025-10-07T15:32:51,Comprou com outra imobiliária,,usado
779d29a4-dc49-45b8-8842-a8ffd0f7c455,2025-09-24T11:37:51,Nelson Xavier,nelson.xavier64@outlook.com,Paulo Henrique Santos,Paulo Henrique Santos,locação,LinkedIn Ads - Alto Padrão,TE-7954,2025-09-25T03:03:41,2025-09-25T04:55:07,,2025-11-12T04:55:07,Não respondeu,,usado
b7937a56-a5bb-4864-a996-ece5bf5d6c26,2025-09-24T12:00:39,Isabela Nascimento,isabela.nasc76@hotmail.com,Paulo Henrique Santos,Paulo Henrique Santos,venda,Whatsapp - Indicação Direta,AP-3718,2025-09-25T14:06:56,2025-09-25T16:12:35,,2025-09-29T16:12:35,Imóvel não atendeu expectativa,,novo
163c7d36-9e6b-475e-8ae2-d81aaa0c378e,2025-09-24T18:08:38,Eduardo Moreira,eduardo.mor93@gmail.com,Roberto Mendes,Roberto Mendes,locação,Indicação - Cliente,CS-2675,2025-09-24T22:38:38,2025-09-25T01:07:32,,2025-10-01T01:07:32,Mudou de cidade,,usado
d90c5721-386d-4f31-b3a0-1baa681ef617,2025-09-25T01:26:03,Rodrigo Cunha,rodrigo.cunha77@hotmail.com,Juliana Costa,Paulo Henrique Santos,venda,LinkedIn Ads - Alto Padrão,SL-6172,2025-09-26T21:53:59,2025-09-27T02:47:25,,,,,novo
29f04f33-c8b3-4b8c-b648-acb90c590127,2025-09-25T03:31:06,Julia Medeiros,julia.med19@gmail.com,Paulo Henrique Santos,Paulo Henrique Santos,venda,Indicação - Cliente,CO-6877,2025-09-26T00:24:50,2025-09-26T02:22:37,,,,,usado
4aeb3461-ed46-40d1-b013-d54419c94cac,2025-09-25T08:38:46,Isabela Nascimento,isabela.nasc11@gmail.com,Ana Paula Ferreira,Ana Paula Ferreira,venda,OLX Imóveis,AP-1312,2025-09-25T22:52:24,2025-09-26T04:33:24,,2025-09-30T04:33:24,Comprou com outra imobiliária,,novo
4f0e5b47-eacf-4106-9bf4-1e1e000a088d,2025-09-25T10:26:57,Isabela Nascimento,isabela.nasc6@outlook.com,Fernanda Rodrigues,Fernanda Rodrigues,locação,Site Orgânico,SL-9079,2025-09-25T11:20:10,2025-09-25T12:15:20,,2025-10-04T12:15:20,Desistiu da compra,,novo
63fe3f56-9b3d-4c8f-a9f5-90766e96a5a1,2025-09-25T13:41:46,Nelson Xavier,nelson.xavier99@hotmail.com,Carlos Eduardo Silva,Carlos Eduardo Silva,venda,LinkedIn Ads - Alto Padrão,SL-5972,2025-09-26T05:27:49,2025-09-26T07:39:30,,,,,usado
367b5115-5a95-45c3-9176-b8256483394b,2025-09-25T18:17:20,Eduardo Moreira,eduardo.mor1@hotmail.com,Marcos Oliveira,Marcos Oliveira,venda,Jetimob - Portal,SL-4694,2025-09-26T14:50:01,2025-09-26T18:07:25,,,,,novo
8661c8c2-949a-4375-b0c1-7cee21a1dd50,2025-09-25T18:18:27,Gabriel Souza,gabriel.souza98@gmail.com,Ana Paula Ferreira,Ana Paula Ferreira,venda,Site Orgânico,AP-7380,2025-09-27T06:20:10,2025-09-27T11:26:26,,2025-09-30T11:26:26,Mudou de cidade,,novo
ed3d86a5-89e2-4bb1-86fa-f1cc7abaa30c,2025-09-26T05:32:46,Isabela Nascimento,isabela.nasc77@yahoo.com.br,Camila Alves,Juliana Costa,venda,Meta - Novos Empreendimentos,CO-1358,2025-09-26T22:52:01,2025-09-26T23:28:47,,2025-10-25T23:28:47,Mudou de cidade,,novo
033e7ba7-6ecd-4c1c-93c1-bd02736bf37e,2025-09-26T06:09:16,Diego Martins,diego.martins2@yahoo.com.br,Fernanda Rodrigues,Marcos Oliveira,locação,Instagram - Casarão SP,SL-2620,2025-09-28T02:36:29,2025-09-28T05:26:53,,,,,usado
a802a3be-c79a-4054-a8a2-1162410b6c07,2025-09-26T07:22:33,Eduardo Moreira,eduardo.mor25@outlook.com,Marcos Oliveira,Marcos Oliveira,locação,Zap Imóveis,SL-8743,2025-09-28T00:37:43,2025-09-28T01:49:11,2025-10-06T01:49:11,,,2382.15,usado
bd81ee52-48d3-482f-9ff1-572810cca368,2025-09-26T08:20:23,Julia Medeiros,julia.med94@hotmail.com,Ana Paula Ferreira,Ana Paula Ferreira,venda,Indicação - Cliente,CO-2981,2025-09-26T11:28:22,2025-09-26T15:45:14,2025-10-26T15:45:14,,,635617.87,usado
565b2498-79c8-4e18-8459-d532540b5ac9,2025-09-26T09:52:48,Lucas Barbosa,lucas.barbosa2@hotmail.com,Fernanda Rodrigues,Paulo Henrique Santos,venda,Meta - Novos Empreendimentos,CS-3956,2025-09-27T01:41:09,2025-09-27T03:03:41,,,,,novo
46734c5d-7d5a-44a9-9581-1737ff221bc1,2025-09-26T12:14:55,Diego Martins,diego.martins85@outlook.com,Marcos Oliveira,Ana Paula Ferreira,venda,Site Orgânico,TE-1549,2025-09-27T10:02:17,2025-09-27T15:37:22,2025-10-14T15:37:22,,,1200378.77,usado
0fad066e-f785-4c24-bda7-1dcfec42f17b,2025-09-26T17:41:47,Gabriel Souza,gabriel.souza69@gmail.com,Ana Paula Ferreira,Ana Paula Ferreira,venda,Zap Imóveis,CS-3327,2025-09-27T11:26:27,2025-09-27T14:57:36,2025-12-10T14:57:36,,,813139.97,usado
e51b9e35-2ba0-41dc-aa73-373af13db131,2025-09-26T18:44:54,Natalia Rocha,natalia.rocha31@outlook.com,Carlos Eduardo Silva,Carlos Eduardo Silva,venda,Google Ads - Apartamentos SP,TE-4689,2025-09-27T11:32:28,2025-09-27T13:05:58,2025-09-30T13:05:58,,,1221114.7,novo
e41220ec-4083-40fc-b5f9-74956530f2e4,2025-09-26T20:15:06,Larissa Pereira,larissa.pereira24@hotmail.com,Roberto Mendes,Roberto Mendes,locação,LinkedIn Ads - Alto Padrão,TE-5607,2025-09-26T21:07:29,2025-09-27T00:26:25,,2025-10-30T00:26:25,Mudou de cidade,,usado
834585c6-b3cc-4282-9206-7311a1e7467d,2025-09-27T02:56:58,Mariana Gomes,mariana.gomes11@gmail.com,Roberto Mendes,Roberto Mendes,venda,OLX Imóveis,CS-9409,2025-09-27T09:23:21,2025-09-27T12:36:57,,2025-10-20T12:36:57,Mudou de cidade,,usado
1a7b1837-c9ae-4bb9-af6a-c099f9a252bd,2025-09-27T16:06:32,Mariana Gomes,mariana.gomes16@gmail.com,Carlos Eduardo Silva,Carlos Eduardo Silva,locação,Site Orgânico,CO-5074,2025-09-27T17:58:56,2025-09-27T21:37:39,,2025-10-19T21:37:39,Desistiu da compra,,novo
bf24bf53-c030-4e19-9eb1-2244f706575c,2025-09-27T16:24:23,Felipe Ribeiro,felipe.ribeiro35@outlook.com,Roberto Mendes,Roberto Mendes,venda,Instagram - Casarão SP,SL-8964,2025-09-28T07:47:04,2025-09-28T12:34:18,2025-12-13T12:34:18,,,310896.5,usado
e33db967-3345-49f7-97ae-77bad3f04bf8,2025-09-27T20:30:06,Mariana Gomes,mariana.gomes2@gmail.com,Roberto Mendes,Roberto Mendes,locação,Whatsapp - Indicação Direta,TE-3988,2025-09-28T09:06:29,2025-09-28T14:43:35,,2025-11-04T14:43:35,Imóvel não atendeu expectativa,,novo
3d3aa2b1-9205-4952-a300-59cde30977f3,2025-09-27T22:45:38,Natalia Rocha,natalia.rocha12@outlook.com,Ana Paula Ferreira,Juliana Costa,locação,Google Ads - Apartamentos SP,CO-9874,2025-09-29T04:16:36,2025-09-29T09:51:00,,2025-11-18T09:51:00,Negociação travou,,novo
b4a14ab3-2e20-427e-8728-bf2c5880d346,2025-09-28T03:34:08,Gustavo Nunes,gustavo.nunes16@yahoo.com.br,Marcos Oliveira,Marcos Oliveira,locação,Jetimob - Portal,AP-6583,2025-09-28T09:21:30,2025-09-28T14:17:17,,,,,usado
c37f12a4-bd3e-47f6-804f-243e04541720,2025-09-28T09:39:49,Camila Teixeira,camila.teix72@yahoo.com.br,Marcos Oliveira,Juliana Costa,venda,Meta - Novos Empreendimentos,AP-1511,2025-09-28T10:18:02,2025-09-28T12:18:32,2025-11-26T12:18:32,,,1400468.7,usado
108dd107-0ad4-46a2-9d9f-b6cdeaa0eee1,2025-09-28T11:27:46,Thiago Carvalho,thiago.carvalho52@gmail.com,Juliana Costa,Juliana Costa,locação,Zap Imóveis,AP-1539,2025-09-28T21:33:30,2025-09-29T00:19:53,,2025-10-16T00:19:53,Sem perfil para financiamento,,novo
c8a487d8-3f66-423a-934d-8f842153b4c9,2025-09-28T12:20:38,Felipe Ribeiro,felipe.ribeiro51@yahoo.com.br,Paulo Henrique Santos,Ana Paula Ferreira,venda,Meta - Novos Empreendimentos,TE-4941,2025-09-30T05:20:18,2025-09-30T05:56:34,2025-11-06T05:56:34,,,2677644.94,usado
d0b70ff9-2e91-417f-a0c4-66233cf5a1e6,2025-09-28T15:34:41,Amanda Castro,amanda.castro54@gmail.com,Juliana Costa,Juliana Costa,venda,Google Ads - Apartamentos SP,SL-6416,2025-09-29T03:22:41,2025-09-29T05:36:33,2025-10-27T05:36:33,,,795871.61,novo
b090c21d-4699-41c1-bab4-35da15068dee,2025-09-28T18:30:04,Patricia Dias,patricia.dias29@hotmail.com,Fernanda Rodrigues,Fernanda Rodrigues,locação,Zap Imóveis,TE-9822,2025-09-30T05:10:50,2025-09-30T10:58:02,2025-12-27T10:58:02,,,2469.42,usado
cdbabd4d-296e-4e97-a8e7-24b7518095ba,2025-09-28T21:15:31,Gustavo Nunes,gustavo.nunes4@hotmail.com,Fernanda Rodrigues,Fernanda Rodrigues,venda,Whatsapp - Indicação Direta,TE-4507,2025-09-30T19:07:10,2025-09-30T23:38:59,,,,,usado
99f28239-cee9-4bc2-83c9-6b7412dbc0c6,2025-09-28T22:01:35,Beatriz Lima,beatriz.lima52@yahoo.com.br,Paulo Henrique Santos,Paulo Henrique Santos,venda,Google Ads - Apartamentos SP,SL-7068,2025-09-29T21:25:50,2025-09-30T03:25:06,,,,,novo
072701fb-9217-4b2b-95f7-9684be17658c,2025-09-29T02:03:02,Fernanda Lopes,fernanda.lop31@outlook.com,Roberto Mendes,Roberto Mendes,venda,Jetimob - Portal,CS-7279,2025-09-29T02:59:09,2025-09-29T04:22:05,,2025-11-08T04:22:05,Sem perfil para financiamento,,novo
73f0e8af-4f51-4930-89ac-1a6b7aeac9e2,2025-09-29T05:20:06,Lucas Barbosa,lucas.barbosa82@yahoo.com.br,Juliana Costa,Juliana Costa,venda,Whatsapp - Indicação Direta,CO-2970,2025-09-30T10:19:05,2025-09-30T14:56:33,2025-11-20T14:56:33,,,913008.67,usado
11ba021e-cb6b-4afb-b974-ec4e3b9b13d0,2025-09-29T09:21:11,Felipe Ribeiro,felipe.ribeiro18@yahoo.com.br,Paulo Henrique Santos,Roberto Mendes,venda,OLX Imóveis,AP-3412,2025-09-29T17:20:18,2025-09-29T18:57:35,,2025-11-16T18:57:35,Negociação travou,,usado
9ffc4a2d-795f-4d2a-ab75-0fbdfda6f483,2025-09-29T10:20:36,Eduardo Moreira,eduardo.mor47@gmail.com,Ana Paula Ferreira,Ana Paula Ferreira,venda,Zap Imóveis,SL-3027,2025-09-30T14:19:55,2025-09-30T15:15:56,2025-11-11T15:15:56,,,534958.28,novo
25ce06a6-a1f5-4289-882b-6875e67a3f85,2025-09-29T15:51:36,Beatriz Lima,beatriz.lima17@outlook.com,Paulo Henrique Santos,Carlos Eduardo Silva,locação,Google Ads - Apartamentos SP,SL-4893,2025-09-30T12:29:35,2025-09-30T18:18:28,,2025-11-03T18:18:28,Não respondeu,,usado
939ddac7-a497-47f3-90f3-485048d2d9aa,2025-09-29T18:37:06,Gabriel Souza,gabriel.souza33@yahoo.com.br,Roberto Mendes,Roberto Mendes,venda,Whatsapp - Indicação Direta,TE-7893,2025-10-01T09:25:29,2025-10-01T14:42:27,,2025-11-24T14:42:27,Negociação travou,,usado
743b8520-3da5-4a9b-9fc3-76fedc730789,2025-09-29T19:26:52,Natalia Rocha,natalia.rocha54@hotmail.com,Roberto Mendes,Roberto Mendes,venda,Whatsapp - Indicação Direta,AP-1977,2025-10-01T04:57:30,2025-10-01T06:21:37,,2025-10-29T06:21:37,Desistiu da compra,,usado
e2aac6f7-1f34-4d46-9511-a02297eb5f75,2025-09-29T19:57:43,Eduardo Moreira,eduardo.mor9@yahoo.com.br,Roberto Mendes,Roberto Mendes,locação,OLX Imóveis,TE-1798,2025-10-01T05:30:23,2025-10-01T08:42:27,,,,,novo
19af81b0-4041-4382-9621-b6913885d396,2025-09-29T20:58:00,Thiago Carvalho,thiago.carvalho26@outlook.com,Ana Paula Ferreira,Ana Paula Ferreira,venda,OLX Imóveis,SL-6058,2025-10-01T05:15:39,2025-10-01T10:04:54,,2025-10-13T10:04:54,Desistiu da compra,,novo
e3aa3430-8e1e-47dd-a03a-feff1f6b883c,2025-10-01T01:47:32,Rafael Torres,rafael.torres32@outlook.com,Paulo Henrique Santos,Paulo Henrique Santos,locação,Instagram - Casarão SP,AP-6766,2025-10-02T14:29:33,2025-10-02T16:23:58,,,,,novo
6e79f166-0e38-465f-afc4-d259204ae77f,2025-10-01T03:29:06,Rafael Torres,rafael.torres96@outlook.com,Paulo Henrique Santos,Marcos Oliveira,venda,Google Ads - Apartamentos SP,CS-3097,2025-10-03T02:28:18,2025-10-03T04:26:58,,2025-10-06T04:26:58,Não respondeu,,novo
7482217b-9e9a-400e-a71d-f39e573248a0,2025-10-01T06:48:31,Larissa Pereira,larissa.pereira69@hotmail.com,Roberto Mendes,Roberto Mendes,venda,Google Ads - Apartamentos SP,TE-4227,2025-10-03T01:07:54,2025-10-03T05:19:42,,2025-11-19T05:19:42,Mudou de cidade,,usado
75a19991-3765-472e-a493-ed6e7e54e998,2025-10-01T09:28:35,Larissa Pereira,larissa.pereira69@outlook.com,Paulo Henrique Santos,Carlos Eduardo Silva,venda,Indicação - Cliente,CO-5507,2025-10-01T15:53:25,2025-10-01T17:03:50,,2025-11-21T17:03:50,Desistiu da compra,,usado
86857a95-3790-4932-bdbc-1cd5dd690317,2025-10-01T13:50:08,Thiago Carvalho,thiago.carvalho67@yahoo.com.br,Paulo Henrique Santos,Paulo Henrique Santos,locação,Google Ads - Apartamentos SP,CO-4874,2025-10-02T01:22:10,2025-10-02T06:25:49,,2025-10-11T06:25:49,Não respondeu,,novo
0f2df421-66b3-46eb-92b0-565295442dcb,2025-10-01T20:13:07,Nelson Xavier,nelson.xavier77@yahoo.com.br,Paulo Henrique Santos,Paulo Henrique Santos,locação,Whatsapp - Indicação Direta,AP-8022,2025-10-02T13:40:32,2025-10-02T18:30:40,,2025-10-11T18:30:40,Sem perfil para financiamento,,usado
1c2e59bc-3961-49f0-9dd1-d8667d0fa3d9,2025-10-02T15:05:26,Eduardo Moreira,eduardo.mor36@gmail.com,Roberto Mendes,Juliana Costa,venda,Indicação - Cliente,TE-4046,2025-10-04T08:09:45,2025-10-04T10:23:53,,,,,usado
0ebe2369-e98f-408b-9aed-078a2e6d1738,2025-10-02T17:59:04,Larissa Pereira,larissa.pereira94@gmail.com,Roberto Mendes,Roberto Mendes,venda,Site Orgânico,CO-1591,2025-10-03T21:27:54,2025-10-04T03:17:41,,2025-11-15T03:17:41,Imóvel não atendeu expectativa,,usado
d993edd9-5c4a-4a3a-b168-ec4ed385eb92,2025-10-02T18:56:29,Julia Medeiros,julia.med13@hotmail.com,Paulo Henrique Santos,Paulo Henrique Santos,venda,Meta - Novos Empreendimentos,TE-3635,2025-10-03T12:49:14,2025-10-03T16:19:55,,2025-10-04T16:19:55,Não respondeu,,usado
2489a9e0-d5ba-4e98-be5f-32463fb5ad64,2025-10-03T00:26:48,Fernanda Lopes,fernanda.lop86@yahoo.com.br,Carlos Eduardo Silva,Carlos Eduardo Silva,locação,OLX Imóveis,AP-6236,2025-10-04T03:20:44,2025-10-04T05:42:15,2025-10-25T05:42:15,,,3397.88,novo
5739bad3-bd15-465b-8e24-245cdac39d80,2025-10-03T04:35:54,Lucas Barbosa,lucas.barbosa97@hotmail.com,Fernanda Rodrigues,Fernanda Rodrigues,locação,Google Ads - Apartamentos SP,CS-8612,2025-10-04T12:40:40,2025-10-04T13:42:48,,,,,usado
4446f146-c6c7-4867-8238-bd461a81e35e,2025-10-03T07:50:41,Rodrigo Cunha,rodrigo.cunha39@hotmail.com,Marcos Oliveira,Camila Alves,locação,OLX Imóveis,CS-3004,2025-10-04T11:21:28,2025-10-04T14:51:15,,2025-12-02T14:51:15,Negociação travou,,novo
8088ac98-be95-4e7c-9997-525ae4b857c1,2025-10-03T09:06:21,Felipe Ribeiro,felipe.ribeiro12@yahoo.com.br,Ana Paula Ferreira,Roberto Mendes,locação,OLX Imóveis,TE-3343,2025-10-04T08:29:41,2025-10-04T12:04:33,,2025-10-18T12:04:33,Sem perfil para financiamento,,usado
c8606b8a-ff02-4212-a79c-7287320af03e,2025-10-03T09:15:48,Diego Martins,diego.martins82@yahoo.com.br,Roberto Mendes,Roberto Mendes,venda,Whatsapp - Indicação Direta,CS-4015,2025-10-04T06:37:26,2025-10-04T11:41:35,,2025-11-10T11:41:35,Desistiu da compra,,usado
fe0f11a5-0c87-4945-b58b-e125c0b59359,2025-10-03T09:37:51,Eduardo Moreira,eduardo.mor18@gmail.com,Roberto Mendes,Roberto Mendes,venda,Meta - Novos Empreendimentos,SL-5965,2025-10-04T19:08:11,2025-10-04T21:02:49,,2025-10-05T21:02:49,Imóvel não atendeu expectativa,,usado
5dc80764-aae8-4845-94ba-af3ea340e002,2025-10-03T15:04:11,Beatriz Lima,beatriz.lima65@outlook.com,Marcos Oliveira,Marcos Oliveira,locação,Site Orgânico,CS-4352,2025-10-04T11:25:28,2025-10-04T14:24:25,,2025-10-06T14:24:25,Comprou com outra imobiliária,,usado
998cf0ec-6a2e-42ab-bb9b-c1c1d370f1d3,2025-10-04T00:32:00,Monica Correia,monica.corr93@outlook.com,Paulo Henrique Santos,Marcos Oliveira,venda,OLX Imóveis,CO-5792,2025-10-04T05:21:32,2025-10-04T11:15:39,2025-10-07T11:15:39,,,681571.3,usado
50f41e74-f895-491d-b8e4-bf0145f1171d,2025-10-04T01:25:01,Bruno Almeida,bruno.almeida76@hotmail.com,Roberto Mendes,Roberto Mendes,venda,Zap Imóveis,CO-3291,2025-10-05T23:32:35,2025-10-06T04:06:30,,,,,usado
e7b09529-1ad5-448c-b945-1b321e09507f,2025-10-04T02:26:54,Gabriel Souza,gabriel.souza12@outlook.com,Carlos Eduardo Silva,Marcos Oliveira,venda,Meta - Novos Empreendimentos,CS-7111,2025-10-05T12:17:43,2025-10-05T17:56:36,,2025-10-07T17:56:36,Imóvel não atendeu expectativa,,usado
6a09cf8f-0ffb-4abe-9c11-0cf2994c50bd,2025-10-04T03:41:18,Patricia Dias,patricia.dias37@hotmail.com,Juliana Costa,Juliana Costa,venda,Jetimob - Portal,AP-3344,2025-10-06T00:17:27,2025-10-06T02:10:41,,2025-11-26T02:10:41,Mudou de cidade,,novo
633fdef2-2ddb-4340-9211-a77d5fffac33,2025-10-04T06:15:40,Felipe Ribeiro,felipe.ribeiro27@gmail.com,Juliana Costa,Carlos Eduardo Silva,venda,Zap Imóveis,CS-8186,2025-10-05T20:25:14,2025-10-05T23:49:08,,2025-11-22T23:49:08,Negociação travou,,usado
5f38c32c-ac8f-4d0a-9d7d-75f475325815,2025-10-05T01:04:29,Beatriz Lima,beatriz.lima6@yahoo.com.br,Roberto Mendes,Camila Alves,venda,LinkedIn Ads - Alto Padrão,SL-6270,2025-10-07T00:11:15,2025-10-07T03:56:08,2025-11-19T03:56:08,,,616889.97,novo
b3bdc8c3-deac-472d-98b9-014e9f9e7386,2025-10-05T08:26:37,Bruno Almeida,bruno.almeida52@gmail.com,Carlos Eduardo Silva,Carlos Eduardo Silva,locação,Zap Imóveis,AP-1464,2025-10-06T02:03:27,2025-10-06T04:31:06,,2025-11-07T04:31:06,Preço acima do orçamento,,usado
aa9eb175-dfb5-42d4-889c-8c31046ad4ab,2025-10-05T11:35:27,Beatriz Lima,beatriz.lima46@gmail.com,Roberto Mendes,Roberto Mendes,locação,Meta - Novos Empreendimentos,AP-8764,2025-10-05T17:09:29,2025-10-05T18:59:09,,2025-11-30T18:59:09,Preço acima do orçamento,,usado
6b6481a9-1720-4cc0-89b4-cde1447dc83a,2025-10-05T12:04:34,Larissa Pereira,larissa.pereira7@yahoo.com.br,Roberto Mendes,Roberto Mendes,venda,LinkedIn Ads - Alto Padrão,AP-4335,2025-10-06T14:00:51,2025-10-06T17:21:39,,,,,novo
75f87620-f4f6-4918-9969-e0ec7cd4488a,2025-10-05T13:13:38,Nelson Xavier,nelson.xavier35@hotmail.com,Carlos Eduardo Silva,Carlos Eduardo Silva,venda,LinkedIn Ads - Alto Padrão,TE-7860,2025-10-05T14:47:29,2025-10-05T15:33:56,,2025-11-13T15:33:56,Não respondeu,,usado
b587eec0-116e-44ee-829c-c244851c7ce0,2025-10-05T13:41:36,Rodrigo Cunha,rodrigo.cunha29@hotmail.com,Camila Alves,Roberto Mendes,venda,Whatsapp - Indicação Direta,CS-4668,2025-10-06T14:17:18,2025-10-06T19:54:06,,2025-10-26T19:54:06,Negociação travou,,novo
0b969719-738f-4cc8-b31b-471b0dbb0153,2025-10-06T02:08:10,Eduardo Moreira,eduardo.mor9@hotmail.com,Camila Alves,Camila Alves,locação,Instagram - Casarão SP,TE-1734,2025-10-08T01:17:34,2025-10-08T03:03:41,,2025-10-26T03:03:41,Não respondeu,,novo
b2e72b27-7379-4eda-a363-c834c0c08793,2025-10-06T06:21:52,Mariana Gomes,mariana.gomes43@yahoo.com.br,Fernanda Rodrigues,Carlos Eduardo Silva,locação,Indicação - Cliente,CS-5723,2025-10-06T20:19:14,2025-10-06T21:39:52,,2025-11-06T21:39:52,Preço acima do orçamento,,usado
d94df4e1-ff58-4ebb-8da7-df2c9eea6849,2025-10-07T02:32:21,Natalia Rocha,natalia.rocha4@outlook.com,Ana Paula Ferreira,Ana Paula Ferreira,venda,Google Ads - Apartamentos SP,AP-8228,2025-10-08T09:02:47,2025-10-08T10:02:32,,2025-10-15T10:02:32,Imóvel não atendeu expectativa,,novo
60d5b208-c51c-43d6-84b1-0861569630b2,2025-10-07T03:42:38,Beatriz Lima,beatriz.lima34@hotmail.com,Ana Paula Ferreira,Ana Paula Ferreira,venda,Meta - Novos Empreendimentos,TE-2698,2025-10-08T10:09:16,2025-10-08T12:22:15,,,,,novo
e6190853-5f76-477e-b0f3-6961319038c0,2025-10-07T03:59:15,Helena Freitas,helena.freitas69@outlook.com,Camila Alves,Camila Alves,venda,Whatsapp - Indicação Direta,TE-3660,2025-10-07T15:12:01,2025-10-07T20:43:07,,2025-10-25T20:43:07,Desistiu da compra,,usado
11cbb474-4d6c-49a7-be9c-0aa67a71f87b,2025-10-07T18:15:18,Igor Pinto,igor.pinto95@outlook.com,Carlos Eduardo Silva,Carlos Eduardo Silva,venda,Site Orgânico,SL-5912,2025-10-07T18:33:59,2025-10-07T22:03:38,,,,,usado
3529dc0d-f627-418d-806e-33e3f0520b92,2025-10-08T01:59:02,Rafael Torres,rafael.torres39@gmail.com,Paulo Henrique Santos,Fernanda Rodrigues,locação,Indicação - Cliente,CS-4209,2025-10-09T00:11:17,2025-10-09T06:06:00,,2025-12-03T06:06:00,Preço acima do orçamento,,novo
ff76eea1-52a6-46eb-80fa-7b15aecc5632,2025-10-08T08:03:53,Felipe Ribeiro,felipe.ribeiro42@hotmail.com,Roberto Mendes,Ana Paula Ferreira,locação,Whatsapp - Indicação Direta,CO-9954,2025-10-10T00:32:23,2025-10-10T05:29:41,,,,,usado
485694e1-c8e5-43d8-8d49-fe807adc4eb6,2025-10-08T09:55:11,Eduardo Moreira,eduardo.mor2@hotmail.com,Roberto Mendes,Roberto Mendes,venda,Instagram - Casarão SP,CO-6214,2025-10-09T02:44:57,2025-10-09T08:28:44,,,,,usado
3e210082-f587-4843-941e-bb470d92671d,2025-10-08T18:14:46,Rodrigo Cunha,rodrigo.cunha38@gmail.com,Paulo Henrique Santos,Fernanda Rodrigues,locação,Whatsapp - Indicação Direta,SL-7901,2025-10-10T08:51:11,2025-10-10T14:50:28,2025-12-04T14:50:28,,,1742.68,usado
8837ca6f-9948-42d5-8c5f-3073e7fde3e9,2025-10-08T22:58:16,Fernanda Lopes,fernanda.lop22@yahoo.com.br,Roberto Mendes,Roberto Mendes,venda,Meta - Novos Empreendimentos,TE-4155,2025-10-09T04:32:30,2025-10-09T08:52:22,,,,,novo
31b13249-31b6-4f8c-be47-57f05b96a81f,2025-10-09T00:00:31,Bruno Almeida,bruno.almeida43@hotmail.com,Carlos Eduardo Silva,Carlos Eduardo Silva,locação,Indicação - Cliente,CO-2088,2025-10-10T15:06:22,2025-10-10T17:27:38,,,,,usado
34d9c2ca-a3be-4e58-9936-34a6560f3a23,2025-10-09T00:03:08,Natalia Rocha,natalia.rocha77@hotmail.com,Carlos Eduardo Silva,Roberto Mendes,venda,Indicação - Cliente,SL-8618,2025-10-09T19:26:26,2025-10-09T19:59:56,,2025-10-19T19:59:56,Preço acima do orçamento,,usado
b1ad9c9d-4961-4fbc-aa2d-e2f458be7f2d,2025-10-09T05:37:54,Monica Correia,monica.corr82@gmail.com,Camila Alves,Marcos Oliveira,locação,Indicação - Cliente,CO-5427,2025-10-10T04:23:59,2025-10-10T09:04:20,,2025-11-07T09:04:20,Negociação travou,,novo
99760ec4-5569-405f-9e88-cd29b431eb29,2025-10-09T08:04:18,Nelson Xavier,nelson.xavier74@outlook.com,Camila Alves,Camila Alves,venda,Instagram - Casarão SP,CS-3068,2025-10-10T22:06:09,2025-10-10T23:47:06,,,,,usado
f06c1c57-10b1-496e-a0ea-186cb853e0ac,2025-10-09T16:10:45,Mariana Gomes,mariana.gomes24@yahoo.com.br,Paulo Henrique Santos,Paulo Henrique Santos,locação,Zap Imóveis,CO-8826,2025-10-10T06:06:06,2025-10-10T08:46:35,,2025-11-19T08:46:35,Preço acima do orçamento,,usado
7f7eb77f-5350-40e2-a485-b6c5d1e17d90,2025-10-09T18:31:00,Rafael Torres,rafael.torres32@outlook.com,Camila Alves,Carlos Eduardo Silva,venda,OLX Imóveis,SL-5158,2025-10-10T21:14:02,2025-10-10T23:18:50,,2025-11-01T23:18:50,Desistiu da compra,,usado
40ef2933-5e70-4dbc-814a-1df3cc9c66d5,2025-10-10T06:53:22,Natalia Rocha,natalia.rocha93@gmail.com,Ana Paula Ferreira,Ana Paula Ferreira,venda,LinkedIn Ads - Alto Padrão,CS-1453,2025-10-10T10:30:55,2025-10-10T11:44:03,2025-12-23T11:44:03,,,1540591.29,usado
0592c992-0ae8-4763-953a-8cdd200fdb97,2025-10-10T13:11:58,Nelson Xavier,nelson.xavier86@outlook.com,Carlos Eduardo Silva,Fernanda Rodrigues,venda,OLX Imóveis,CO-5797,2025-10-12T06:46:16,2025-10-12T12:05:37,,,,,novo
efd276d5-ba68-4785-a2ee-e4c72f0980bf,2025-10-10T17:37:35,Gustavo Nunes,gustavo.nunes21@hotmail.com,Carlos Eduardo Silva,Carlos Eduardo Silva,venda,Jetimob - Portal,CS-4107,2025-10-12T02:47:13,2025-10-12T06:36:26,,2025-12-02T06:36:26,Comprou com outra imobiliária,,usado
d9391c0f-9395-4c64-be74-723c7ae06cf4,2025-10-10T22:57:22,Patricia Dias,patricia.dias40@hotmail.com,Paulo Henrique Santos,Paulo Henrique Santos,venda,LinkedIn Ads - Alto Padrão,CS-7907,2025-10-10T23:49:27,2025-10-11T01:24:22,,,,,usado
f41598fa-bb39-44be-b362-e2a8ed9b872e,2025-10-11T00:13:58,Bruno Almeida,bruno.almeida33@gmail.com,Fernanda Rodrigues,Roberto Mendes,venda,OLX Imóveis,CO-5093,2025-10-11T07:04:11,2025-10-11T08:18:58,2025-10-18T08:18:58,,,1097001.77,novo
a071b581-a75f-4b31-9ed1-c006e9c7a049,2025-10-11T03:05:57,Natalia Rocha,natalia.rocha34@outlook.com,Marcos Oliveira,Marcos Oliveira,venda,Jetimob - Portal,TE-3527,2025-10-12T08:39:36,2025-10-12T11:33:57,,,,,usado
b90b3484-d532-43ec-ad72-77952ac3a3b7,2025-10-11T03:54:00,Diego Martins,diego.martins9@outlook.com,Marcos Oliveira,Carlos Eduardo Silva,locação,Meta - Novos Empreendimentos,CS-4716,2025-10-12T20:45:17,2025-10-12T22:20:46,,2025-11-10T22:20:46,Não respondeu,,usado
0b5442df-48a6-4382-8b1d-56255c7885af,2025-10-11T07:49:43,Rodrigo Cunha,rodrigo.cunha41@yahoo.com.br,Marcos Oliveira,Marcos Oliveira,venda,Site Orgânico,TE-9135,2025-10-11T12:42:28,2025-10-11T16:32:19,,2025-10-21T16:32:19,Imóvel não atendeu expectativa,,usado
0e739de9-fef2-4177-8fe6-556425d83118,2025-10-11T08:28:29,Larissa Pereira,larissa.pereira33@gmail.com,Roberto Mendes,Roberto Mendes,locação,Indicação - Cliente,TE-1105,2025-10-12T04:13:23,2025-10-12T10:11:11,,,,,novo
54223751-fd2a-4c3e-a473-e35d5a91a35e,2025-10-11T10:20:39,Mariana Gomes,mariana.gomes99@outlook.com,Carlos Eduardo Silva,Carlos Eduardo Silva,locação,Jetimob - Portal,TE-5458,2025-10-12T22:54:58,2025-10-12T23:51:47,2025-11-18T23:51:47,,,2225.52,usado
2532e748-b486-430f-94a4-539c320eb663,2025-10-12T00:44:30,Julia Medeiros,julia.med62@hotmail.com,Carlos Eduardo Silva,Carlos Eduardo Silva,venda,Instagram - Casarão SP,AP-1715,2025-10-12T18:54:20,2025-10-13T00:33:26,2025-10-28T00:33:26,,,316947.23,usado
fecfbe23-1db1-4ad3-8930-9077808535a2,2025-10-12T10:59:44,Julia Medeiros,julia.med85@yahoo.com.br,Ana Paula Ferreira,Paulo Henrique Santos,locação,Google Ads - Apartamentos SP,TE-5669,2025-10-13T03:56:05,2025-10-13T07:51:01,,2025-10-18T07:51:01,Desistiu da compra,,novo
59c5fe85-0dee-4128-8c83-a15c3451ebf1,2025-10-12T16:18:49,Felipe Ribeiro,felipe.ribeiro4@outlook.com,Roberto Mendes,Roberto Mendes,locação,Zap Imóveis,AP-8502,2025-10-14T11:54:18,2025-10-14T14:47:37,,2025-12-09T14:47:37,Mudou de cidade,,novo
9ae825b5-5d24-4750-982d-f52914c5e45c,2025-10-12T17:38:55,Nelson Xavier,nelson.xavier18@outlook.com,Fernanda Rodrigues,Fernanda Rodrigues,locação,Site Orgânico,CO-4250,2025-10-12T18:09:41,2025-10-12T23:39:07,2025-10-21T23:39:07,,,1542.16,novo
af40e13f-d4e3-4cbb-b6a2-50cb0e3bd1dd,2025-10-12T19:08:55,Leandro Santana,leandro.sant30@yahoo.com.br,Marcos Oliveira,Marcos Oliveira,venda,Jetimob - Portal,TE-5123,2025-10-13T10:17:12,2025-10-13T11:59:01,2025-11-16T11:59:01,,,1051835.46,novo
27b73b2e-5562-405f-bae2-27938a5b2055,2025-10-13T06:10:42,Nelson Xavier,nelson.xavier84@gmail.com,Marcos Oliveira,Marcos Oliveira,venda,LinkedIn Ads - Alto Padrão,SL-3111,2025-10-13T10:20:59,2025-10-13T13:39:16,,2025-11-22T13:39:16,Desistiu da compra,,usado
9d8391be-2674-405b-9057-47c9b0c6a1e0,2025-10-13T08:35:17,Nelson Xavier,nelson.xavier96@outlook.com,Juliana Costa,Juliana Costa,venda,OLX Imóveis,CO-3469,2025-10-14T07:25:55,2025-10-14T08:47:36,,2025-11-25T08:47:36,Mudou de cidade,,novo
4d203711-37ec-4ff2-a1ef-e9c14ee3bc5d,2025-10-13T20:30:11,Beatriz Lima,beatriz.lima83@yahoo.com.br,Fernanda Rodrigues,Paulo Henrique Santos,venda,Indicação - Cliente,SL-1186,2025-10-15T03:41:18,2025-10-15T04:29:39,2025-11-30T04:29:39,,,1202168.68,novo
baea3d63-b562-40ab-9323-2dad3dbb78bc,2025-10-13T20:32:02,Gabriel Souza,gabriel.souza54@gmail.com,Fernanda Rodrigues,Fernanda Rodrigues,venda,LinkedIn Ads - Alto Padrão,TE-7657,2025-10-14T20:32:54,2025-10-15T02:08:45,,,,,usado
182358dd-39b8-4438-8129-ae6ac987fc38,2025-10-13T21:06:32,Leandro Santana,leandro.sant39@gmail.com,Fernanda Rodrigues,Fernanda Rodrigues,venda,Site Orgânico,AP-6106,2025-10-15T15:35:12,2025-10-15T16:51:10,,2025-11-01T16:51:10,Desistiu da compra,,novo
020dd583-38f2-4c46-bd31-9707c312d09c,2025-10-14T03:10:06,Gabriel Souza,gabriel.souza44@outlook.com,Roberto Mendes,Roberto Mendes,locação,LinkedIn Ads - Alto Padrão,SL-8659,2025-10-14T14:20:45,2025-10-14T15:27:45,,2025-10-26T15:27:45,Mudou de cidade,,usado
6ea7158a-5e3f-4476-82da-4edf60bef3df,2025-10-14T03:24:31,Amanda Castro,amanda.castro86@yahoo.com.br,Carlos Eduardo Silva,Carlos Eduardo Silva,locação,Site Orgânico,AP-5740,2025-10-15T19:45:46,2025-10-15T22:47:22,,2025-11-05T22:47:22,Comprou com outra imobiliária,,novo
2dd41847-fac8-4c1f-8b12-0e10964bd024,2025-10-14T08:19:47,Thiago Carvalho,thiago.carvalho64@outlook.com,Marcos Oliveira,Marcos Oliveira,locação,Indicação - Cliente,SL-7515,2025-10-15T08:34:19,2025-10-15T11:46:35,,,,,usado
7faa3547-705a-49cd-a895-d5d3e5de323f,2025-10-14T13:04:39,Larissa Pereira,larissa.pereira96@gmail.com,Marcos Oliveira,Marcos Oliveira,venda,Jetimob - Portal,CO-7687,2025-10-15T20:11:57,2025-10-16T00:51:55,2025-12-20T00:51:55,,,877785.92,usado
297d8972-a84b-4c87-9cf2-c2bfe170fbfb,2025-10-14T20:48:24,Fernanda Lopes,fernanda.lop24@hotmail.com,Roberto Mendes,Roberto Mendes,venda,Site Orgânico,SL-8717,2025-10-15T22:06:08,2025-10-16T00:34:15,,2025-11-24T00:34:15,Sem perfil para financiamento,,novo
59b87132-865b-4863-b9ff-1105a4801691,2025-10-14T21:02:00,Patricia Dias,patricia.dias38@yahoo.com.br,Juliana Costa,Juliana Costa,locação,Whatsapp - Indicação Direta,SL-7242,2025-10-15T04:39:04,2025-10-15T08:09:55,,2025-12-11T08:09:55,Não respondeu,,novo
dbdefd4d-0296-473b-b365-02302a1b9fec,2025-10-14T22:33:33,Felipe Ribeiro,felipe.ribeiro18@gmail.com,Fernanda Rodrigues,Marcos Oliveira,venda,Google Ads - Apartamentos SP,AP-6604,2025-10-15T22:57:28,2025-10-16T03:33:07,2025-12-30T03:33:07,,,292078.2,novo
79f32ab4-57dd-40ed-b3df-08dc89726991,2025-10-15T01:17:11,Mariana Gomes,mariana.gomes89@outlook.com,Roberto Mendes,Roberto Mendes,venda,OLX Imóveis,CS-2155,2025-10-15T12:37:43,2025-10-15T13:33:04,,2025-10-30T13:33:04,Não respondeu,,novo
77ca0d23-5894-4ef7-bd0f-bdb7b743879c,2025-10-15T04:13:45,Gabriel Souza,gabriel.souza81@hotmail.com,Marcos Oliveira,Marcos Oliveira,locação,Meta - Novos Empreendimentos,AP-1182,2025-10-15T10:59:40,2025-10-15T15:53:33,,2025-12-14T15:53:33,Imóvel não atendeu expectativa,,novo
c4041601-5cbd-4f6b-bfbc-71145a8a6d83,2025-10-15T04:43:43,Mariana Gomes,mariana.gomes49@outlook.com,Marcos Oliveira,Ana Paula Ferreira,venda,Zap Imóveis,SL-6064,2025-10-16T08:34:49,2025-10-16T12:29:57,,,,,novo
16d38cbd-90ee-4e21-8569-348900109bd0,2025-10-15T11:44:32,Mariana Gomes,mariana.gomes30@hotmail.com,Juliana Costa,Juliana Costa,venda,Meta - Novos Empreendimentos,TE-1256,2025-10-15T12:29:44,2025-10-15T18:13:58,,2025-10-17T18:13:58,Comprou com outra imobiliária,,novo
a7e5ebe9-5185-4980-a168-a0dfab94509b,2025-10-15T13:11:40,Eduardo Moreira,eduardo.mor20@yahoo.com.br,Roberto Mendes,Roberto Mendes,venda,Instagram - Casarão SP,TE-6535,2025-10-15T14:28:44,2025-10-15T16:05:47,2025-12-21T16:05:47,,,2626167.05,novo
363ccd10-6ec1-49c3-99a9-7a1d7a573894,2025-10-15T20:21:53,Nelson Xavier,nelson.xavier1@outlook.com,Marcos Oliveira,Marcos Oliveira,locação,LinkedIn Ads - Alto Padrão,SL-2974,2025-10-16T07:16:04,2025-10-16T08:10:01,2026-01-11T08:10:01,,,4043.62,usado
d75e5001-0c5f-431d-b075-b7e91612072b,2025-10-16T00:33:51,Fernanda Lopes,fernanda.lop17@outlook.com,Juliana Costa,Juliana Costa,venda,Whatsapp - Indicação Direta,CO-1061,2025-10-17T07:40:36,2025-10-17T09:15:50,,2025-11-08T09:15:50,Comprou com outra imobiliária,,usado
d83b6bb9-d66c-4aad-9583-6f482a65e4c2,2025-10-16T01:38:56,Rodrigo Cunha,rodrigo.cunha81@outlook.com,Paulo Henrique Santos,Paulo Henrique Santos,venda,Jetimob - Portal,AP-3124,2025-10-16T03:36:53,2025-10-16T06:13:01,,2025-12-10T06:13:01,Não respondeu,,novo
45b95841-4bdf-4354-a511-9309090cdb84,2025-10-16T05:12:34,Larissa Pereira,larissa.pereira51@hotmail.com,Ana Paula Ferreira,Camila Alves,venda,LinkedIn Ads - Alto Padrão,CO-8930,2025-10-16T22:30:17,2025-10-17T02:06:41,,2025-11-18T02:06:41,Preço acima do orçamento,,novo
056c0596-e79e-48b7-afcc-d97c81a506f7,2025-10-16T08:55:16,Isabela Nascimento,isabela.nasc43@outlook.com,Paulo Henrique Santos,Paulo Henrique Santos,venda,Jetimob - Portal,SL-4042,2025-10-17T22:01:28,2025-10-18T00:09:47,,2025-12-08T00:09:47,Preço acima do orçamento,,usado
887f6a28-e6d7-403d-8161-70f94d55ff38,2025-10-17T03:52:36,Fernanda Lopes,fernanda.lop11@outlook.com,Marcos Oliveira,Marcos Oliveira,venda,Instagram - Casarão SP,AP-2202,2025-10-18T04:21:07,2025-10-18T06:44:45,,2025-10-24T06:44:45,Não respondeu,,usado
b96d08cb-e1d7-453d-9b1e-1701b29eb3dc,2025-10-17T06:38:55,Lucas Barbosa,lucas.barbosa65@hotmail.com,Marcos Oliveira,Marcos Oliveira,venda,Jetimob - Portal,TE-1374,2025-10-18T15:34:19,2025-10-18T18:15:51,2026-01-04T18:15:51,,,845349.96,usado
033abb86-9677-477c-a121-8a7cf5a21a36,2025-10-17T09:17:41,Larissa Pereira,larissa.pereira10@hotmail.com,Camila Alves,Camila Alves,locação,Whatsapp - Indicação Direta,SL-7574,2025-10-17T19:23:54,2025-10-17T23:09:13,,2025-10-26T23:09:13,Negociação travou,,usado
fdee5cd4-c271-40af-93c3-2ed21168f886,2025-10-17T19:41:10,Nelson Xavier,nelson.xavier36@hotmail.com,Juliana Costa,Carlos Eduardo Silva,venda,Zap Imóveis,AP-5780,2025-10-18T02:44:36,2025-10-18T06:35:11,2025-11-28T06:35:11,,,326751.48,usado
83e44de2-0df3-4aef-ac29-df5282204089,2025-10-17T19:43:52,Felipe Ribeiro,felipe.ribeiro55@yahoo.com.br,Juliana Costa,Juliana Costa,locação,Whatsapp - Indicação Direta,SL-5055,2025-10-19T02:19:37,2025-10-19T05:25:53,,,,,usado
c2fb63e3-2853-4daf-b2bf-ed0d677ac052,2025-10-17T21:43:09,Igor Pinto,igor.pinto48@gmail.com,Roberto Mendes,Roberto Mendes,venda,Whatsapp - Indicação Direta,CO-9714,2025-10-19T16:18:53,2025-10-19T19:06:03,,2025-12-12T19:06:03,Sem perfil para financiamento,,usado
fb2ee752-2579-41c5-830a-b853af33d4f1,2025-10-18T00:07:57,Larissa Pereira,larissa.pereira32@outlook.com,Ana Paula Ferreira,Ana Paula Ferreira,venda,OLX Imóveis,CS-6585,2025-10-19T14:21:20,2025-10-19T15:37:44,2026-01-03T15:37:44,,,1677846.49,usado
694ae771-c095-4811-9ac9-f3513c8308e0,2025-10-18T00:56:43,Nelson Xavier,nelson.xavier95@yahoo.com.br,Marcos Oliveira,Carlos Eduardo Silva,venda,Zap Imóveis,SL-8971,2025-10-19T21:47:42,2025-10-20T00:51:40,,2025-12-05T00:51:40,Sem perfil para financiamento,,usado
1e6044a7-133e-45d2-8b2c-f63c8fced67a,2025-10-18T08:37:41,Eduardo Moreira,eduardo.mor40@yahoo.com.br,Fernanda Rodrigues,Fernanda Rodrigues,venda,Google Ads - Apartamentos SP,CS-3608,2025-10-19T20:45:20,2025-10-19T21:42:29,,,,,usado
bbfa58ed-acb6-4ef4-8f5f-c44713e35518,2025-10-18T19:54:07,Felipe Ribeiro,felipe.ribeiro77@outlook.com,Roberto Mendes,Roberto Mendes,venda,LinkedIn Ads - Alto Padrão,SL-8586,2025-10-19T07:09:30,2025-10-19T07:45:00,2025-11-16T07:45:00,,,1090819.51,usado
a83cc143-6cab-48e2-834b-4053f39ad182,2025-10-18T20:23:52,Amanda Castro,amanda.castro36@outlook.com,Camila Alves,Camila Alves,venda,Instagram - Casarão SP,CO-8065,2025-10-19T16:25:24,2025-10-19T17:37:51,2025-10-30T17:37:51,,,1117454.29,novo
ffd59a1d-6be2-451b-be22-d8fdf64a75ba,2025-10-18T21:33:31,Mariana Gomes,mariana.gomes40@yahoo.com.br,Ana Paula Ferreira,Ana Paula Ferreira,locação,Zap Imóveis,CO-1208,2025-10-19T22:38:53,2025-10-19T23:50:25,,2025-11-03T23:50:25,Desistiu da compra,,usado
45b81b2c-4eff-437e-a8bb-224aa14a9db9,2025-10-18T21:48:17,Natalia Rocha,natalia.rocha85@gmail.com,Fernanda Rodrigues,Fernanda Rodrigues,locação,Instagram - Casarão SP,AP-9463,2025-10-20T10:53:35,2025-10-20T14:10:51,,,,,usado
dbe09def-43b2-49b6-b569-827ef85b1ca4,2025-10-19T15:40:54,Julia Medeiros,julia.med1@gmail.com,Paulo Henrique Santos,Paulo Henrique Santos,venda,Zap Imóveis,AP-8864,2025-10-20T03:56:05,2025-10-20T07:35:29,,,,,novo
c8b1cafa-87e5-47da-b3ad-83857952d669,2025-10-19T20:36:42,Bruno Almeida,bruno.almeida19@yahoo.com.br,Roberto Mendes,Roberto Mendes,locação,Google Ads - Apartamentos SP,CO-5739,2025-10-21T18:31:41,2025-10-21T22:05:20,2025-12-22T22:05:20,,,3548.26,novo
456ec626-99fb-479d-9b82-14a4490ad441,2025-10-20T00:45:11,Leandro Santana,leandro.sant86@gmail.com,Carlos Eduardo Silva,Juliana Costa,locação,OLX Imóveis,SL-3512,2025-10-21T01:27:27,2025-10-21T07:18:58,,2025-12-03T07:18:58,Mudou de cidade,,novo
4ebb2321-e53a-4a4b-843b-ab100c9e5860,2025-10-20T01:54:53,Monica Correia,monica.corr42@hotmail.com,Marcos Oliveira,Marcos Oliveira,locação,OLX Imóveis,TE-6382,2025-10-20T13:48:53,2025-10-20T17:29:33,,2025-10-27T17:29:33,Mudou de cidade,,usado
216cce83-a5df-4ab4-a7ff-e25803673a6a,2025-10-20T20:51:17,Natalia Rocha,natalia.rocha97@yahoo.com.br,Camila Alves,Camila Alves,venda,Google Ads - Apartamentos SP,TE-6273,2025-10-22T18:37:11,2025-10-22T22:16:17,,2025-12-18T22:16:17,Imóvel não atendeu expectativa,,usado
4fb8b809-25a5-4b41-8a7e-e5db1e607e7a,2025-10-20T22:38:14,Fernanda Lopes,fernanda.lop8@yahoo.com.br,Ana Paula Ferreira,Ana Paula Ferreira,venda,Meta - Novos Empreendimentos,CO-2900,2025-10-22T12:13:41,2025-10-22T13:15:56,,2025-12-21T13:15:56,Preço acima do orçamento,,novo
05ead463-8dcf-4dcd-baea-7c19937b6294,2025-10-21T00:35:23,Leandro Santana,leandro.sant12@hotmail.com,Juliana Costa,Marcos Oliveira,locação,Whatsapp - Indicação Direta,AP-2850,2025-10-22T03:46:51,2025-10-22T09:39:43,,2025-11-16T09:39:43,Comprou com outra imobiliária,,novo
541c03c0-02f8-41da-b24b-45a194cc0240,2025-10-21T08:11:29,Gustavo Nunes,gustavo.nunes3@hotmail.com,Carlos Eduardo Silva,Carlos Eduardo Silva,venda,Zap Imóveis,CO-6427,2025-10-21T19:47:53,2025-10-21T22:52:54,,2025-12-11T22:52:54,Desistiu da compra,,usado
861e40af-aef0-47e9-8c4c-65cbc6ec85fa,2025-10-21T10:06:43,Gustavo Nunes,gustavo.nunes38@yahoo.com.br,Marcos Oliveira,Marcos Oliveira,locação,Indicação - Cliente,SL-4933,2025-10-22T05:07:19,2025-10-22T10:02:36,,,,,usado
5ce741ad-589c-4a8d-b971-0cceb429098a,2025-10-21T14:37:00,Felipe Ribeiro,felipe.ribeiro95@outlook.com,Paulo Henrique Santos,Paulo Henrique Santos,venda,OLX Imóveis,CO-8372,2025-10-22T03:05:06,2025-10-22T03:40:31,,2025-11-21T03:40:31,Preço acima do orçamento,,usado
fff35b34-52c2-4a44-a168-ba85edcbe65e,2025-10-21T22:01:16,Camila Teixeira,camila.teix62@yahoo.com.br,Juliana Costa,Marcos Oliveira,venda,Meta - Novos Empreendimentos,SL-1746,2025-10-23T12:18:15,2025-10-23T14:15:48,,2025-10-28T14:15:48,Mudou de cidade,,usado
c2e2e101-21b0-457e-9f18-9e65723f258e,2025-10-22T10:33:24,Patricia Dias,patricia.dias7@hotmail.com,Ana Paula Ferreira,Marcos Oliveira,locação,Google Ads - Apartamentos SP,AP-6440,2025-10-22T15:51:53,2025-10-22T20:16:26,,,,,novo
1866550f-bce8-4b8f-8484-cc0159ac1c21,2025-10-22T12:50:21,Leandro Santana,leandro.sant54@hotmail.com,Ana Paula Ferreira,Juliana Costa,venda,Whatsapp - Indicação Direta,TE-6397,2025-10-24T01:04:14,2025-10-24T01:49:13,,2025-12-17T01:49:13,Preço acima do orçamento,,novo
fd4175cc-acf3-46da-aceb-9fbb8d66a4dd,2025-10-22T13:54:42,Patricia Dias,patricia.dias31@gmail.com,Ana Paula Ferreira,Ana Paula Ferreira,locação,Jetimob - Portal,CO-1206,2025-10-23T18:23:34,2025-10-23T20:34:38,,2025-11-23T20:34:38,Comprou com outra imobiliária,,usado
153a2fa8-e1b1-4e14-a424-d13b9850b0a4,2025-10-22T14:09:37,Beatriz Lima,beatriz.lima86@hotmail.com,Roberto Mendes,Roberto Mendes,venda,Zap Imóveis,CO-5205,2025-10-23T04:33:32,2025-10-23T08:17:50,2025-10-30T08:17:50,,,1027156.73,usado
90a16d16-3ff6-494a-9856-1285ff964714,2025-10-22T15:13:44,Rodrigo Cunha,rodrigo.cunha32@outlook.com,Carlos Eduardo Silva,Carlos Eduardo Silva,locação,Whatsapp - Indicação Direta,CO-7636,2025-10-23T03:18:01,2025-10-23T05:52:20,,,,,usado
09a43677-e32d-4416-91e1-0c68f8c76b09,2025-10-23T00:16:29,Patricia Dias,patricia.dias87@yahoo.com.br,Juliana Costa,Juliana Costa,locação,Whatsapp - Indicação Direta,CO-8235,2025-10-24T21:54:46,2025-10-24T23:53:13,,,,,usado
9b55269d-2cb7-4bd4-b975-65b389f24128,2025-10-23T00:43:32,Gabriel Souza,gabriel.souza45@outlook.com,Juliana Costa,Juliana Costa,venda,OLX Imóveis,CO-8626,2025-10-24T13:37:51,2025-10-24T15:41:51,,2025-11-22T15:41:51,Sem perfil para financiamento,,usado
4a0a642f-2477-41f9-bb5f-0ff81ab039b8,2025-10-23T03:06:26,Nelson Xavier,nelson.xavier36@outlook.com,Camila Alves,Camila Alves,locação,Whatsapp - Indicação Direta,SL-4332,2025-10-24T00:45:00,2025-10-24T01:23:32,,,,,usado
cc48a4ab-4305-4b2c-ac4c-128fb0bede17,2025-10-23T09:03:59,Natalia Rocha,natalia.rocha97@gmail.com,Juliana Costa,Juliana Costa,venda,Jetimob - Portal,AP-8669,2025-10-23T17:04:06,2025-10-23T21:03:44,,,,,usado
1cd37463-fbfc-4077-bfb6-d4497a27ed1e,2025-10-24T00:54:47,Monica Correia,monica.corr76@yahoo.com.br,Marcos Oliveira,Ana Paula Ferreira,venda,Site Orgânico,TE-7395,2025-10-24T05:58:46,2025-10-24T10:56:09,,2025-11-06T10:56:09,Comprou com outra imobiliária,,usado
b8da1aca-992c-4f0d-baf5-dbe7e7ceed98,2025-10-24T01:08:15,Monica Correia,monica.corr42@outlook.com,Marcos Oliveira,Marcos Oliveira,venda,Indicação - Cliente,TE-2610,2025-10-25T18:19:14,2025-10-25T22:06:33,,2025-10-29T22:06:33,Mudou de cidade,,novo
0dea767d-082b-4084-a8ef-96fcfe795ef2,2025-10-24T01:17:25,Bruno Almeida,bruno.almeida2@hotmail.com,Carlos Eduardo Silva,Carlos Eduardo Silva,locação,Zap Imóveis,AP-5737,2025-10-25T06:28:15,2025-10-25T10:35:54,,2025-11-17T10:35:54,Mudou de cidade,,novo
cb59511c-3b79-4e62-a27c-6d3dffd85528,2025-10-24T01:58:25,Igor Pinto,igor.pinto35@gmail.com,Carlos Eduardo Silva,Carlos Eduardo Silva,locação,Jetimob - Portal,SL-7686,2025-10-25T10:37:04,2025-10-25T12:45:16,2025-11-15T12:45:16,,,2058.78,usado
da4ba1c3-13ac-456d-a5f0-9f0f594ea7a1,2025-10-24T07:51:21,Gabriel Souza,gabriel.souza70@hotmail.com,Carlos Eduardo Silva,Carlos Eduardo Silva,locação,Meta - Novos Empreendimentos,TE-5713,2025-10-26T05:08:10,2025-10-26T06:58:13,2025-12-10T06:58:13,,,4779.63,usado
6e23380f-9039-4396-a4a1-9bd4c74fb65d,2025-10-24T13:28:05,Camila Teixeira,camila.teix77@hotmail.com,Fernanda Rodrigues,Fernanda Rodrigues,venda,Zap Imóveis,TE-4684,2025-10-26T08:51:37,2025-10-26T13:52:19,2026-01-13T13:52:19,,,1930376.25,novo
d07bca57-3ab7-4e0b-bff6-0170f17d799a,2025-10-24T14:04:38,Bruno Almeida,bruno.almeida8@outlook.com,Ana Paula Ferreira,Ana Paula Ferreira,venda,Site Orgânico,CS-7376,2025-10-25T14:31:04,2025-10-25T19:50:58,,2025-11-13T19:50:58,Negociação travou,,novo
ec325532-5442-4462-a2b4-8fb5ffd157c1,2025-10-24T21:13:32,Bruno Almeida,bruno.almeida26@hotmail.com,Roberto Mendes,Paulo Henrique Santos,locação,Google Ads - Apartamentos SP,AP-5263,2025-10-26T21:12:12,2025-10-27T01:45:22,2025-11-30T01:45:22,,,2413.05,usado
02083e41-2293-48c3-936f-04a8d8627076,2025-10-25T02:20:28,Bruno Almeida,bruno.almeida1@yahoo.com.br,Fernanda Rodrigues,Fernanda Rodrigues,venda,OLX Imóveis,AP-9759,2025-10-25T20:21:15,2025-10-26T01:19:31,,,,,novo
d1e4a82d-72bc-4f92-b96c-e195c9be1b31,2025-10-25T03:35:03,Eduardo Moreira,eduardo.mor99@hotmail.com,Carlos Eduardo Silva,Carlos Eduardo Silva,venda,Instagram - Casarão SP,CS-6126,2025-10-26T09:18:30,2025-10-26T11:03:05,2025-12-03T11:03:05,,,1424669.69,novo
3f17f61b-8d4c-468a-80b5-ec7a46d2bbd5,2025-10-25T04:42:35,Lucas Barbosa,lucas.barbosa21@outlook.com,Marcos Oliveira,Marcos Oliveira,locação,OLX Imóveis,CO-6206,2025-10-25T14:47:27,2025-10-25T18:29:02,,2025-12-24T18:29:02,Mudou de cidade,,usado
15337a2b-bbe8-40ea-a247-f94704c7668b,2025-10-25T19:33:09,Natalia Rocha,natalia.rocha76@gmail.com,Fernanda Rodrigues,Fernanda Rodrigues,venda,Indicação - Cliente,TE-7055,2025-10-27T18:56:54,2025-10-27T22:37:48,,2025-12-15T22:37:48,Comprou com outra imobiliária,,novo
49ad8207-7c85-4694-95d7-e28fc25b37f4,2025-10-26T00:45:25,Eduardo Moreira,eduardo.mor39@outlook.com,Marcos Oliveira,Carlos Eduardo Silva,venda,Jetimob - Portal,AP-7970,2025-10-27T03:56:35,2025-10-27T08:08:07,,2025-12-26T08:08:07,Não respondeu,,novo
e6fabc21-86e8-4b03-9644-0d24035a59f9,2025-10-26T00:46:00,Julia Medeiros,julia.med68@yahoo.com.br,Fernanda Rodrigues,Carlos Eduardo Silva,locação,OLX Imóveis,TE-3981,2025-10-27T11:15:02,2025-10-27T13:59:35,2025-11-15T13:59:35,,,2948.35,usado
e495423a-92c3-437c-9fbd-8f605cd79949,2025-10-26T15:39:51,Monica Correia,monica.corr28@outlook.com,Ana Paula Ferreira,Ana Paula Ferreira,venda,LinkedIn Ads - Alto Padrão,TE-1891,2025-10-26T21:39:39,2025-10-27T03:17:44,2026-01-20T03:17:44,,,2035433.95,novo
4cea0063-6552-4021-8c30-4c5335b63911,2025-10-26T18:57:58,Nelson Xavier,nelson.xavier63@gmail.com,Paulo Henrique Santos,Juliana Costa,venda,Meta - Novos Empreendimentos,SL-4448,2025-10-27T17:25:02,2025-10-27T23:23:05,,2025-11-04T23:23:05,Não respondeu,,novo
8c6d216b-d84d-4de9-b52e-baa833086c55,2025-10-26T23:52:02,Monica Correia,monica.corr55@gmail.com,Ana Paula Ferreira,Ana Paula Ferreira,venda,Indicação - Cliente,CS-2260,2025-10-27T19:20:32,2025-10-27T22:52:38,,2025-11-15T22:52:38,Não respondeu,,usado
c97ff035-9a07-4e91-b3d3-9cc3ca8a5ac2,2025-10-28T04:17:17,Gustavo Nunes,gustavo.nunes15@gmail.com,Juliana Costa,Juliana Costa,venda,Meta - Novos Empreendimentos,TE-4525,2025-10-30T02:48:32,2025-10-30T08:07:10,2025-12-14T08:07:10,,,2553108.66,novo
c6bfc27a-a0ff-44c8-81d7-3886b23b02f4,2025-10-28T05:59:41,Monica Correia,monica.corr94@yahoo.com.br,Paulo Henrique Santos,Paulo Henrique Santos,locação,OLX Imóveis,TE-3412,2025-10-29T17:33:31,2025-10-29T21:58:28,,2025-11-20T21:58:28,Imóvel não atendeu expectativa,,usado
89806182-85ff-4359-8179-a6690cb10e48,2025-10-28T08:36:54,Gustavo Nunes,gustavo.nunes50@gmail.com,Roberto Mendes,Paulo Henrique Santos,venda,Instagram - Casarão SP,CS-7044,2025-10-30T08:27:33,2025-10-30T10:07:48,,2025-12-09T10:07:48,Imóvel não atendeu expectativa,,usado
c647a347-f97c-4935-9b8c-00cf56607fba,2025-10-28T09:46:48,Mariana Gomes,mariana.gomes52@yahoo.com.br,Roberto Mendes,Roberto Mendes,locação,LinkedIn Ads - Alto Padrão,SL-1709,2025-10-29T11:43:06,2025-10-29T13:41:26,,2025-12-04T13:41:26,Negociação travou,,novo
9b613e67-3bcf-4bff-b777-dc4322cf3d03,2025-10-28T12:21:17,Amanda Castro,amanda.castro51@outlook.com,Paulo Henrique Santos,Paulo Henrique Santos,venda,Zap Imóveis,CS-3020,2025-10-28T14:57:41,2025-10-28T19:18:29,,2025-11-13T19:18:29,Mudou de cidade,,usado
176d97f7-8c35-469f-8916-e60083618756,2025-10-28T13:04:40,Gustavo Nunes,gustavo.nunes17@gmail.com,Fernanda Rodrigues,Fernanda Rodrigues,venda,LinkedIn Ads - Alto Padrão,CS-3210,2025-10-28T22:05:13,2025-10-29T01:28:16,2025-12-23T01:28:16,,,1288731.01,usado
83c71eee-a369-47a0-bf8c-ee52c464d806,2025-10-28T18:01:55,Monica Correia,monica.corr89@outlook.com,Marcos Oliveira,Juliana Costa,venda,Meta - Novos Empreendimentos,TE-1266,2025-10-30T04:32:30,2025-10-30T08:18:55,,2025-11-22T08:18:55,Desistiu da compra,,usado
e275629f-e338-4ef6-8500-3e88db4552fa,2025-10-28T20:27:57,Natalia Rocha,natalia.rocha93@yahoo.com.br,Camila Alves,Roberto Mendes,venda,Site Orgânico,SL-1850,2025-10-29T07:35:28,2025-10-29T11:27:06,2025-12-08T11:27:06,,,523283.12,usado
ad1a22e3-48c1-43a9-af1a-4e17b8233297,2025-10-28T21:58:30,Gustavo Nunes,gustavo.nunes98@hotmail.com,Paulo Henrique Santos,Carlos Eduardo Silva,locação,Jetimob - Portal,SL-9391,2025-10-30T08:34:02,2025-10-30T09:31:57,,,,,novo
e94a7262-cf4a-41a3-8d3c-5edffd214e78,2025-10-29T02:36:53,Gabriel Souza,gabriel.souza37@outlook.com,Juliana Costa,Juliana Costa,locação,OLX Imóveis,AP-9418,2025-10-30T04:01:19,2025-10-30T06:34:44,2025-11-14T06:34:44,,,4591.05,novo
7413a5ee-0d67-4062-b1df-9709e9c55f8f,2025-10-29T04:11:24,Felipe Ribeiro,felipe.ribeiro38@hotmail.com,Marcos Oliveira,Marcos Oliveira,locação,Google Ads - Apartamentos SP,CS-5579,2025-10-29T04:38:26,2025-10-29T08:26:45,,2025-11-21T08:26:45,Não respondeu,,novo
ab35d847-7e8c-4434-9445-88d1e819ee37,2025-10-29T07:52:53,Lucas Barbosa,lucas.barbosa61@gmail.com,Fernanda Rodrigues,Carlos Eduardo Silva,venda,Google Ads - Apartamentos SP,CS-9583,2025-10-30T14:35:08,2025-10-30T19:05:28,2025-12-04T19:05:28,,,2149079.46,usado
9e0ffb77-5b43-4d78-bc8f-d22fc637368c,2025-10-29T09:14:08,Monica Correia,monica.corr26@hotmail.com,Carlos Eduardo Silva,Carlos Eduardo Silva,venda,LinkedIn Ads - Alto Padrão,CS-4897,2025-10-30T04:23:41,2025-10-30T08:47:04,2025-11-08T08:47:04,,,1180269.91,usado
992946ad-a376-40f7-a35b-cadcdeaa1544,2025-10-29T09:21:58,Gustavo Nunes,gustavo.nunes20@hotmail.com,Fernanda Rodrigues,Fernanda Rodrigues,venda,Whatsapp - Indicação Direta,CO-9617,2025-10-31T00:55:51,2025-10-31T02:36:21,2025-11-04T02:36:21,,,1191408.69,usado
7e155232-c67f-49e8-a497-83b4a0e2173d,2025-10-29T17:05:03,Monica Correia,monica.corr12@yahoo.com.br,Juliana Costa,Juliana Costa,venda,Zap Imóveis,SL-4207,2025-10-30T08:32:49,2025-10-30T09:15:41,2025-12-11T09:15:41,,,334250.88,usado
a92ff558-ed7c-4715-bc9d-8059adc8ddf3,2025-10-29T17:10:22,Felipe Ribeiro,felipe.ribeiro59@outlook.com,Camila Alves,Roberto Mendes,venda,Google Ads - Apartamentos SP,TE-5620,2025-10-31T04:54:28,2025-10-31T10:21:47,2025-12-11T10:21:47,,,1445287.38,usado
4d3fddb2-0807-473a-8759-70389eab9b3b,2025-10-29T19:40:12,Gabriel Souza,gabriel.souza57@yahoo.com.br,Ana Paula Ferreira,Ana Paula Ferreira,venda,Google Ads - Apartamentos SP,TE-7672,2025-10-30T10:17:14,2025-10-30T15:00:42,,2025-11-26T15:00:42,Mudou de cidade,,novo
32113082-3339-43da-b3be-adbe49aba622,2025-10-29T22:46:13,Gabriel Souza,gabriel.souza56@gmail.com,Juliana Costa,Fernanda Rodrigues,venda,LinkedIn Ads - Alto Padrão,TE-4412,2025-10-31T02:45:43,2025-10-31T06:00:08,,2025-12-29T06:00:08,Comprou com outra imobiliária,,usado
fb30006b-39af-4549-bcd7-5cfae81c229b,2025-10-30T04:50:08,Isabela Nascimento,isabela.nasc77@yahoo.com.br,Fernanda Rodrigues,Carlos Eduardo Silva,venda,Instagram - Casarão SP,SL-1976,2025-10-30T06:27:45,2025-10-30T07:55:27,,2025-11-29T07:55:27,Comprou com outra imobiliária,,novo
54a028b3-502b-4e10-913c-c268a6d8eda5,2025-10-30T12:12:48,Natalia Rocha,natalia.rocha47@outlook.com,Paulo Henrique Santos,Paulo Henrique Santos,venda,OLX Imóveis,SL-6544,2025-10-31T17:03:18,2025-10-31T20:02:58,,2025-11-16T20:02:58,Negociação travou,,novo
00973e6e-5652-435d-8a7c-f6eea8ecd2d3,2025-10-30T13:23:17,Natalia Rocha,natalia.rocha41@outlook.com,Juliana Costa,Juliana Costa,locação,OLX Imóveis,CS-8764,2025-10-31T09:24:06,2025-10-31T11:00:01,,2025-11-25T11:00:01,Não respondeu,,novo
0fec8137-8e9f-4fd7-9fca-b9e2f3708fa2,2025-10-30T18:51:47,Julia Medeiros,julia.med80@gmail.com,Ana Paula Ferreira,Ana Paula Ferreira,locação,OLX Imóveis,CO-2528,2025-11-01T01:26:56,2025-11-01T02:49:44,,2025-12-23T02:49:44,Não respondeu,,novo
a88b7d96-fe11-4885-8470-74c37cf0903a,2025-10-30T21:59:03,Helena Freitas,helena.freitas45@yahoo.com.br,Juliana Costa,Juliana Costa,venda,LinkedIn Ads - Alto Padrão,CS-4407,2025-10-31T00:52:17,2025-10-31T01:32:56,,2025-12-07T01:32:56,Sem perfil para financiamento,,novo
34db7e6b-5e68-4a57-948d-fabb0ba0a85b,2025-10-31T11:50:42,Rafael Torres,rafael.torres19@hotmail.com,Fernanda Rodrigues,Fernanda Rodrigues,venda,Whatsapp - Indicação Direta,SL-8962,2025-11-02T03:50:21,2025-11-02T06:19:51,,2025-12-14T06:19:51,Mudou de cidade,,usado
883d36bf-7dac-4776-9934-be6d8a4ae029,2025-10-31T15:44:50,Lucas Barbosa,lucas.barbosa2@gmail.com,Carlos Eduardo Silva,Carlos Eduardo Silva,venda,Indicação - Cliente,AP-9131,2025-10-31T18:49:20,2025-10-31T21:37:37,,,,,usado
bb18a7b3-2a47-469d-adf9-c16a16f1840e,2025-10-31T17:10:06,Felipe Ribeiro,felipe.ribeiro8@yahoo.com.br,Marcos Oliveira,Camila Alves,venda,Instagram - Casarão SP,AP-8293,2025-11-01T08:18:10,2025-11-01T12:03:58,2026-01-12T12:03:58,,,671390.24,usado
c85a9b3b-43b9-4345-8d63-b6f71da69ada,2025-11-01T03:53:35,Rodrigo Cunha,rodrigo.cunha35@outlook.com,Paulo Henrique Santos,Paulo Henrique Santos,venda,Meta - Novos Empreendimentos,CO-1768,2025-11-01T04:07:19,2025-11-01T06:11:23,,2025-12-29T06:11:23,Preço acima do orçamento,,usado
5da1c01e-eeb6-4175-99cb-db4da28a7409,2025-11-01T07:25:05,Bruno Almeida,bruno.almeida64@outlook.com,Fernanda Rodrigues,Fernanda Rodrigues,locação,Instagram - Casarão SP,CO-8060,2025-11-01T10:01:24,2025-11-01T13:24:14,,2025-12-22T13:24:14,Mudou de cidade,,novo
c9dfbcb7-e25a-419d-b6a2-dc312afbb462,2025-11-01T07:58:57,Helena Freitas,helena.freitas61@gmail.com,Paulo Henrique Santos,Paulo Henrique Santos,venda,Meta - Novos Empreendimentos,TE-9569,2025-11-02T20:35:00,2025-11-03T01:28:23,,2025-11-12T01:28:23,Negociação travou,,novo
f512b5a6-08f1-489f-a334-4a9024d70b32,2025-11-01T08:24:52,Leandro Santana,leandro.sant78@hotmail.com,Carlos Eduardo Silva,Carlos Eduardo Silva,locação,Whatsapp - Indicação Direta,AP-8971,2025-11-01T22:48:22,2025-11-02T01:09:21,,2025-11-10T01:09:21,Negociação travou,,usado
5e99a4bb-62b6-479e-9cdb-4ad9b2931e0f,2025-11-01T10:03:36,Patricia Dias,patricia.dias26@gmail.com,Juliana Costa,Juliana Costa,venda,OLX Imóveis,SL-5028,2025-11-01T18:59:17,2025-11-01T23:39:33,,,,,novo
e3aeb7b0-755d-4df7-905c-0bda72b7db8d,2025-11-01T11:27:09,Nelson Xavier,nelson.xavier83@gmail.com,Fernanda Rodrigues,Paulo Henrique Santos,locação,Whatsapp - Indicação Direta,CS-8937,2025-11-01T18:03:11,2025-11-01T22:28:07,,,,,novo
faf8cc9c-7beb-47fc-b304-c14bb073371f,2025-11-01T11:40:20,Igor Pinto,igor.pinto69@yahoo.com.br,Ana Paula Ferreira,Camila Alves,locação,LinkedIn Ads - Alto Padrão,TE-8313,2025-11-01T22:53:26,2025-11-02T04:44:42,,,,,usado
adf5ca8d-053f-4038-97fd-01f35f889b87,2025-11-02T00:51:37,Helena Freitas,helena.freitas58@outlook.com,Marcos Oliveira,Marcos Oliveira,venda,Jetimob - Portal,SL-7836,2025-11-03T10:10:50,2025-11-03T15:00:43,,,,,usado
1fe051f1-d010-49b3-9ba6-baca46491c76,2025-11-02T08:00:23,Igor Pinto,igor.pinto60@outlook.com,Camila Alves,Marcos Oliveira,venda,Instagram - Casarão SP,CS-2175,2025-11-02T20:40:33,2025-11-03T00:07:37,2025-12-21T00:07:37,,,2369696.18,usado
103d54c7-d1f7-4aaa-afa8-69d76dd7e548,2025-11-02T08:43:03,Nelson Xavier,nelson.xavier34@yahoo.com.br,Fernanda Rodrigues,Fernanda Rodrigues,venda,Site Orgânico,SL-9738,2025-11-02T23:21:13,2025-11-03T04:39:23,,2025-12-25T04:39:23,Desistiu da compra,,usado
20df8bcb-b51b-4e4f-b7ee-777dd2fc458f,2025-11-02T10:51:05,Rodrigo Cunha,rodrigo.cunha90@outlook.com,Ana Paula Ferreira,Marcos Oliveira,locação,Instagram - Casarão SP,TE-8663,2025-11-03T06:41:18,2025-11-03T09:18:30,,2025-11-09T09:18:30,Desistiu da compra,,usado
b1ba7c00-ca59-43e9-9602-bcad744397e3,2025-11-02T11:57:39,Rafael Torres,rafael.torres30@gmail.com,Fernanda Rodrigues,Fernanda Rodrigues,venda,LinkedIn Ads - Alto Padrão,SL-6646,2025-11-03T03:51:21,2025-11-03T07:48:46,,,,,usado
9623a426-753a-4da9-90bc-7a29a1f888c5,2025-11-02T12:50:46,Fernanda Lopes,fernanda.lop80@hotmail.com,Carlos Eduardo Silva,Carlos Eduardo Silva,venda,Instagram - Casarão SP,CS-8266,2025-11-03T00:33:32,2025-11-03T03:21:18,2026-01-27T03:21:18,,,837620.3,usado
4132c89a-7028-4fee-b9df-e8c1b7cb9647,2025-11-02T15:44:18,Julia Medeiros,julia.med35@yahoo.com.br,Camila Alves,Camila Alves,venda,Zap Imóveis,TE-1601,2025-11-03T07:27:38,2025-11-03T11:56:58,,2025-12-24T11:56:58,Desistiu da compra,,usado
09954abb-ca1f-4446-803e-3b81682d2cd5,2025-11-02T16:50:02,Diego Martins,diego.martins52@yahoo.com.br,Paulo Henrique Santos,Paulo Henrique Santos,venda,Meta - Novos Empreendimentos,CS-4563,2025-11-03T18:11:13,2025-11-03T20:18:12,,2025-12-14T20:18:12,Preço acima do orçamento,,usado
5b0785ba-aeaa-44b6-ab96-72545786caf1,2025-11-02T20:20:27,Natalia Rocha,natalia.rocha2@yahoo.com.br,Camila Alves,Camila Alves,locação,Indicação - Cliente,CS-2640,2025-11-04T02:43:10,2025-11-04T06:58:01,,,,,novo
01b60c78-df07-43c1-8c84-a92eb9230e86,2025-11-03T17:57:15,Patricia Dias,patricia.dias10@hotmail.com,Juliana Costa,Juliana Costa,locação,OLX Imóveis,CS-3261,2025-11-05T12:25:56,2025-11-05T18:23:23,,,,,usado
67130b42-aa56-425c-8b74-f670a1caf2ef,2025-11-03T18:35:29,Julia Medeiros,julia.med27@yahoo.com.br,Fernanda Rodrigues,Fernanda Rodrigues,venda,Indicação - Cliente,CS-8344,2025-11-04T16:31:07,2025-11-04T19:09:43,2026-01-29T19:09:43,,,831987.34,usado
85f701cc-da1c-493b-9f4c-ba721bc8d5a2,2025-11-03T20:12:26,Amanda Castro,amanda.castro11@outlook.com,Marcos Oliveira,Marcos Oliveira,venda,Google Ads - Apartamentos SP,TE-2324,2025-11-04T00:47:55,2025-11-04T03:55:12,,,,,usado
526f14a9-897b-4d87-bca4-28c7b4af6e8a,2025-11-04T08:21:13,Eduardo Moreira,eduardo.mor43@hotmail.com,Marcos Oliveira,Marcos Oliveira,locação,LinkedIn Ads - Alto Padrão,CS-6114,2025-11-04T13:04:10,2025-11-04T17:39:44,,2025-12-05T17:39:44,Sem perfil para financiamento,,novo
01e46ec3-8623-43bc-8643-39805c560dce,2025-11-05T00:50:48,Amanda Castro,amanda.castro35@outlook.com,Ana Paula Ferreira,Ana Paula Ferreira,venda,Whatsapp - Indicação Direta,CS-2116,2025-11-05T20:23:02,2025-11-05T21:36:28,,2025-12-17T21:36:28,Preço acima do orçamento,,novo
d58ea7aa-f555-45f3-a8ce-d80362f4d02a,2025-11-05T02:38:52,Lucas Barbosa,lucas.barbosa4@outlook.com,Marcos Oliveira,Marcos Oliveira,venda,Google Ads - Apartamentos SP,AP-2359,2025-11-06T22:51:46,2025-11-06T23:58:28,2025-12-27T23:58:28,,,1127662.47,novo
356c2f21-6cb1-4aff-86ad-98dd886916fb,2025-11-05T03:27:15,Amanda Castro,amanda.castro37@hotmail.com,Juliana Costa,Roberto Mendes,venda,Whatsapp - Indicação Direta,CS-6402,2025-11-05T16:26:19,2025-11-05T18:48:31,,,,,novo
6c803b31-0007-4e1f-9065-e5959e0e9e1d,2025-11-05T10:53:33,Bruno Almeida,bruno.almeida62@gmail.com,Paulo Henrique Santos,Paulo Henrique Santos,venda,LinkedIn Ads - Alto Padrão,TE-7502,2025-11-05T13:00:22,2025-11-05T17:28:40,,,,,novo
3269fffa-f396-4688-9284-7e0f391d9ae7,2025-11-05T11:10:10,Rodrigo Cunha,rodrigo.cunha52@outlook.com,Marcos Oliveira,Marcos Oliveira,venda,LinkedIn Ads - Alto Padrão,SL-2560,2025-11-07T05:12:27,2025-11-07T07:45:54,2026-02-03T07:45:54,,,691306.55,novo
a3d09c8b-c1d1-4f22-b5c6-3e07585631fd,2025-11-05T13:27:56,Beatriz Lima,beatriz.lima71@hotmail.com,Roberto Mendes,Juliana Costa,venda,Instagram - Casarão SP,CS-8723,2025-11-06T10:42:59,2025-11-06T13:46:57,,2025-11-11T13:46:57,Não respondeu,,novo
b4980ce2-a359-443e-957d-d3017f13a9d7,2025-11-05T19:22:00,Diego Martins,diego.martins63@hotmail.com,Roberto Mendes,Fernanda Rodrigues,locação,Jetimob - Portal,CS-9011,2025-11-07T03:41:10,2025-11-07T05:54:47,,,,,usado
2390e443-355e-4ab8-b67a-5cf30bbc053b,2025-11-06T04:24:07,Isabela Nascimento,isabela.nasc43@outlook.com,Ana Paula Ferreira,Ana Paula Ferreira,locação,Site Orgânico,TE-7862,2025-11-06T14:00:58,2025-11-06T18:37:39,,2025-11-19T18:37:39,Sem perfil para financiamento,,novo
77a42a26-642f-4a0c-8fab-02041734161c,2025-11-06T12:17:17,Helena Freitas,helena.freitas34@hotmail.com,Roberto Mendes,Roberto Mendes,locação,Whatsapp - Indicação Direta,CS-4667,2025-11-07T19:36:17,2025-11-07T20:21:42,2025-12-03T20:21:42,,,913.72,usado
7bfe3129-3fb2-4105-b0df-72608cdb80f9,2025-11-06T15:08:05,Monica Correia,monica.corr72@hotmail.com,Camila Alves,Camila Alves,venda,Jetimob - Portal,SL-6672,2025-11-07T19:42:31,2025-11-07T22:58:30,,2025-12-03T22:58:30,Preço acima do orçamento,,usado
88a7a3e4-0c30-45b8-8946-860625089d87,2025-11-06T21:08:32,Julia Medeiros,julia.med26@outlook.com,Camila Alves,Camila Alves,locação,Indicação - Cliente,CS-2445,2025-11-07T08:55:26,2025-11-07T12:51:16,2025-11-12T12:51:16,,,2697.11,usado
03ecaa6c-0353-483b-a5e8-d4c6beadb140,2025-11-07T00:48:13,Amanda Castro,amanda.castro15@yahoo.com.br,Camila Alves,Camila Alves,venda,Google Ads - Apartamentos SP,AP-1609,2025-11-08T14:45:34,2025-11-08T18:52:23,,2025-12-17T18:52:23,Desistiu da compra,,novo
161943a6-31de-4965-8636-5acbf8af9eed,2025-11-07T06:39:58,Lucas Barbosa,lucas.barbosa76@hotmail.com,Juliana Costa,Juliana Costa,venda,Meta - Novos Empreendimentos,SL-2511,2025-11-09T02:59:35,2025-11-09T07:53:00,2026-01-20T07:53:00,,,960858.77,usado
8b091c47-42e8-4a76-a43a-d98177b69f9b,2025-11-07T07:43:33,Isabela Nascimento,isabela.nasc82@yahoo.com.br,Paulo Henrique Santos,Juliana Costa,locação,Google Ads - Apartamentos SP,CS-2501,2025-11-08T17:00:17,2025-11-08T21:59:59,,2025-12-02T21:59:59,Comprou com outra imobiliária,,usado
f1d7ec79-225c-4c84-a335-0e36be2f2594,2025-11-07T10:00:02,Rodrigo Cunha,rodrigo.cunha75@outlook.com,Juliana Costa,Juliana Costa,venda,Meta - Novos Empreendimentos,CO-1682,2025-11-08T02:02:36,2025-11-08T07:55:41,2025-12-05T07:55:41,,,437693.54,usado
8d58ee66-9327-4ead-8b4e-cc7a9633faed,2025-11-07T15:34:41,Felipe Ribeiro,felipe.ribeiro40@hotmail.com,Fernanda Rodrigues,Camila Alves,locação,Jetimob - Portal,AP-8740,2025-11-08T02:34:56,2025-11-08T04:03:21,,2025-12-05T04:03:21,Negociação travou,,usado
53a5909a-87d6-4e13-a29a-a5f16e595a9c,2025-11-07T16:48:00,Bruno Almeida,bruno.almeida69@yahoo.com.br,Paulo Henrique Santos,Paulo Henrique Santos,locação,Google Ads - Apartamentos SP,CS-7183,2025-11-07T17:02:35,2025-11-07T19:04:25,2026-02-05T19:04:25,,,3963.29,usado
d06e419b-e0e7-4822-bdfa-3b4a56ce9af8,2025-11-08T02:01:13,Mariana Gomes,mariana.gomes76@gmail.com,Carlos Eduardo Silva,Carlos Eduardo Silva,venda,Whatsapp - Indicação Direta,CO-4940,2025-11-09T22:19:46,2025-11-10T02:07:00,,,,,novo
3067fc69-5817-4611-8958-18dcc2fdfc2a,2025-11-08T02:08:54,Mariana Gomes,mariana.gomes57@gmail.com,Roberto Mendes,Roberto Mendes,venda,Indicação - Cliente,TE-3274,2025-11-08T16:42:56,2025-11-08T19:27:20,,2025-12-28T19:27:20,Comprou com outra imobiliária,,usado
8e43b411-b873-48b3-b6ca-4cb174c8192a,2025-11-08T06:49:09,Nelson Xavier,nelson.xavier58@outlook.com,Marcos Oliveira,Marcos Oliveira,venda,Zap Imóveis,CS-3963,2025-11-08T20:20:20,2025-11-09T01:55:26,2025-11-24T01:55:26,,,1451009.07,novo
8f0176f5-7deb-40be-9455-b5bd8a32d001,2025-11-08T15:06:02,Leandro Santana,leandro.sant15@hotmail.com,Fernanda Rodrigues,Fernanda Rodrigues,locação,Site Orgânico,TE-7950,2025-11-09T03:10:29,2025-11-09T09:09:54,,,,,usado
bb10ebf5-44bc-437a-9c75-315adca73b6c,2025-11-08T18:04:57,Julia Medeiros,julia.med24@gmail.com,Ana Paula Ferreira,Carlos Eduardo Silva,venda,Zap Imóveis,AP-9965,2025-11-08T22:57:41,2025-11-09T04:34:03,,2025-12-14T04:34:03,Mudou de cidade,,usado
0cd6433f-e5a5-4728-9c32-4a968176fdcc,2025-11-08T21:10:57,Igor Pinto,igor.pinto62@gmail.com,Fernanda Rodrigues,Fernanda Rodrigues,venda,Site Orgânico,SL-8816,2025-11-10T02:42:26,2025-11-10T06:38:27,2025-12-03T06:38:27,,,1030657.67,usado
5e1a3ba7-f518-4acc-82e1-f6d54c6e5dfc,2025-11-08T22:38:32,Natalia Rocha,natalia.rocha59@hotmail.com,Marcos Oliveira,Marcos Oliveira,venda,OLX Imóveis,CS-6635,2025-11-09T23:49:16,2025-11-10T03:02:55,,2025-12-16T03:02:55,Imóvel não atendeu expectativa,,novo
be1b48c3-54ef-47b5-8a3d-133b74077df8,2025-11-09T01:46:51,Beatriz Lima,beatriz.lima68@hotmail.com,Marcos Oliveira,Marcos Oliveira,venda,Jetimob - Portal,CO-3746,2025-11-09T23:09:01,2025-11-10T01:18:12,,2025-11-27T01:18:12,Mudou de cidade,,novo
bc65073e-4bae-41b3-b914-993c45adeab6,2025-11-09T06:32:53,Fernanda Lopes,fernanda.lop54@hotmail.com,Roberto Mendes,Roberto Mendes,venda,LinkedIn Ads - Alto Padrão,SL-7588,2025-11-10T00:53:57,2025-11-10T04:47:59,,,,,novo
42a34d11-2166-4e33-8dce-143a36790045,2025-11-09T11:54:12,Igor Pinto,igor.pinto41@hotmail.com,Carlos Eduardo Silva,Roberto Mendes,locação,OLX Imóveis,SL-7276,2025-11-11T05:08:14,2025-11-11T06:25:25,,2026-01-06T06:25:25,Mudou de cidade,,usado
82acfd01-d8c5-42c0-9bfd-0f912361d2d0,2025-11-09T16:29:54,Rodrigo Cunha,rodrigo.cunha65@hotmail.com,Fernanda Rodrigues,Roberto Mendes,locação,Zap Imóveis,SL-4563,2025-11-09T17:32:15,2025-11-09T20:46:18,,2025-11-30T20:46:18,Comprou com outra imobiliária,,usado
368eeaf4-53ee-4719-b3ce-351185d8c2c0,2025-11-09T21:14:46,Eduardo Moreira,eduardo.mor8@yahoo.com.br,Marcos Oliveira,Marcos Oliveira,venda,OLX Imóveis,AP-6406,2025-11-10T09:28:57,2025-11-10T14:25:58,,,,,novo
763863ac-68f9-4b85-add7-d6294c403ad2,2025-11-10T14:36:14,Julia Medeiros,julia.med39@gmail.com,Carlos Eduardo Silva,Carlos Eduardo Silva,venda,Google Ads - Apartamentos SP,TE-5593,2025-11-11T09:47:25,2025-11-11T13:39:58,,2026-01-05T13:39:58,Mudou de cidade,,novo
5d8328e6-8d3b-470b-8843-f2d4de8fb9cd,2025-11-10T16:13:29,Leandro Santana,leandro.sant62@outlook.com,Juliana Costa,Juliana Costa,venda,Indicação - Cliente,CO-7257,2025-11-10T22:21:17,2025-11-11T00:17:39,2025-11-18T00:17:39,,,585785.56,usado
aa645182-e786-4b53-9807-b0460a05992b,2025-11-10T19:14:55,Rafael Torres,rafael.torres73@outlook.com,Carlos Eduardo Silva,Paulo Henrique Santos,locação,Google Ads - Apartamentos SP,AP-5015,2025-11-12T09:54:03,2025-11-12T14:02:38,,2026-01-06T14:02:38,Mudou de cidade,,usado
dd86ddc1-d5f8-4ca2-8d54-e28bfbc21192,2025-11-11T00:16:32,Camila Teixeira,camila.teix82@yahoo.com.br,Camila Alves,Camila Alves,venda,OLX Imóveis,SL-6307,2025-11-11T23:20:59,2025-11-12T01:19:41,,2025-12-03T01:19:41,Negociação travou,,usado
ee0ae2b7-e944-4004-92a2-c65bf158c61f,2025-11-11T01:53:45,Amanda Castro,amanda.castro23@gmail.com,Roberto Mendes,Roberto Mendes,venda,Instagram - Casarão SP,AP-9826,2025-11-12T17:13:21,2025-11-12T18:35:15,2025-12-29T18:35:15,,,1209092.19,novo
d74d8e43-15a3-4bb8-b342-7bde0c655a27,2025-11-11T02:14:11,Beatriz Lima,beatriz.lima68@outlook.com,Camila Alves,Camila Alves,venda,Indicação - Cliente,SL-5951,2025-11-12T06:37:56,2025-11-12T08:49:26,,2025-11-16T08:49:26,Mudou de cidade,,novo
a38d1392-6a1f-417c-8bb9-c0d39548536d,2025-11-11T11:18:36,Camila Teixeira,camila.teix66@gmail.com,Camila Alves,Camila Alves,locação,Indicação - Cliente,TE-9891,2025-11-12T07:00:32,2025-11-12T08:48:29,,2026-01-09T08:48:29,Imóvel não atendeu expectativa,,usado
1539c360-0ea6-444c-80f8-70defbee3068,2025-11-11T23:11:54,Isabela Nascimento,isabela.nasc66@hotmail.com,Roberto Mendes,Paulo Henrique Santos,venda,OLX Imóveis,AP-7725,2025-11-12T02:51:49,2025-11-12T07:02:47,,2025-12-06T07:02:47,Mudou de cidade,,novo
00f8ce74-ff9c-48e4-a6f1-d4cd3b57d9e2,2025-11-12T00:11:26,Diego Martins,diego.martins28@yahoo.com.br,Fernanda Rodrigues,Fernanda Rodrigues,venda,OLX Imóveis,CS-2542,2025-11-13T23:17:01,2025-11-14T01:47:58,,2026-01-06T01:47:58,Comprou com outra imobiliária,,novo
280e4071-4cc2-4922-b7ef-32dd2944a003,2025-11-12T02:53:35,Gabriel Souza,gabriel.souza16@outlook.com,Juliana Costa,Juliana Costa,venda,Site Orgânico,SL-5047,2025-11-13T07:52:57,2025-11-13T12:29:08,,,,,novo
a4350974-5c9f-43df-ad3a-2b24367f741c,2025-11-12T07:08:30,Lucas Barbosa,lucas.barbosa27@outlook.com,Carlos Eduardo Silva,Carlos Eduardo Silva,venda,Zap Imóveis,CO-3204,2025-11-13T06:48:54,2025-11-13T10:06:45,,2025-12-30T10:06:45,Mudou de cidade,,novo
ac8bf6bd-8b51-468c-b834-156aa59e988a,2025-11-12T07:32:58,Monica Correia,monica.corr8@yahoo.com.br,Marcos Oliveira,Marcos Oliveira,locação,Whatsapp - Indicação Direta,TE-9844,2025-11-14T03:26:53,2025-11-14T07:49:10,,2025-11-29T07:49:10,Não respondeu,,novo
4bb33ae3-155f-406a-8979-ebafc26cfe30,2025-11-12T17:13:25,Julia Medeiros,julia.med46@gmail.com,Roberto Mendes,Roberto Mendes,venda,Whatsapp - Indicação Direta,TE-4647,2025-11-14T08:42:19,2025-11-14T10:39:15,,2025-12-17T10:39:15,Desistiu da compra,,usado
904c32ee-5a7e-4764-a5ca-5a6f73627097,2025-11-12T22:05:59,Igor Pinto,igor.pinto45@outlook.com,Ana Paula Ferreira,Ana Paula Ferreira,venda,Instagram - Casarão SP,SL-6206,2025-11-14T21:32:02,2025-11-14T22:03:59,,,,,novo
670df2c1-fc41-41fd-b5c9-4a2b4b07962b,2025-11-13T03:53:52,Monica Correia,monica.corr66@yahoo.com.br,Marcos Oliveira,Marcos Oliveira,locação,Meta - Novos Empreendimentos,SL-7258,2025-11-13T05:20:03,2025-11-13T06:14:38,,2025-11-29T06:14:38,Desistiu da compra,,usado
c89b5dfd-6c32-4cc6-bf51-c97a2c4af038,2025-11-13T05:32:50,Gabriel Souza,gabriel.souza26@yahoo.com.br,Paulo Henrique Santos,Paulo Henrique Santos,locação,Site Orgânico,CO-4284,2025-11-15T04:59:36,2025-11-15T10:21:05,,,,,novo
7a055635-679e-4e7c-b024-542061d41b8c,2025-11-13T07:35:54,Monica Correia,monica.corr89@gmail.com,Paulo Henrique Santos,Paulo Henrique Santos,venda,Zap Imóveis,CO-2745,2025-11-14T20:20:15,2025-11-14T22:56:12,,,,,novo
572e2cc4-27ff-4e1d-a14c-5a612325e123,2025-11-13T10:51:30,Igor Pinto,igor.pinto11@yahoo.com.br,Paulo Henrique Santos,Fernanda Rodrigues,venda,Site Orgânico,TE-9810,2025-11-14T09:10:27,2025-11-14T12:52:07,2025-12-27T12:52:07,,,801813.97,usado
2a458532-14e2-4062-896d-34c8f9f3183e,2025-11-13T11:59:15,Larissa Pereira,larissa.pereira51@outlook.com,Camila Alves,Paulo Henrique Santos,venda,Zap Imóveis,AP-6549,2025-11-14T12:17:08,2025-11-14T17:58:33,,2025-12-09T17:58:33,Negociação travou,,novo
9fb6e0cb-1da6-47cc-82b1-85ed0a44a5a9,2025-11-13T13:03:53,Isabela Nascimento,isabela.nasc58@gmail.com,Marcos Oliveira,Marcos Oliveira,venda,LinkedIn Ads - Alto Padrão,CO-3835,2025-11-14T07:45:21,2025-11-14T13:26:36,,2025-12-05T13:26:36,Preço acima do orçamento,,usado
5f7e89a3-63b5-4d01-8029-07588e9ca8f6,2025-11-13T23:03:43,Fernanda Lopes,fernanda.lop32@hotmail.com,Juliana Costa,Juliana Costa,locação,Indicação - Cliente,AP-5419,2025-11-15T19:21:03,2025-11-15T22:32:10,,,,,novo
05aac3ef-1611-449e-8b85-397e567e82b2,2025-11-14T08:07:35,Thiago Carvalho,thiago.carvalho66@hotmail.com,Ana Paula Ferreira,Juliana Costa,venda,LinkedIn Ads - Alto Padrão,CS-5542,2025-11-16T03:14:51,2025-11-16T07:28:59,2025-12-18T07:28:59,,,2288650.39,novo
6aa1327e-1dee-4d26-9150-45fc7ed48c89,2025-11-14T15:06:01,Natalia Rocha,natalia.rocha98@yahoo.com.br,Camila Alves,Camila Alves,venda,Zap Imóveis,CO-3403,2025-11-16T02:59:55,2025-11-16T04:41:04,,2025-12-05T04:41:04,Desistiu da compra,,novo
eac7b670-2c6f-434a-a631-d76a01245c9c,2025-11-15T09:15:22,Beatriz Lima,beatriz.lima40@outlook.com,Roberto Mendes,Roberto Mendes,venda,Meta - Novos Empreendimentos,TE-1914,2025-11-16T03:49:25,2025-11-16T04:44:31,,,,,usado
dca3171d-8533-4e48-98cd-59ce059cd367,2025-11-15T16:16:16,Thiago Carvalho,thiago.carvalho58@yahoo.com.br,Carlos Eduardo Silva,Carlos Eduardo Silva,venda,LinkedIn Ads - Alto Padrão,CS-5812,2025-11-17T12:26:00,2025-11-17T14:36:51,,2025-12-29T14:36:51,Comprou com outra imobiliária,,usado
4a223771-164a-4a83-95e0-af1286dbf9c3,2025-11-16T23:10:45,Leandro Santana,leandro.sant56@gmail.com,Ana Paula Ferreira,Ana Paula Ferreira,venda,OLX Imóveis,CO-9476,2025-11-17T03:21:34,2025-11-17T07:00:06,,,,,usado
60f55ff6-bef3-4a13-a4e4-fcb6194c6712,2025-11-17T04:11:40,Fernanda Lopes,fernanda.lop71@gmail.com,Camila Alves,Camila Alves,venda,OLX Imóveis,TE-6244,2025-11-17T20:08:00,2025-11-17T23:07:52,2026-02-10T23:07:52,,,1145943.28,usado
d80236d6-34a4-4540-8a0b-723d5aa9538d,2025-11-17T06:20:33,Isabela Nascimento,isabela.nasc87@outlook.com,Fernanda Rodrigues,Paulo Henrique Santos,venda,Google Ads - Apartamentos SP,CO-3098,2025-11-17T16:42:43,2025-11-17T21:29:49,,,,,novo
77057d4e-b2dd-4297-8f5a-f5bf417de42c,2025-11-17T19:05:15,Rafael Torres,rafael.torres71@hotmail.com,Camila Alves,Camila Alves,venda,Indicação - Cliente,AP-1763,2025-11-18T17:22:46,2025-11-18T22:31:43,,2025-12-28T22:31:43,Negociação travou,,usado
0bedcf8d-3d8f-411c-accc-b5c382e36d27,2025-11-17T22:13:36,Helena Freitas,helena.freitas5@hotmail.com,Ana Paula Ferreira,Ana Paula Ferreira,venda,Google Ads - Apartamentos SP,SL-2360,2025-11-19T14:57:57,2025-11-19T19:04:29,,,,,usado
007a7dc7-e845-4c02-a96f-50518564835b,2025-11-18T06:05:58,Rodrigo Cunha,rodrigo.cunha96@hotmail.com,Camila Alves,Camila Alves,locação,Google Ads - Apartamentos SP,CO-4905,2025-11-18T12:25:38,2025-11-18T16:12:40,2026-02-13T16:12:40,,,4957.46,usado
8f91b09f-0b7a-4594-a860-bda3bf09d81b,2025-11-18T11:29:07,Amanda Castro,amanda.castro92@outlook.com,Paulo Henrique Santos,Paulo Henrique Santos,venda,Jetimob - Portal,TE-7361,2025-11-19T09:37:29,2025-11-19T13:30:41,2025-11-27T13:30:41,,,1008931.58,novo
f9a91657-ec58-4383-bfe3-6e3ba3fb8076,2025-11-18T14:36:19,Rafael Torres,rafael.torres19@outlook.com,Paulo Henrique Santos,Fernanda Rodrigues,venda,OLX Imóveis,TE-9990,2025-11-20T11:25:22,2025-11-20T17:01:34,2026-01-20T17:01:34,,,862823.48,usado
c0700b0b-b4cf-4d24-84c5-197a3c34afae,2025-11-18T18:38:09,Thiago Carvalho,thiago.carvalho36@yahoo.com.br,Paulo Henrique Santos,Paulo Henrique Santos,venda,Instagram - Casarão SP,CO-8351,2025-11-19T19:11:58,2025-11-19T23:54:08,,2025-12-21T23:54:08,Preço acima do orçamento,,usado
e11a1ee1-1080-47cb-b8fe-ccc8a6107e8d,2025-11-18T20:23:43,Eduardo Moreira,eduardo.mor98@gmail.com,Paulo Henrique Santos,Paulo Henrique Santos,venda,Whatsapp - Indicação Direta,TE-8912,2025-11-20T01:04:17,2025-11-20T01:47:49,,2025-11-28T01:47:49,Não respondeu,,usado
a7131cc1-5c1d-45d3-8d57-732f6ede8af8,2025-11-19T10:37:28,Igor Pinto,igor.pinto24@yahoo.com.br,Marcos Oliveira,Marcos Oliveira,locação,LinkedIn Ads - Alto Padrão,AP-1084,2025-11-21T09:41:19,2025-11-21T12:27:14,,2025-11-25T12:27:14,Sem perfil para financiamento,,novo
f467274e-f454-491c-bbaa-2e8efc4af89d,2025-11-19T11:04:54,Helena Freitas,helena.freitas64@yahoo.com.br,Marcos Oliveira,Fernanda Rodrigues,venda,Instagram - Casarão SP,CS-5673,2025-11-19T17:48:28,2025-11-19T20:15:20,2026-01-19T20:15:20,,,1497332.18,usado
ddce40e3-6bb7-40da-a290-31b2ffbf57a1,2025-11-19T17:42:27,Gabriel Souza,gabriel.souza36@gmail.com,Ana Paula Ferreira,Ana Paula Ferreira,venda,Meta - Novos Empreendimentos,SL-6603,2025-11-20T12:53:13,2025-11-20T13:58:51,,2025-12-11T13:58:51,Negociação travou,,novo
14891d7e-74be-4277-b32a-4c97d0b8fe59,2025-11-20T00:09:25,Igor Pinto,igor.pinto62@hotmail.com,Marcos Oliveira,Marcos Oliveira,venda,Google Ads - Apartamentos SP,CS-1689,2025-11-20T05:11:45,2025-11-20T07:54:50,,,,,usado
57f6e983-82ea-415a-96fe-c385f96bdd6e,2025-11-20T04:16:12,Monica Correia,monica.corr83@outlook.com,Fernanda Rodrigues,Fernanda Rodrigues,locação,Meta - Novos Empreendimentos,AP-5686,2025-11-20T19:17:38,2025-11-20T19:54:46,2025-12-24T19:54:46,,,3177.93,usado
56d59200-c183-48b2-b178-9ff0c740fd36,2025-11-20T06:29:35,Natalia Rocha,natalia.rocha92@outlook.com,Paulo Henrique Santos,Paulo Henrique Santos,locação,Indicação - Cliente,CS-8010,2025-11-21T21:14:19,2025-11-22T01:03:44,,2025-12-26T01:03:44,Mudou de cidade,,novo
e151f36f-7617-4945-a3f6-e0250eba25b1,2025-11-20T13:04:39,Eduardo Moreira,eduardo.mor55@outlook.com,Paulo Henrique Santos,Paulo Henrique Santos,venda,Whatsapp - Indicação Direta,CS-1956,2025-11-21T17:28:44,2025-11-21T21:26:12,,2025-12-19T21:26:12,Negociação travou,,novo
e9e8aa66-e8e4-4986-abea-94888fd82119,2025-11-21T17:01:32,Patricia Dias,patricia.dias47@yahoo.com.br,Fernanda Rodrigues,Ana Paula Ferreira,locação,Meta - Novos Empreendimentos,TE-7969,2025-11-22T18:09:43,2025-11-22T19:32:10,2026-01-30T19:32:10,,,4756.35,usado
7a58f56d-184f-42d1-8a1a-0b64669dcbec,2025-11-21T19:04:07,Isabela Nascimento,isabela.nasc99@gmail.com,Paulo Henrique Santos,Paulo Henrique Santos,locação,Site Orgânico,TE-7082,2025-11-22T11:46:28,2025-11-22T13:50:12,,2025-12-19T13:50:12,Negociação travou,,novo
e062669a-6e6f-486c-bc47-d877126b9c77,2025-11-22T12:07:29,Helena Freitas,helena.freitas58@gmail.com,Juliana Costa,Juliana Costa,venda,Whatsapp - Indicação Direta,AP-6249,2025-11-23T14:56:40,2025-11-23T17:06:30,,2026-01-01T17:06:30,Mudou de cidade,,usado
6ba79a38-401b-4496-bb7d-710d1c069807,2025-11-22T12:16:30,Monica Correia,monica.corr29@outlook.com,Ana Paula Ferreira,Ana Paula Ferreira,locação,Indicação - Cliente,CO-7202,2025-11-23T14:06:09,2025-11-23T17:38:50,,2025-12-15T17:38:50,Comprou com outra imobiliária,,novo
71046f31-fabf-4403-80ff-22b4ca7c33a1,2025-11-22T19:23:07,Isabela Nascimento,isabela.nasc48@gmail.com,Fernanda Rodrigues,Fernanda Rodrigues,venda,Jetimob - Portal,TE-9597,2025-11-24T10:54:53,2025-11-24T11:40:14,,2025-12-08T11:40:14,Sem perfil para financiamento,,usado
c9d1603f-a4e3-436a-877b-d9553e91ad46,2025-11-22T21:18:56,Nelson Xavier,nelson.xavier24@outlook.com,Carlos Eduardo Silva,Paulo Henrique Santos,venda,Google Ads - Apartamentos SP,SL-6886,2025-11-24T02:31:34,2025-11-24T06:00:49,2025-12-05T06:00:49,,,947693.14,usado
4797b4e7-ec5b-4558-be4f-474f71d94143,2025-11-23T03:37:39,Beatriz Lima,beatriz.lima85@yahoo.com.br,Ana Paula Ferreira,Carlos Eduardo Silva,venda,Jetimob - Portal,AP-2865,2025-11-24T05:55:59,2025-11-24T11:32:01,2026-02-15T11:32:01,,,1090288.31,novo
69baed64-8d62-466f-8d1e-6fbb06655d27,2025-11-23T04:44:11,Igor Pinto,igor.pinto19@gmail.com,Paulo Henrique Santos,Juliana Costa,venda,Meta - Novos Empreendimentos,SL-5313,2025-11-23T14:13:59,2025-11-23T16:57:23,2025-12-20T16:57:23,,,1247299.43,novo
42a51e23-ad71-49f6-b2d0-6218695f3922,2025-11-23T13:42:05,Gustavo Nunes,gustavo.nunes33@gmail.com,Camila Alves,Fernanda Rodrigues,venda,LinkedIn Ads - Alto Padrão,SL-5955,2025-11-23T22:48:19,2025-11-24T02:38:12,,2025-11-26T02:38:12,Comprou com outra imobiliária,,usado
e0452c3b-b0cd-4e81-b0c1-665cddc125eb,2025-11-23T18:51:25,Larissa Pereira,larissa.pereira58@outlook.com,Roberto Mendes,Roberto Mendes,venda,Zap Imóveis,CO-5632,2025-11-24T05:39:06,2025-11-24T10:08:10,,,,,novo
e278b39c-b8a4-4179-983d-db3f0962048d,2025-11-24T12:32:23,Monica Correia,monica.corr85@hotmail.com,Fernanda Rodrigues,Fernanda Rodrigues,locação,Indicação - Cliente,CO-9102,2025-11-26T04:23:25,2025-11-26T07:44:14,2025-12-02T07:44:14,,,4276.0,novo
15b6e609-6128-4c85-a4f2-2541904c10f1,2025-11-24T17:27:33,Helena Freitas,helena.freitas2@hotmail.com,Paulo Henrique Santos,Paulo Henrique Santos,venda,LinkedIn Ads - Alto Padrão,TE-7687,2025-11-25T11:36:55,2025-11-25T17:32:03,,,,,novo
c6c9c057-f2dc-41b3-a794-3d26e6986275,2025-11-24T21:56:41,Fernanda Lopes,fernanda.lop18@gmail.com,Fernanda Rodrigues,Fernanda Rodrigues,venda,LinkedIn Ads - Alto Padrão,CS-8107,2025-11-26T14:05:11,2025-11-26T16:40:39,2025-12-23T16:40:39,,,2219368.06,novo
3f6cf010-229e-4dd9-be0e-66bd92ea547d,2025-11-24T22:33:00,Eduardo Moreira,eduardo.mor21@yahoo.com.br,Camila Alves,Camila Alves,locação,Meta - Novos Empreendimentos,SL-3580,2025-11-25T16:00:13,2025-11-25T18:45:05,,2025-12-03T18:45:05,Negociação travou,,usado
1999649e-590f-4e02-ad97-f6a37d9cfaef,2025-11-25T19:01:48,Beatriz Lima,beatriz.lima56@gmail.com,Marcos Oliveira,Paulo Henrique Santos,venda,Instagram - Casarão SP,SL-3386,2025-11-26T07:04:37,2025-11-26T11:38:01,,2025-12-13T11:38:01,Preço acima do orçamento,,usado
06d729a7-cdd1-4d8d-b862-cfbf2fcf080e,2025-11-25T20:23:12,Larissa Pereira,larissa.pereira89@outlook.com,Carlos Eduardo Silva,Carlos Eduardo Silva,venda,Jetimob - Portal,CS-9458,2025-11-26T06:39:41,2025-11-26T08:47:40,,2026-01-04T08:47:40,Comprou com outra imobiliária,,novo
66e1dc31-e99a-4012-80ed-608518b0bea3,2025-11-26T01:56:48,Natalia Rocha,natalia.rocha98@hotmail.com,Fernanda Rodrigues,Fernanda Rodrigues,locação,LinkedIn Ads - Alto Padrão,AP-5075,2025-11-27T21:21:46,2025-11-28T02:40:04,,2025-12-19T02:40:04,Desistiu da compra,,usado
89a42593-4440-4151-b7ad-283e29d3d661,2025-11-26T14:16:15,Leandro Santana,leandro.sant73@yahoo.com.br,Carlos Eduardo Silva,Fernanda Rodrigues,locação,Whatsapp - Indicação Direta,CO-2637,2025-11-26T18:16:19,2025-11-26T21:26:40,2025-12-03T21:26:40,,,2610.88,usado
1d5fffc8-f5e6-4bd3-90a6-ff4d38f0d917,2025-11-26T16:07:37,Fernanda Lopes,fernanda.lop25@yahoo.com.br,Paulo Henrique Santos,Paulo Henrique Santos,venda,OLX Imóveis,TE-6291,2025-11-28T07:07:21,2025-11-28T12:20:25,,2025-12-08T12:20:25,Preço acima do orçamento,,usado
f768f5ae-674a-4c55-b9fe-da430118d9f8,2025-11-26T17:55:56,Igor Pinto,igor.pinto18@gmail.com,Paulo Henrique Santos,Paulo Henrique Santos,locação,Instagram - Casarão SP,SL-3410,2025-11-28T11:03:50,2025-11-28T15:58:18,,,,,usado
05106132-6398-4780-8adc-b5a7b7f90526,2025-11-26T18:56:56,Nelson Xavier,nelson.xavier54@outlook.com,Ana Paula Ferreira,Ana Paula Ferreira,locação,Whatsapp - Indicação Direta,TE-7538,2025-11-26T23:12:17,2025-11-27T00:15:53,,,,,usado
9f6f8c71-80d0-4d34-b03a-b678f046dbef,2025-11-26T21:49:35,Fernanda Lopes,fernanda.lop73@hotmail.com,Camila Alves,Camila Alves,venda,Site Orgânico,TE-8836,2025-11-27T02:35:30,2025-11-27T04:16:18,2026-01-05T04:16:18,,,1813361.39,novo
22177230-2383-428f-a703-e0e807b623dd,2025-11-27T03:21:36,Natalia Rocha,natalia.rocha95@gmail.com,Paulo Henrique Santos,Paulo Henrique Santos,venda,Whatsapp - Indicação Direta,SL-4621,2025-11-27T22:19:30,2025-11-27T22:52:05,,2026-01-22T22:52:05,Mudou de cidade,,novo
8924d88a-31dc-4470-80c9-51e992559c4d,2025-11-27T10:16:28,Monica Correia,monica.corr69@hotmail.com,Paulo Henrique Santos,Paulo Henrique Santos,venda,Jetimob - Portal,CS-1469,2025-11-29T08:26:30,2025-11-29T12:25:52,,,,,usado
052dd2b4-4c81-4f2a-996e-5a673dbb2b94,2025-11-27T11:49:01,Nelson Xavier,nelson.xavier99@outlook.com,Camila Alves,Camila Alves,venda,Instagram - Casarão SP,CS-3694,2025-11-28T02:07:15,2025-11-28T06:44:58,2025-12-25T06:44:58,,,2485843.03,novo
78e32184-97d7-42ec-9a7d-5ea34998548a,2025-11-27T14:41:54,Larissa Pereira,larissa.pereira69@outlook.com,Fernanda Rodrigues,Ana Paula Ferreira,venda,Jetimob - Portal,TE-8268,2025-11-27T22:41:44,2025-11-27T23:18:08,,,,,novo
7d75acec-2c85-4efb-bc8e-8feb40cdbfd1,2025-11-27T19:57:24,Rodrigo Cunha,rodrigo.cunha10@yahoo.com.br,Marcos Oliveira,Marcos Oliveira,venda,OLX Imóveis,AP-9276,2025-11-29T00:27:16,2025-11-29T01:33:21,2026-01-07T01:33:21,,,1277385.54,novo
f1801337-4a9e-45f6-84f5-f42610dc602f,2025-11-28T01:05:11,Larissa Pereira,larissa.pereira18@yahoo.com.br,Marcos Oliveira,Marcos Oliveira,venda,Whatsapp - Indicação Direta,SL-9284,2025-11-30T00:46:25,2025-11-30T01:52:40,,2026-01-14T01:52:40,Mudou de cidade,,usado
b1950c59-37ba-4e9a-82d6-fe4bfa08098d,2025-11-28T04:54:51,Diego Martins,diego.martins17@hotmail.com,Paulo Henrique Santos,Paulo Henrique Santos,venda,Meta - Novos Empreendimentos,SL-5874,2025-11-29T14:28:02,2025-11-29T20:04:55,2026-02-18T20:04:55,,,1133453.78,novo
77f1ccf2-14ef-4a33-90b1-f83de45532d4,2025-11-28T05:58:51,Mariana Gomes,mariana.gomes73@hotmail.com,Fernanda Rodrigues,Fernanda Rodrigues,venda,Meta - Novos Empreendimentos,TE-5096,2025-11-29T12:01:25,2025-11-29T15:30:12,,,,,novo
5021256e-59ca-4ab8-8871-cf70beeb2108,2025-11-28T06:34:22,Mariana Gomes,mariana.gomes49@yahoo.com.br,Paulo Henrique Santos,Paulo Henrique Santos,venda,Site Orgânico,SL-8141,2025-11-30T04:24:47,2025-11-30T09:20:16,,,,,usado
d88560c1-341f-459f-b266-d68fc8d4f378,2025-11-28T08:00:26,Julia Medeiros,julia.med76@hotmail.com,Juliana Costa,Juliana Costa,locação,LinkedIn Ads - Alto Padrão,CO-9433,2025-11-29T05:42:26,2025-11-29T07:14:14,,,,,usado
995a0962-6d29-469a-b2b7-12247010a774,2025-11-28T09:24:36,Leandro Santana,leandro.sant85@hotmail.com,Camila Alves,Camila Alves,venda,Site Orgânico,CS-1618,2025-11-29T01:23:07,2025-11-29T03:54:39,,2025-12-19T03:54:39,Comprou com outra imobiliária,,novo
f29f7409-05ee-4a90-b3e9-372b47be2fe4,2025-11-28T15:27:27,Nelson Xavier,nelson.xavier44@hotmail.com,Juliana Costa,Juliana Costa,venda,Instagram - Casarão SP,TE-9871,2025-11-29T23:47:32,2025-11-30T01:38:14,,,,,novo
2a310fcc-442d-46d6-82bf-dc6be5108ec0,2025-11-28T17:10:30,Thiago Carvalho,thiago.carvalho26@gmail.com,Carlos Eduardo Silva,Carlos Eduardo Silva,venda,Jetimob - Portal,CS-8569,2025-11-29T13:52:18,2025-11-29T17:27:10,,2025-12-16T17:27:10,Imóvel não atendeu expectativa,,novo
fce3bad4-3c83-4a33-be26-da53e16f341c,2025-11-28T17:39:04,Rafael Torres,rafael.torres44@yahoo.com.br,Ana Paula Ferreira,Juliana Costa,locação,Site Orgânico,AP-8001,2025-11-28T21:44:42,2025-11-28T22:32:23,,2025-12-13T22:32:23,Comprou com outra imobiliária,,novo
7f67bdb7-699d-4d1d-bc62-47852718f66e,2025-11-29T02:40:34,Julia Medeiros,julia.med80@gmail.com,Juliana Costa,Marcos Oliveira,venda,Indicação - Cliente,SL-1036,2025-11-29T11:17:12,2025-11-29T15:52:56,,2025-12-12T15:52:56,Desistiu da compra,,novo
8909b232-00f5-400d-9609-d54c56e26249,2025-11-29T08:36:44,Lucas Barbosa,lucas.barbosa68@yahoo.com.br,Paulo Henrique Santos,Paulo Henrique Santos,locação,Google Ads - Apartamentos SP,TE-4384,2025-11-30T23:54:10,2025-12-01T00:44:18,2025-12-28T00:44:18,,,997.33,novo
006afc30-347c-4ce5-bdcf-7b6ab83890b4,2025-11-29T13:46:48,Camila Teixeira,camila.teix34@yahoo.com.br,Camila Alves,Camila Alves,venda,Indicação - Cliente,CS-5565,2025-11-30T03:40:27,2025-11-30T06:11:45,2026-01-11T06:11:45,,,2150902.81,usado
f4b1f653-dc36-4da3-8b5f-d379c7523d5b,2025-11-30T06:01:17,Monica Correia,monica.corr33@yahoo.com.br,Juliana Costa,Paulo Henrique Santos,venda,Google Ads - Apartamentos SP,SL-6438,2025-12-02T01:56:53,2025-12-02T06:45:41,,2025-12-22T06:45:41,Preço acima do orçamento,,usado
4aba96f1-826b-4a78-b9d6-98f819a9ccc0,2025-11-30T09:18:06,Thiago Carvalho,thiago.carvalho30@outlook.com,Paulo Henrique Santos,Paulo Henrique Santos,venda,Jetimob - Portal,TE-4001,2025-12-01T02:00:41,2025-12-01T05:20:06,,2025-12-16T05:20:06,Imóvel não atendeu expectativa,,usado
757c5fd7-c135-4a3e-8427-260c2e74d0a2,2025-11-30T10:50:48,Rodrigo Cunha,rodrigo.cunha22@yahoo.com.br,Paulo Henrique Santos,Paulo Henrique Santos,venda,OLX Imóveis,SL-4650,2025-12-01T19:20:37,2025-12-01T20:04:49,2026-02-15T20:04:49,,,1413062.36,usado
777b95e3-8316-42de-9786-f8f742df3c3e,2025-11-30T12:56:06,Felipe Ribeiro,felipe.ribeiro25@yahoo.com.br,Juliana Costa,Camila Alves,venda,OLX Imóveis,AP-1830,2025-12-01T16:31:34,2025-12-01T17:48:00,2026-01-24T17:48:00,,,329663.55,usado
fff3e09a-26c2-42ac-92a5-5afa5910d709,2025-11-30T21:29:05,Julia Medeiros,julia.med51@yahoo.com.br,Carlos Eduardo Silva,Carlos Eduardo Silva,venda,Indicação - Cliente,CS-8835,2025-12-01T23:32:57,2025-12-02T01:23:36,2026-02-25T01:23:36,,,838108.1,usado
71bfbef2-15c4-4683-8986-bc95c960581f,2025-11-30T22:19:40,Felipe Ribeiro,felipe.ribeiro55@outlook.com,Marcos Oliveira,Marcos Oliveira,locação,Whatsapp - Indicação Direta,SL-1405,2025-12-02T13:40:37,2025-12-02T16:30:18,,,,,usado
10bdfee7-0474-4e1f-a2a5-c82a717a62ef,2025-12-01T01:22:07,Helena Freitas,helena.freitas52@outlook.com,Paulo Henrique Santos,Juliana Costa,venda,Site Orgânico,AP-3466,2025-12-01T22:31:56,2025-12-02T01:21:05,,2026-01-25T01:21:05,Preço acima do orçamento,,novo
dec70a05-1351-4a9d-b29e-c22f60c70003,2025-12-01T06:47:42,Fernanda Lopes,fernanda.lop27@outlook.com,Juliana Costa,Juliana Costa,venda,Meta - Novos Empreendimentos,TE-8430,2025-12-02T04:48:34,2025-12-02T10:04:14,,2025-12-06T10:04:14,Preço acima do orçamento,,usado
fc472476-cf68-4210-8a54-5cab871b2658,2025-12-01T12:38:28,Bruno Almeida,bruno.almeida75@outlook.com,Roberto Mendes,Roberto Mendes,venda,LinkedIn Ads - Alto Padrão,CO-5304,2025-12-02T17:51:26,2025-12-02T18:30:07,,,,,usado
10c745e6-17e2-4ae5-b8eb-1825e7b3aaf0,2025-12-01T19:10:21,Patricia Dias,patricia.dias13@hotmail.com,Camila Alves,Camila Alves,venda,Site Orgânico,TE-7467,2025-12-02T09:37:59,2025-12-02T12:53:19,,,,,usado
22cf5828-3065-4b7b-a736-d086bdfa84bc,2025-12-01T22:46:53,Diego Martins,diego.martins37@gmail.com,Carlos Eduardo Silva,Carlos Eduardo Silva,venda,OLX Imóveis,CO-9338,2025-12-03T14:48:45,2025-12-03T16:21:45,,2025-12-10T16:21:45,Sem perfil para financiamento,,novo
98a28c87-e62b-41dc-ac4f-79787569a317,2025-12-02T00:09:19,Amanda Castro,amanda.castro99@hotmail.com,Paulo Henrique Santos,Paulo Henrique Santos,locação,Meta - Novos Empreendimentos,SL-7726,2025-12-03T21:47:46,2025-12-04T02:17:19,,,,,usado
7c4b0ae0-b370-4158-9472-1c3f86138f04,2025-12-02T10:16:05,Isabela Nascimento,isabela.nasc48@hotmail.com,Juliana Costa,Juliana Costa,venda,Whatsapp - Indicação Direta,AP-1033,2025-12-02T19:10:20,2025-12-02T22:52:19,,2025-12-09T22:52:19,Mudou de cidade,,novo
6a5f217b-885b-40dd-bcf6-2a8b994101dd,2025-12-02T19:34:16,Igor Pinto,igor.pinto35@yahoo.com.br,Carlos Eduardo Silva,Carlos Eduardo Silva,venda,Google Ads - Apartamentos SP,CS-1717,2025-12-02T22:28:58,2025-12-03T03:03:26,,2025-12-13T03:03:26,Imóvel não atendeu expectativa,,usado
9d71a34e-7481-475f-935f-15be8174a3e4,2025-12-03T00:21:40,Natalia Rocha,natalia.rocha69@yahoo.com.br,Roberto Mendes,Ana Paula Ferreira,venda,Zap Imóveis,CS-1045,2025-12-03T20:03:14,2025-12-04T01:42:16,,2025-12-26T01:42:16,Negociação travou,,usado
3b5b769e-9b13-4e84-85e1-353406bec06d,2025-12-03T17:37:28,Larissa Pereira,larissa.pereira32@yahoo.com.br,Ana Paula Ferreira,Ana Paula Ferreira,venda,Site Orgânico,SL-2451,2025-12-04T10:38:37,2025-12-04T13:27:22,,2025-12-27T13:27:22,Preço acima do orçamento,,usado
bdf25458-3555-4dc6-abc7-935045e37e36,2025-12-04T03:06:27,Gabriel Souza,gabriel.souza19@yahoo.com.br,Fernanda Rodrigues,Roberto Mendes,venda,LinkedIn Ads - Alto Padrão,SL-2455,2025-12-04T03:18:43,2025-12-04T08:57:57,,2026-01-20T08:57:57,Mudou de cidade,,novo
c1828b51-af35-4d0e-b7a1-242cfcf2bea3,2025-12-04T03:09:11,Larissa Pereira,larissa.pereira79@outlook.com,Marcos Oliveira,Marcos Oliveira,venda,Instagram - Casarão SP,AP-1066,2025-12-05T12:04:02,2025-12-05T14:58:13,,2026-02-02T14:58:13,Comprou com outra imobiliária,,usado
d3486c50-3288-48d4-a185-fa346bd29f90,2025-12-04T03:51:53,Gustavo Nunes,gustavo.nunes43@yahoo.com.br,Paulo Henrique Santos,Roberto Mendes,venda,Indicação - Cliente,TE-1561,2025-12-05T14:11:27,2025-12-05T15:33:08,2026-02-27T15:33:08,,,1218980.5,novo
0b00d86a-b439-4a9e-99c9-87a64eea2d64,2025-12-04T07:00:21,Amanda Castro,amanda.castro73@outlook.com,Roberto Mendes,Roberto Mendes,locação,Zap Imóveis,TE-8126,2025-12-04T07:59:56,2025-12-04T13:52:09,,,,,usado
a90f5acc-0efb-4333-a5f5-dee941f9158e,2025-12-04T18:43:40,Lucas Barbosa,lucas.barbosa39@gmail.com,Marcos Oliveira,Paulo Henrique Santos,venda,OLX Imóveis,CS-4578,2025-12-05T00:07:05,2025-12-05T05:02:55,,2025-12-12T05:02:55,Sem perfil para financiamento,,novo
d39e73c3-aafa-433a-9ef9-59546a78efd8,2025-12-05T14:23:37,Helena Freitas,helena.freitas46@outlook.com,Roberto Mendes,Ana Paula Ferreira,venda,Site Orgânico,CS-9607,2025-12-06T03:52:59,2025-12-06T09:23:50,2026-02-02T09:23:50,,,723722.27,novo
d61f92c7-c7cc-4e96-8390-2d448dad621f,2025-12-05T19:23:25,Larissa Pereira,larissa.pereira83@outlook.com,Carlos Eduardo Silva,Carlos Eduardo Silva,locação,Instagram - Casarão SP,TE-3325,2025-12-06T19:58:02,2025-12-06T22:16:27,2026-02-04T22:16:27,,,4861.71,usado
efd85e62-d641-4b91-be65-c65eb7b80109,2025-12-05T20:08:07,Gabriel Souza,gabriel.souza62@yahoo.com.br,Marcos Oliveira,Marcos Oliveira,venda,LinkedIn Ads - Alto Padrão,AP-9713,2025-12-07T09:14:29,2025-12-07T14:47:36,,,,,usado
4f450d64-7fc9-4c26-bc53-ae7e3dc17192,2025-12-06T01:28:05,Isabela Nascimento,isabela.nasc23@yahoo.com.br,Roberto Mendes,Roberto Mendes,venda,Meta - Novos Empreendimentos,CS-2445,2025-12-06T03:06:43,2025-12-06T06:16:37,,2025-12-22T06:16:37,Desistiu da compra,,usado
ff8dc7be-bec5-4e09-8dca-c3d88a3b9f7d,2025-12-06T06:45:10,Beatriz Lima,beatriz.lima71@gmail.com,Ana Paula Ferreira,Fernanda Rodrigues,venda,Meta - Novos Empreendimentos,CS-7506,2025-12-07T10:36:52,2025-12-07T13:40:10,2026-01-14T13:40:10,,,981719.27,usado
67f9a216-f4bf-4b0e-a731-fe7c6853d9ed,2025-12-06T21:48:23,Helena Freitas,helena.freitas74@outlook.com,Camila Alves,Juliana Costa,locação,Google Ads - Apartamentos SP,TE-2664,2025-12-07T12:57:57,2025-12-07T16:03:46,2025-12-21T16:03:46,,,1256.94,novo
c1781277-b757-4b35-82ef-05ca20fb40bc,2025-12-07T02:56:02,Fernanda Lopes,fernanda.lop64@yahoo.com.br,Ana Paula Ferreira,Ana Paula Ferreira,venda,Zap Imóveis,SL-5686,2025-12-08T22:54:33,2025-12-09T00:08:28,,2026-01-02T00:08:28,Mudou de cidade,,usado
c6e1b533-f478-4448-aced-edb318a247b7,2025-12-07T07:02:29,Diego Martins,diego.martins39@hotmail.com,Camila Alves,Juliana Costa,locação,OLX Imóveis,CO-8864,2025-12-07T21:22:15,2025-12-08T01:21:55,2026-01-23T01:21:55,,,2395.41,novo
9137edd1-74c1-4be3-8623-8b38abf2237a,2025-12-07T07:27:29,Amanda Castro,amanda.castro86@yahoo.com.br,Juliana Costa,Juliana Costa,locação,Zap Imóveis,CO-2872,2025-12-07T09:20:13,2025-12-07T13:41:55,2026-01-29T13:41:55,,,4516.35,novo
b6e1f464-b549-41fd-ac9d-b104fc54dce3,2025-12-07T15:27:09,Fernanda Lopes,fernanda.lop32@yahoo.com.br,Ana Paula Ferreira,Ana Paula Ferreira,venda,Zap Imóveis,AP-2063,2025-12-08T14:36:38,2025-12-08T17:22:46,,2026-01-29T17:22:46,Preço acima do orçamento,,novo
a1ecfa58-01cc-428e-b01f-84b20290a594,2025-12-07T20:44:52,Nelson Xavier,nelson.xavier96@yahoo.com.br,Marcos Oliveira,Ana Paula Ferreira,venda,Site Orgânico,CO-1563,2025-12-09T11:49:55,2025-12-09T12:24:36,,2026-01-23T12:24:36,Desistiu da compra,,usado
17e7f4b8-9f9e-4796-9654-af06a1a5454f,2025-12-07T22:54:50,Fernanda Lopes,fernanda.lop48@yahoo.com.br,Marcos Oliveira,Marcos Oliveira,locação,OLX Imóveis,SL-9356,2025-12-08T15:53:16,2025-12-08T20:19:50,,2026-01-09T20:19:50,Desistiu da compra,,usado
67290532-44aa-453b-b9ab-d30e2194cca1,2025-12-07T23:09:55,Helena Freitas,helena.freitas36@yahoo.com.br,Camila Alves,Ana Paula Ferreira,locação,Meta - Novos Empreendimentos,SL-9627,2025-12-09T22:20:22,2025-12-09T23:42:00,,2026-01-27T23:42:00,Não respondeu,,novo
780973c4-47c1-46f3-a36e-5524d4dea1c5,2025-12-08T00:25:55,Monica Correia,monica.corr42@hotmail.com,Ana Paula Ferreira,Ana Paula Ferreira,locação,Instagram - Casarão SP,CO-7897,2025-12-09T15:45:26,2025-12-09T21:42:37,,2026-01-04T21:42:37,Preço acima do orçamento,,usado
d6b1daf2-5170-4341-a97b-1fba04e41990,2025-12-08T13:08:31,Natalia Rocha,natalia.rocha4@gmail.com,Roberto Mendes,Marcos Oliveira,venda,Meta - Novos Empreendimentos,CS-9897,2025-12-09T16:36:35,2025-12-09T19:07:55,,,,,novo
f69f76d6-0261-4daa-beda-1cf2603e078a,2025-12-08T23:38:55,Gustavo Nunes,gustavo.nunes51@gmail.com,Roberto Mendes,Roberto Mendes,venda,Jetimob - Portal,AP-9185,2025-12-09T16:25:14,2025-12-09T21:17:42,,2025-12-17T21:17:42,Mudou de cidade,,novo
5feb2557-cf44-4dbb-8c74-8d4ffc35fdae,2025-12-09T01:54:41,Patricia Dias,patricia.dias8@outlook.com,Fernanda Rodrigues,Fernanda Rodrigues,venda,OLX Imóveis,AP-3048,2025-12-09T09:40:52,2025-12-09T10:39:25,,2025-12-30T10:39:25,Negociação travou,,novo
32434a59-22d3-4332-ac3a-9bbe3c0f4540,2025-12-09T08:40:09,Amanda Castro,amanda.castro83@hotmail.com,Juliana Costa,Juliana Costa,venda,Whatsapp - Indicação Direta,CS-2002,2025-12-11T06:17:29,2025-12-11T11:15:16,,2026-01-17T11:15:16,Desistiu da compra,,usado
bf82d141-9c30-4abd-9307-31133c6b3dd3,2025-12-09T13:09:54,Felipe Ribeiro,felipe.ribeiro25@hotmail.com,Marcos Oliveira,Marcos Oliveira,venda,Google Ads - Apartamentos SP,SL-8920,2025-12-10T20:59:06,2025-12-11T02:54:18,2026-03-03T02:54:18,,,1178437.11,usado
3c680098-817f-42fb-aff1-e7edcec11ef2,2025-12-09T14:19:19,Amanda Castro,amanda.castro40@outlook.com,Ana Paula Ferreira,Ana Paula Ferreira,locação,Jetimob - Portal,TE-9944,2025-12-11T04:56:47,2025-12-11T05:34:45,2026-01-31T05:34:45,,,2863.89,novo
68e4c8a6-f0a8-4987-ad4f-007d3edbff6b,2025-12-09T17:50:35,Bruno Almeida,bruno.almeida76@outlook.com,Carlos Eduardo Silva,Marcos Oliveira,venda,Meta - Novos Empreendimentos,TE-4327,2025-12-10T14:49:17,2025-12-10T18:42:15,2025-12-23T18:42:15,,,1467683.78,usado
3a9f26cd-d06a-4084-8702-2e07d1b7aa09,2025-12-09T18:28:18,Amanda Castro,amanda.castro12@yahoo.com.br,Paulo Henrique Santos,Paulo Henrique Santos,locação,OLX Imóveis,TE-4673,2025-12-10T23:18:56,2025-12-10T23:59:46,,,,,novo
ebbdac77-33e4-4215-9720-411b60a9957b,2025-12-10T05:42:45,Julia Medeiros,julia.med68@yahoo.com.br,Juliana Costa,Juliana Costa,locação,Google Ads - Apartamentos SP,AP-7007,2025-12-11T22:01:50,2025-12-12T03:43:40,,,,,novo
38ffd2da-ef83-47ed-b422-1430dec59ede,2025-12-10T06:49:47,Rafael Torres,rafael.torres83@outlook.com,Paulo Henrique Santos,Paulo Henrique Santos,locação,Instagram - Casarão SP,AP-7885,2025-12-11T19:38:34,2025-12-11T21:04:06,,,,,novo
01674593-6f9c-454d-9ce7-217e55cae98b,2025-12-10T07:55:12,Monica Correia,monica.corr40@gmail.com,Juliana Costa,Marcos Oliveira,locação,Whatsapp - Indicação Direta,AP-4567,2025-12-10T17:47:51,2025-12-10T22:45:39,,2025-12-20T22:45:39,Negociação travou,,novo
dd8c8695-36a8-423f-acd4-ea0a53561f53,2025-12-10T08:41:17,Nelson Xavier,nelson.xavier17@hotmail.com,Camila Alves,Camila Alves,venda,Jetimob - Portal,AP-7785,2025-12-11T18:18:38,2025-12-11T18:59:46,,2026-02-09T18:59:46,Sem perfil para financiamento,,usado
a9542537-3b7e-4e14-bbd0-08d78adc5f5b,2025-12-10T09:12:56,Rafael Torres,rafael.torres84@hotmail.com,Camila Alves,Camila Alves,venda,Whatsapp - Indicação Direta,AP-3482,2025-12-11T07:54:06,2025-12-11T12:57:10,2026-02-06T12:57:10,,,556015.06,usado
44d9392f-589c-4a37-8c0a-fed9ae08e35f,2025-12-10T16:06:04,Beatriz Lima,beatriz.lima43@yahoo.com.br,Paulo Henrique Santos,Paulo Henrique Santos,venda,Instagram - Casarão SP,SL-8275,2025-12-11T11:19:00,2025-12-11T12:36:29,,2026-02-09T12:36:29,Desistiu da compra,,usado
ee3e6507-a99f-4d2f-89fd-54ce87df60e4,2025-12-10T20:40:47,Isabela Nascimento,isabela.nasc92@hotmail.com,Marcos Oliveira,Marcos Oliveira,venda,Meta - Novos Empreendimentos,SL-8530,2025-12-10T23:04:06,2025-12-11T01:33:27,,2025-12-20T01:33:27,Desistiu da compra,,usado
d94403db-1172-4f1f-8c5f-e1662bc3ea52,2025-12-10T21:17:13,Camila Teixeira,camila.teix57@gmail.com,Carlos Eduardo Silva,Carlos Eduardo Silva,venda,Jetimob - Portal,CO-1566,2025-12-11T05:30:15,2025-12-11T08:46:23,,2026-01-21T08:46:23,Sem perfil para financiamento,,novo
5a81983a-9264-4b8c-8fa4-c0bbe4f328fb,2025-12-10T21:27:55,Diego Martins,diego.martins3@yahoo.com.br,Juliana Costa,Juliana Costa,venda,Whatsapp - Indicação Direta,SL-5387,2025-12-11T22:07:24,2025-12-12T00:53:06,2026-01-26T00:53:06,,,534757.35,novo
08d64eef-2c6e-44db-89dd-a2e79f1cca9a,2025-12-10T22:43:19,Fernanda Lopes,fernanda.lop38@hotmail.com,Camila Alves,Camila Alves,venda,Whatsapp - Indicação Direta,TE-2264,2025-12-12T16:02:13,2025-12-12T20:14:35,,2025-12-19T20:14:35,Mudou de cidade,,usado
836ae6f2-ab60-4733-a23b-ecf42396dd77,2025-12-11T00:01:22,Thiago Carvalho,thiago.carvalho74@outlook.com,Fernanda Rodrigues,Fernanda Rodrigues,venda,Whatsapp - Indicação Direta,TE-9789,2025-12-11T18:52:17,2025-12-11T23:30:47,,2026-01-08T23:30:47,Negociação travou,,usado
3e13ed92-584e-44bd-aae9-b9f096f09123,2025-12-11T00:06:13,Beatriz Lima,beatriz.lima4@hotmail.com,Marcos Oliveira,Juliana Costa,venda,Whatsapp - Indicação Direta,AP-8098,2025-12-12T05:17:53,2025-12-12T09:04:41,,,,,usado
f5427187-a63c-4230-8c0e-a73383f4d906,2025-12-11T03:35:09,Gabriel Souza,gabriel.souza59@gmail.com,Juliana Costa,Juliana Costa,locação,Whatsapp - Indicação Direta,CS-1748,2025-12-11T14:34:20,2025-12-11T19:07:58,,,,,usado
c8323d25-aa9c-4ad6-b962-15657b267bf5,2025-12-11T08:36:19,Nelson Xavier,nelson.xavier71@gmail.com,Camila Alves,Camila Alves,venda,Google Ads - Apartamentos SP,CS-4799,2025-12-12T10:49:19,2025-12-12T15:28:48,,,,,novo
0f2403f0-02fa-4d6f-9a45-26bc6ec02a1f,2025-12-11T08:36:59,Felipe Ribeiro,felipe.ribeiro89@gmail.com,Juliana Costa,Carlos Eduardo Silva,venda,Jetimob - Portal,CS-4845,2025-12-13T03:54:43,2025-12-13T04:55:47,,2026-01-24T04:55:47,Sem perfil para financiamento,,usado
055740cb-5faa-45f0-aa11-be9c7accca05,2025-12-11T08:42:41,Rafael Torres,rafael.torres25@outlook.com,Camila Alves,Roberto Mendes,venda,Meta - Novos Empreendimentos,SL-6483,2025-12-12T23:40:39,2025-12-13T01:59:56,,,,,novo
cb704d33-3805-4f98-b373-adff36782978,2025-12-11T16:46:15,Beatriz Lima,beatriz.lima48@yahoo.com.br,Paulo Henrique Santos,Paulo Henrique Santos,venda,Jetimob - Portal,SL-5315,2025-12-13T15:57:56,2025-12-13T20:52:06,,2026-01-10T20:52:06,Imóvel não atendeu expectativa,,novo
6feece12-2650-4223-a829-5687132af6dc,2025-12-12T07:37:04,Nelson Xavier,nelson.xavier14@yahoo.com.br,Paulo Henrique Santos,Paulo Henrique Santos,venda,Jetimob - Portal,CO-9308,2025-12-13T23:54:52,2025-12-14T01:34:35,,,,,novo
b9fea9d3-1ae1-4e6e-93ed-38dcb00fb635,2025-12-12T17:31:57,Gabriel Souza,gabriel.souza91@yahoo.com.br,Roberto Mendes,Roberto Mendes,locação,OLX Imóveis,CO-8412,2025-12-14T17:03:03,2025-12-14T19:49:38,,,,,usado
ef2b6b89-d968-41f4-99b4-a2f3cd211ce4,2025-12-12T23:10:42,Beatriz Lima,beatriz.lima16@hotmail.com,Juliana Costa,Juliana Costa,venda,Instagram - Casarão SP,TE-6870,2025-12-13T01:26:16,2025-12-13T02:27:41,,2025-12-20T02:27:41,Desistiu da compra,,novo
449af81d-d91c-4c3e-bdf5-146e527eeaaf,2025-12-13T07:11:51,Fernanda Lopes,fernanda.lop14@outlook.com,Camila Alves,Camila Alves,venda,LinkedIn Ads - Alto Padrão,CO-6611,2025-12-15T02:11:33,2025-12-15T07:44:57,2025-12-30T07:44:57,,,857450.53,usado
d57e2554-89a8-4a07-9513-c3fa397ce72d,2025-12-13T14:13:04,Larissa Pereira,larissa.pereira96@yahoo.com.br,Carlos Eduardo Silva,Camila Alves,venda,Instagram - Casarão SP,TE-1547,2025-12-14T23:52:57,2025-12-15T01:21:44,,2026-01-05T01:21:44,Não respondeu,,usado
16a45a1b-43bb-4b4e-9e31-eccc69a5ea70,2025-12-13T23:06:40,Julia Medeiros,julia.med6@hotmail.com,Roberto Mendes,Roberto Mendes,locação,Whatsapp - Indicação Direta,TE-2162,2025-12-14T22:24:29,2025-12-15T00:03:46,2026-01-25T00:03:46,,,4636.54,usado
2b6158a0-c629-45db-bfd0-d15f1d8730d7,2025-12-14T00:03:55,Gustavo Nunes,gustavo.nunes71@gmail.com,Carlos Eduardo Silva,Juliana Costa,locação,Meta - Novos Empreendimentos,SL-7310,2025-12-15T09:51:59,2025-12-15T15:46:04,2026-01-07T15:46:04,,,1338.94,novo
1dd99437-213d-423f-913c-07e3e0b00ca6,2025-12-14T07:15:21,Nelson Xavier,nelson.xavier94@yahoo.com.br,Ana Paula Ferreira,Juliana Costa,venda,LinkedIn Ads - Alto Padrão,TE-9592,2025-12-15T09:07:24,2025-12-15T10:45:45,,2026-02-11T10:45:45,Mudou de cidade,,usado
98446ae9-3373-44d1-a949-86b8b454ae64,2025-12-14T08:42:46,Rafael Torres,rafael.torres54@yahoo.com.br,Camila Alves,Camila Alves,locação,Zap Imóveis,AP-8222,2025-12-14T21:08:32,2025-12-15T02:28:03,,,,,usado
6f9f3221-23dc-4363-b7fa-99561f9b1576,2025-12-14T15:46:21,Mariana Gomes,mariana.gomes31@gmail.com,Fernanda Rodrigues,Paulo Henrique Santos,locação,Instagram - Casarão SP,AP-8287,2025-12-14T23:07:54,2025-12-15T01:24:04,,2026-01-06T01:24:04,Não respondeu,,usado
92193a45-8d85-4b9e-b475-cd0b04504af5,2025-12-14T16:58:55,Thiago Carvalho,thiago.carvalho60@hotmail.com,Ana Paula Ferreira,Ana Paula Ferreira,locação,Google Ads - Apartamentos SP,TE-7928,2025-12-15T22:20:12,2025-12-15T23:46:50,,2025-12-26T23:46:50,Preço acima do orçamento,,usado
299f4aa6-c960-4728-be2e-356f971c4680,2025-12-15T04:22:09,Eduardo Moreira,eduardo.mor17@hotmail.com,Juliana Costa,Juliana Costa,venda,LinkedIn Ads - Alto Padrão,AP-6403,2025-12-15T18:21:57,2025-12-15T20:59:58,2025-12-27T20:59:58,,,1387924.83,usado
e465e487-8ae8-4b44-90e7-e13e3050c45d,2025-12-15T07:47:31,Fernanda Lopes,fernanda.lop82@outlook.com,Roberto Mendes,Roberto Mendes,venda,Whatsapp - Indicação Direta,SL-6631,2025-12-16T13:35:02,2025-12-16T18:31:57,,2026-01-31T18:31:57,Não respondeu,,usado
ac5edfdd-f8b9-4d26-82b1-bbdb48ed12ac,2025-12-15T14:27:22,Eduardo Moreira,eduardo.mor40@hotmail.com,Paulo Henrique Santos,Paulo Henrique Santos,venda,Whatsapp - Indicação Direta,CS-9160,2025-12-15T14:40:52,2025-12-15T19:38:27,,2026-02-01T19:38:27,Comprou com outra imobiliária,,usado
ebd87855-34d4-4c26-8211-c78927875f23,2025-12-15T17:18:08,Diego Martins,diego.martins83@gmail.com,Juliana Costa,Juliana Costa,venda,Instagram - Casarão SP,CS-3874,2025-12-16T04:59:14,2025-12-16T07:35:22,,2026-01-23T07:35:22,Mudou de cidade,,novo
41c8cd12-4ad9-4e86-89d3-36de382a963b,2025-12-15T17:20:34,Larissa Pereira,larissa.pereira22@outlook.com,Paulo Henrique Santos,Paulo Henrique Santos,venda,Instagram - Casarão SP,SL-3798,2025-12-17T11:00:23,2025-12-17T13:41:49,,2026-02-14T13:41:49,Imóvel não atendeu expectativa,,usado
7c6c571a-5c95-43fa-946b-e34bc15e44a3,2025-12-15T21:41:51,Fernanda Lopes,fernanda.lop5@yahoo.com.br,Camila Alves,Camila Alves,venda,Zap Imóveis,CO-1669,2025-12-17T01:04:36,2025-12-17T06:29:19,,2026-01-11T06:29:19,Desistiu da compra,,usado
5aa6aba8-703e-4cb4-82bc-e1d4dd766994,2025-12-16T10:20:08,Felipe Ribeiro,felipe.ribeiro97@gmail.com,Juliana Costa,Juliana Costa,venda,Site Orgânico,CO-5610,2025-12-16T11:30:52,2025-12-16T16:46:50,,2026-01-08T16:46:50,Não respondeu,,novo
84c4094e-781f-4383-a826-c8c6acca45f3,2025-12-16T14:03:18,Patricia Dias,patricia.dias6@gmail.com,Ana Paula Ferreira,Roberto Mendes,venda,Meta - Novos Empreendimentos,AP-6137,2025-12-17T03:36:22,2025-12-17T04:26:12,,2025-12-28T04:26:12,Comprou com outra imobiliária,,novo
53096004-706b-4625-afa3-e23c11885bf4,2025-12-16T23:23:15,Fernanda Lopes,fernanda.lop1@outlook.com,Roberto Mendes,Fernanda Rodrigues,venda,Jetimob - Portal,SL-5727,2025-12-18T17:24:00,2025-12-18T20:05:47,2026-02-27T20:05:47,,,593353.08,usado
e4858f4c-e846-4d88-b708-e09a5906cb28,2025-12-17T03:12:58,Igor Pinto,igor.pinto14@outlook.com,Roberto Mendes,Roberto Mendes,venda,Zap Imóveis,AP-2804,2025-12-18T15:24:27,2025-12-18T19:19:47,,,,,usado
f713e32a-130d-49dc-9f23-ffa302a88d10,2025-12-17T05:55:52,Diego Martins,diego.martins43@outlook.com,Camila Alves,Roberto Mendes,venda,OLX Imóveis,CO-2236,2025-12-17T22:25:27,2025-12-18T02:47:41,,2026-01-17T02:47:41,Preço acima do orçamento,,novo
5fd7e6b9-90bc-4559-aebb-a9d093250f69,2025-12-17T09:49:35,Nelson Xavier,nelson.xavier11@outlook.com,Juliana Costa,Juliana Costa,venda,Site Orgânico,AP-6539,2025-12-18T12:23:48,2025-12-18T16:27:39,,2026-02-01T16:27:39,Desistiu da compra,,novo
74e06089-1511-4fb5-8f05-12bd03a3ef8b,2025-12-17T16:55:59,Lucas Barbosa,lucas.barbosa24@hotmail.com,Ana Paula Ferreira,Ana Paula Ferreira,locação,Google Ads - Apartamentos SP,SL-8451,2025-12-19T16:20:53,2025-12-19T17:39:18,,2026-01-27T17:39:18,Negociação travou,,usado
75476ff9-8e90-4458-a24a-2664d609e081,2025-12-18T01:23:24,Gustavo Nunes,gustavo.nunes82@outlook.com,Carlos Eduardo Silva,Carlos Eduardo Silva,venda,Instagram - Casarão SP,SL-7443,2025-12-19T05:55:47,2025-12-19T07:17:21,,,,,novo
f65c3ad6-ddc8-4a53-8dd3-d8a01181a611,2025-12-18T01:56:16,Nelson Xavier,nelson.xavier63@gmail.com,Roberto Mendes,Roberto Mendes,venda,OLX Imóveis,CS-4148,2025-12-18T07:52:04,2025-12-18T13:09:14,,2025-12-27T13:09:14,Desistiu da compra,,usado
bce86cc7-ef83-40b5-afe0-c4607848c14f,2025-12-18T06:00:27,Amanda Castro,amanda.castro31@hotmail.com,Marcos Oliveira,Marcos Oliveira,venda,Site Orgânico,CO-8146,2025-12-19T17:09:13,2025-12-19T20:26:46,,,,,usado
9fae092c-1c8f-4d6a-a81e-fd3dfa321121,2025-12-18T07:53:10,Igor Pinto,igor.pinto40@outlook.com,Paulo Henrique Santos,Fernanda Rodrigues,locação,LinkedIn Ads - Alto Padrão,SL-1814,2025-12-20T03:15:00,2025-12-20T08:05:22,,2026-01-09T08:05:22,Sem perfil para financiamento,,usado
d9bd4f5d-4f76-4d31-b9e2-230ca54246b6,2025-12-18T08:07:43,Gustavo Nunes,gustavo.nunes82@yahoo.com.br,Ana Paula Ferreira,Ana Paula Ferreira,locação,Whatsapp - Indicação Direta,CO-5023,2025-12-19T10:51:34,2025-12-19T15:17:04,,2025-12-22T15:17:04,Desistiu da compra,,usado
ac25357b-025f-4152-9ab9-46438390f441,2025-12-18T11:36:26,Eduardo Moreira,eduardo.mor38@hotmail.com,Carlos Eduardo Silva,Carlos Eduardo Silva,venda,Zap Imóveis,SL-6326,2025-12-20T06:25:23,2025-12-20T11:39:42,,2026-02-08T11:39:42,Negociação travou,,novo
36205cec-8920-44a5-8e40-02eae01c8e8c,2025-12-18T18:42:30,Rodrigo Cunha,rodrigo.cunha47@yahoo.com.br,Camila Alves,Camila Alves,venda,Whatsapp - Indicação Direta,SL-4992,2025-12-20T01:57:52,2025-12-20T06:42:27,,2026-01-03T06:42:27,Sem perfil para financiamento,,novo
298bbc98-9ba2-42b2-a3ba-6e8185dad9af,2025-12-18T19:27:06,Beatriz Lima,beatriz.lima89@hotmail.com,Ana Paula Ferreira,Ana Paula Ferreira,venda,OLX Imóveis,CO-9224,2025-12-19T14:03:30,2025-12-19T16:37:53,,2026-01-31T16:37:53,Desistiu da compra,,usado
b0c218ba-0f05-489f-86a8-e0235f044fbc,2025-12-18T20:59:49,Felipe Ribeiro,felipe.ribeiro50@hotmail.com,Paulo Henrique Santos,Paulo Henrique Santos,locação,Whatsapp - Indicação Direta,CO-6955,2025-12-20T20:42:58,2025-12-21T01:03:05,,2026-02-16T01:03:05,Não respondeu,,novo
11d3b893-fb3f-4acf-aa51-f9549c2501e6,2025-12-18T23:43:23,Beatriz Lima,beatriz.lima71@gmail.com,Paulo Henrique Santos,Paulo Henrique Santos,locação,OLX Imóveis,CS-2089,2025-12-20T11:01:57,2025-12-20T15:04:05,,,,,usado
a0ad872e-2a85-4203-a57a-582399ad4bdc,2025-12-19T00:55:48,Bruno Almeida,bruno.almeida35@gmail.com,Camila Alves,Paulo Henrique Santos,locação,Zap Imóveis,CS-9370,2025-12-19T20:58:47,2025-12-19T22:03:30,,2026-01-12T22:03:30,Desistiu da compra,,novo
ea059dc9-e138-428a-b6a6-511a1dce4e55,2025-12-19T01:40:43,Leandro Santana,leandro.sant49@gmail.com,Marcos Oliveira,Carlos Eduardo Silva,venda,Zap Imóveis,CS-4124,2025-12-20T19:55:42,2025-12-20T22:12:20,2026-01-31T22:12:20,,,2043339.15,novo
e3c401f8-80c3-487a-90a2-a40e172a30a9,2025-12-19T02:22:15,Igor Pinto,igor.pinto43@yahoo.com.br,Paulo Henrique Santos,Paulo Henrique Santos,venda,Indicação - Cliente,SL-9762,2025-12-20T20:54:20,2025-12-21T00:17:46,2026-03-02T00:17:46,,,1421234.36,usado
5d660399-537d-4798-8baa-a5ac8f488624,2025-12-19T09:12:44,Gustavo Nunes,gustavo.nunes62@outlook.com,Paulo Henrique Santos,Ana Paula Ferreira,venda,LinkedIn Ads - Alto Padrão,TE-8744,2025-12-20T02:39:17,2025-12-20T06:51:34,,2026-01-11T06:51:34,Negociação travou,,novo
ad8460c1-9d66-48ce-ad23-dab02ad82709,2025-12-19T16:56:23,Isabela Nascimento,isabela.nasc85@outlook.com,Fernanda Rodrigues,Fernanda Rodrigues,venda,Jetimob - Portal,SL-7631,2025-12-20T09:04:02,2025-12-20T10:32:38,,2026-01-15T10:32:38,Imóvel não atendeu expectativa,,usado
e7bd2380-2739-42a7-bcfa-cf9e1c5b3d16,2025-12-19T18:34:22,Isabela Nascimento,isabela.nasc23@hotmail.com,Marcos Oliveira,Marcos Oliveira,locação,Zap Imóveis,AP-6684,2025-12-20T20:25:16,2025-12-21T00:07:41,,,,,usado
7c896da4-452c-45d3-8382-614d5eac88b5,2025-12-19T21:38:49,Rafael Torres,rafael.torres51@outlook.com,Fernanda Rodrigues,Camila Alves,venda,Meta - Novos Empreendimentos,SL-9611,2025-12-21T15:33:55,2025-12-21T18:03:04,2026-03-11T18:03:04,,,325272.6,usado
b036958a-48bb-4c7a-8ac1-aa30335d0d12,2025-12-20T00:54:27,Isabela Nascimento,isabela.nasc80@yahoo.com.br,Fernanda Rodrigues,Fernanda Rodrigues,locação,Meta - Novos Empreendimentos,AP-3330,2025-12-21T04:36:10,2025-12-21T06:36:50,,,,,novo
6bcd9287-29ab-4b30-afd4-a3efb4c701d5,2025-12-20T04:29:58,Camila Teixeira,camila.teix27@yahoo.com.br,Fernanda Rodrigues,Fernanda Rodrigues,venda,LinkedIn Ads - Alto Padrão,AP-9833,2025-12-20T08:01:46,2025-12-20T09:17:20,,,,,novo
b3834617-d20f-4a09-9390-0c9b0c32d6c3,2025-12-20T11:15:12,Rafael Torres,rafael.torres2@yahoo.com.br,Carlos Eduardo Silva,Carlos Eduardo Silva,venda,Zap Imóveis,TE-4423,2025-12-22T06:55:46,2025-12-22T10:43:04,,,,,usado
d2bb4856-99ae-43ab-8816-be626fdbf78c,2025-12-20T14:27:18,Bruno Almeida,bruno.almeida73@hotmail.com,Roberto Mendes,Ana Paula Ferreira,venda,Instagram - Casarão SP,CO-6645,2025-12-22T07:20:23,2025-12-22T09:55:46,2026-02-24T09:55:46,,,1074047.93,usado
911b1762-5609-4432-86cf-1b885916bb75,2025-12-20T16:48:43,Camila Teixeira,camila.teix11@outlook.com,Ana Paula Ferreira,Ana Paula Ferreira,venda,LinkedIn Ads - Alto Padrão,SL-7067,2025-12-22T01:22:05,2025-12-22T03:23:37,2026-02-02T03:23:37,,,1018512.75,novo
4e2af84e-7978-46f6-ad83-f006048819e8,2025-12-20T17:53:12,Isabela Nascimento,isabela.nasc73@gmail.com,Camila Alves,Paulo Henrique Santos,venda,Meta - Novos Empreendimentos,TE-5276,2025-12-21T13:10:45,2025-12-21T18:42:49,,2026-02-12T18:42:49,Preço acima do orçamento,,usado
7e05ef47-a8b5-4ef9-abb3-d02f046e31fa,2025-12-20T23:52:13,Leandro Santana,leandro.sant16@yahoo.com.br,Camila Alves,Camila Alves,venda,Whatsapp - Indicação Direta,CO-6732,2025-12-22T12:50:14,2025-12-22T15:34:27,2026-03-13T15:34:27,,,940408.72,usado
593f3993-2179-4b97-8458-eb2e6de15a18,2025-12-21T07:44:42,Larissa Pereira,larissa.pereira90@gmail.com,Roberto Mendes,Roberto Mendes,venda,Whatsapp - Indicação Direta,AP-5318,2025-12-22T20:21:21,2025-12-23T00:32:18,,2026-01-17T00:32:18,Não respondeu,,usado
9c44d37c-7b64-4e69-81c7-921c60c0da0e,2025-12-21T08:22:16,Isabela Nascimento,isabela.nasc2@yahoo.com.br,Ana Paula Ferreira,Ana Paula Ferreira,locação,Zap Imóveis,CS-2710,2025-12-22T06:05:28,2025-12-22T09:20:07,,,,,usado
c9fdd056-027c-43ba-bfe7-82d351948d9a,2025-12-21T11:04:57,Monica Correia,monica.corr79@gmail.com,Camila Alves,Camila Alves,venda,Instagram - Casarão SP,TE-7656,2025-12-21T14:37:42,2025-12-21T17:05:54,,2026-01-10T17:05:54,Não respondeu,,novo
e3631b02-0d19-4793-b8e9-1123e1c4be67,2025-12-21T21:21:36,Rafael Torres,rafael.torres86@gmail.com,Fernanda Rodrigues,Fernanda Rodrigues,locação,Indicação - Cliente,CO-5216,2025-12-23T09:32:27,2025-12-23T10:11:56,,2025-12-31T10:11:56,Negociação travou,,usado
67c2d55e-77ba-4753-9d8a-a8b357f92751,2025-12-21T21:57:25,Larissa Pereira,larissa.pereira45@gmail.com,Paulo Henrique Santos,Paulo Henrique Santos,venda,Instagram - Casarão SP,CS-8924,2025-12-23T11:23:33,2025-12-23T15:06:10,,,,,novo
2c083437-8761-4b4f-86d1-ce9eb378cd3a,2025-12-21T23:54:44,Gustavo Nunes,gustavo.nunes35@outlook.com,Fernanda Rodrigues,Fernanda Rodrigues,locação,Google Ads - Apartamentos SP,CS-1468,2025-12-22T16:03:45,2025-12-22T22:01:23,2025-12-29T22:01:23,,,4347.24,novo
da3c05a1-295b-4565-8b89-81218be0017f,2025-12-22T06:06:55,Amanda Castro,amanda.castro34@yahoo.com.br,Camila Alves,Paulo Henrique Santos,locação,Whatsapp - Indicação Direta,SL-1682,2025-12-22T18:32:02,2025-12-22T19:29:34,,2026-02-07T19:29:34,Imóvel não atendeu expectativa,,usado
51b4f277-653d-4be2-9dec-d7feb6eb479f,2025-12-22T06:25:57,Igor Pinto,igor.pinto66@gmail.com,Roberto Mendes,Carlos Eduardo Silva,venda,LinkedIn Ads - Alto Padrão,AP-7582,2025-12-23T23:14:18,2025-12-24T03:00:58,,,,,novo
38524dcd-d1d6-4dab-b177-21080a3c306b,2025-12-22T13:00:07,Nelson Xavier,nelson.xavier57@hotmail.com,Paulo Henrique Santos,Paulo Henrique Santos,venda,Whatsapp - Indicação Direta,CS-1025,2025-12-24T09:12:05,2025-12-24T14:25:46,2026-02-27T14:25:46,,,2325235.74,usado
fb5e6072-d39e-45bb-9f72-95d1ba4a96c7,2025-12-22T13:25:38,Diego Martins,diego.martins98@gmail.com,Juliana Costa,Juliana Costa,venda,Jetimob - Portal,TE-2655,2025-12-22T21:52:35,2025-12-22T23:22:30,,2025-12-30T23:22:30,Desistiu da compra,,novo
ee376425-6d79-4b37-a006-a302b6d2528e,2025-12-23T02:16:37,Diego Martins,diego.martins42@hotmail.com,Juliana Costa,Juliana Costa,locação,LinkedIn Ads - Alto Padrão,TE-2234,2025-12-24T17:45:53,2025-12-24T22:17:42,,,,,usado
5aa75798-db51-4fa1-a816-605cdd1e7823,2025-12-23T08:38:07,Larissa Pereira,larissa.pereira61@hotmail.com,Paulo Henrique Santos,Paulo Henrique Santos,venda,Google Ads - Apartamentos SP,TE-3186,2025-12-24T14:40:04,2025-12-24T17:40:39,,2026-02-14T17:40:39,Comprou com outra imobiliária,,usado
441a57b6-1f35-45d6-a8c8-77ea8aea0eec,2025-12-23T09:37:18,Diego Martins,diego.martins21@yahoo.com.br,Paulo Henrique Santos,Paulo Henrique Santos,venda,OLX Imóveis,TE-3848,2025-12-23T23:53:57,2025-12-24T02:02:40,,2026-02-11T02:02:40,Preço acima do orçamento,,usado
a5bd2ff6-2082-4e18-8f99-bbc4608a77df,2025-12-23T10:13:58,Isabela Nascimento,isabela.nasc91@outlook.com,Camila Alves,Camila Alves,venda,OLX Imóveis,SL-9424,2025-12-24T16:28:14,2025-12-24T21:09:14,2026-03-19T21:09:14,,,345757.42,usado
1b564214-5ef9-4b25-917d-20fb4b1b0de7,2025-12-24T06:54:13,Thiago Carvalho,thiago.carvalho2@yahoo.com.br,Marcos Oliveira,Marcos Oliveira,venda,LinkedIn Ads - Alto Padrão,AP-1252,2025-12-24T16:56:02,2025-12-24T18:06:03,,2026-01-10T18:06:03,Imóvel não atendeu expectativa,,novo
35bdbfed-939b-46ab-84a8-64a4f009132e,2025-12-24T16:19:57,Patricia Dias,patricia.dias11@gmail.com,Marcos Oliveira,Marcos Oliveira,locação,Meta - Novos Empreendimentos,AP-4520,2025-12-26T06:33:59,2025-12-26T12:17:51,,,,,usado
d1917c39-2e7b-47f2-9528-b019ca90b97f,2025-12-25T04:31:02,Larissa Pereira,larissa.pereira84@yahoo.com.br,Juliana Costa,Juliana Costa,locação,Zap Imóveis,CO-4556,2025-12-26T19:30:12,2025-12-26T20:29:43,2026-01-02T20:29:43,,,3889.8,novo
42385690-4e7c-407f-917c-8e645ac1efbb,2025-12-25T17:37:41,Felipe Ribeiro,felipe.ribeiro94@yahoo.com.br,Ana Paula Ferreira,Ana Paula Ferreira,venda,Zap Imóveis,TE-8957,2025-12-25T22:43:58,2025-12-26T04:19:19,,,,,usado
5fd11276-12bb-4b2f-b1b0-06cc6bdd9064,2025-12-25T21:13:48,Igor Pinto,igor.pinto91@gmail.com,Roberto Mendes,Paulo Henrique Santos,venda,OLX Imóveis,AP-5719,2025-12-27T11:13:58,2025-12-27T16:18:27,,2026-01-23T16:18:27,Imóvel não atendeu expectativa,,usado
852a49d9-7391-4d28-a20f-cb66de32d4b0,2025-12-26T01:55:28,Beatriz Lima,beatriz.lima86@hotmail.com,Camila Alves,Camila Alves,locação,Meta - Novos Empreendimentos,SL-1258,2025-12-27T06:01:27,2025-12-27T11:44:31,,,,,usado
300bc51f-523b-4880-b0bf-d689a46786ea,2025-12-26T08:35:14,Helena Freitas,helena.freitas87@gmail.com,Camila Alves,Camila Alves,venda,Meta - Novos Empreendimentos,SL-5402,2025-12-28T03:38:20,2025-12-28T04:27:20,,,,,usado
e25e19fb-47b4-49d6-a39d-b2993a8d54bb,2025-12-26T13:48:31,Diego Martins,diego.martins50@outlook.com,Camila Alves,Camila Alves,venda,OLX Imóveis,CO-9631,2025-12-27T11:26:12,2025-12-27T12:18:46,,2026-02-14T12:18:46,Negociação travou,,usado
349d5b03-a651-409b-8682-e7db04a495ef,2025-12-26T17:20:34,Larissa Pereira,larissa.pereira55@gmail.com,Marcos Oliveira,Marcos Oliveira,venda,Whatsapp - Indicação Direta,SL-7589,2025-12-27T05:22:01,2025-12-27T09:59:41,,2026-02-24T09:59:41,Negociação travou,,novo
2ed8c33a-da8e-4335-91ff-1c26433ea4c9,2025-12-26T18:18:48,Beatriz Lima,beatriz.lima68@hotmail.com,Paulo Henrique Santos,Ana Paula Ferreira,venda,Site Orgânico,AP-2185,2025-12-26T20:18:28,2025-12-26T22:24:50,2026-01-23T22:24:50,,,1058288.33,usado
d04758d9-e0a4-4915-acd8-075f65be594b,2025-12-27T00:33:42,Gabriel Souza,gabriel.souza25@yahoo.com.br,Roberto Mendes,Ana Paula Ferreira,locação,Whatsapp - Indicação Direta,TE-3617,2025-12-27T08:02:03,2025-12-27T12:23:51,,,,,usado
994610c1-a20c-4804-899b-155ac93b2c62,2025-12-27T02:00:54,Eduardo Moreira,eduardo.mor89@hotmail.com,Camila Alves,Camila Alves,venda,LinkedIn Ads - Alto Padrão,CS-8765,2025-12-28T00:42:04,2025-12-28T02:06:52,,,,,novo
1f02e82a-f82a-4471-8391-14decfbcfe80,2025-12-27T08:19:23,Thiago Carvalho,thiago.carvalho55@yahoo.com.br,Juliana Costa,Camila Alves,venda,Google Ads - Apartamentos SP,AP-8771,2025-12-27T11:52:47,2025-12-27T13:12:11,,2026-02-18T13:12:11,Mudou de cidade,,usado
9c2ca846-d413-4ccc-90e9-6535fe4a44f7,2025-12-27T09:07:45,Gabriel Souza,gabriel.souza23@gmail.com,Carlos Eduardo Silva,Marcos Oliveira,locação,Indicação - Cliente,SL-3659,2025-12-27T19:31:30,2025-12-27T23:18:24,,2026-02-25T23:18:24,Comprou com outra imobiliária,,usado
902a3b47-00f4-4a2b-b645-300523869c1f,2025-12-27T11:38:44,Gabriel Souza,gabriel.souza68@gmail.com,Juliana Costa,Juliana Costa,venda,Google Ads - Apartamentos SP,CO-9355,2025-12-28T13:22:50,2025-12-28T15:31:10,,,,,usado
f48878a6-9535-45f2-861d-f5bb098300e1,2025-12-27T12:02:37,Mariana Gomes,mariana.gomes10@yahoo.com.br,Camila Alves,Roberto Mendes,locação,LinkedIn Ads - Alto Padrão,AP-5926,2025-12-27T18:22:23,2025-12-27T19:10:46,,,,,usado
f8b94e34-6e5a-47be-aa94-d7d3fdafe767,2025-12-27T12:10:14,Lucas Barbosa,lucas.barbosa89@outlook.com,Paulo Henrique Santos,Juliana Costa,locação,Jetimob - Portal,SL-7840,2025-12-29T08:56:21,2025-12-29T12:45:58,,2026-01-15T12:45:58,Preço acima do orçamento,,novo
34ddeda0-b3fe-4a64-80b8-80e3ec695026,2025-12-27T17:07:05,Gabriel Souza,gabriel.souza92@outlook.com,Juliana Costa,Marcos Oliveira,venda,Instagram - Casarão SP,AP-8707,2025-12-28T17:02:04,2025-12-28T21:41:42,,2026-01-05T21:41:42,Mudou de cidade,,novo
f1fb40f1-14a2-4e61-962e-599ca74f9fe1,2025-12-27T21:12:17,Larissa Pereira,larissa.pereira88@outlook.com,Juliana Costa,Juliana Costa,locação,OLX Imóveis,TE-4439,2025-12-28T16:17:00,2025-12-28T22:12:27,,,,,usado
b4325efd-84a4-44b5-83f8-6340795895c6,2025-12-28T03:38:52,Camila Teixeira,camila.teix94@gmail.com,Carlos Eduardo Silva,Camila Alves,venda,Site Orgânico,CS-8619,2025-12-28T21:37:22,2025-12-29T00:46:49,,2026-02-12T00:46:49,Não respondeu,,novo
10a164e2-947d-4258-ab19-9438567c6743,2025-12-28T05:16:55,Camila Teixeira,camila.teix99@gmail.com,Juliana Costa,Camila Alves,locação,Zap Imóveis,CO-7235,2025-12-28T14:21:51,2025-12-28T15:15:31,,2026-01-03T15:15:31,Preço acima do orçamento,,novo
42d41da0-1c0e-420b-a966-0e15e497559e,2025-12-28T09:51:48,Fernanda Lopes,fernanda.lop74@hotmail.com,Carlos Eduardo Silva,Carlos Eduardo Silva,locação,Jetimob - Portal,AP-5140,2025-12-29T04:04:05,2025-12-29T08:37:56,2026-03-29T08:37:56,,,3328.12,usado
800e7f6c-903a-4d91-9166-40c685bcb88d,2025-12-28T11:37:26,Leandro Santana,leandro.sant10@hotmail.com,Ana Paula Ferreira,Ana Paula Ferreira,venda,Site Orgânico,CS-5006,2025-12-29T08:26:52,2025-12-29T14:03:43,,2026-02-07T14:03:43,Sem perfil para financiamento,,novo
3820cbc6-cab3-452a-880f-fa812983c245,2025-12-28T13:25:42,Fernanda Lopes,fernanda.lop95@outlook.com,Carlos Eduardo Silva,Carlos Eduardo Silva,locação,Instagram - Casarão SP,AP-8222,2025-12-29T08:05:27,2025-12-29T11:14:48,,2026-02-04T11:14:48,Não respondeu,,novo
77f3a4b6-e740-4682-843d-cfd7f745395e,2025-12-28T19:19:38,Monica Correia,monica.corr72@gmail.com,Roberto Mendes,Camila Alves,venda,Jetimob - Portal,SL-2522,2025-12-28T22:30:38,2025-12-29T03:50:09,2026-03-21T03:50:09,,,932124.39,usado
166cc7d4-ba9c-477b-8f96-6b096d76838a,2025-12-28T20:43:29,Gabriel Souza,gabriel.souza17@yahoo.com.br,Carlos Eduardo Silva,Carlos Eduardo Silva,locação,Jetimob - Portal,TE-3734,2025-12-29T19:34:57,2025-12-29T22:35:24,,2026-02-16T22:35:24,Não respondeu,,usado
72ec0bb7-f50c-4b1f-8ea5-9d6eacdd4c5e,2025-12-28T21:46:01,Julia Medeiros,julia.med40@yahoo.com.br,Marcos Oliveira,Marcos Oliveira,venda,Jetimob - Portal,CS-9878,2025-12-29T20:25:41,2025-12-29T21:02:05,2026-01-06T21:02:05,,,617795.22,usado
a943c67c-5042-483c-a91d-3d62db4ea2d1,2025-12-28T23:11:22,Monica Correia,monica.corr65@hotmail.com,Camila Alves,Camila Alves,locação,Meta - Novos Empreendimentos,TE-7656,2025-12-29T22:14:12,2025-12-29T23:15:43,2026-01-27T23:15:43,,,2721.35,usado
dfc7946d-2a19-414c-b935-5ccecaf33ee7,2025-12-29T00:00:16,Mariana Gomes,mariana.gomes43@yahoo.com.br,Fernanda Rodrigues,Ana Paula Ferreira,venda,Zap Imóveis,TE-3913,2025-12-30T21:14:54,2025-12-30T22:16:57,2026-03-11T22:16:57,,,1351726.17,novo
c3d03c3f-8482-4098-a2ad-561155673c7d,2025-12-29T00:55:34,Gustavo Nunes,gustavo.nunes20@gmail.com,Camila Alves,Juliana Costa,venda,Indicação - Cliente,CS-6278,2025-12-29T06:05:45,2025-12-29T11:02:37,2026-03-18T11:02:37,,,1518118.39,usado
a43ae460-a08c-4a65-a8d8-b5db825587b8,2025-12-29T03:01:36,Igor Pinto,igor.pinto39@yahoo.com.br,Ana Paula Ferreira,Ana Paula Ferreira,venda,Whatsapp - Indicação Direta,SL-3774,2025-12-29T08:49:31,2025-12-29T10:53:13,2026-01-31T10:53:13,,,453677.76,novo
60686cf5-5aec-40cd-bb16-2363c4c78108,2025-12-29T04:17:32,Thiago Carvalho,thiago.carvalho41@hotmail.com,Marcos Oliveira,Marcos Oliveira,locação,Zap Imóveis,CO-2462,2025-12-29T17:58:51,2025-12-29T20:41:48,,2026-02-20T20:41:48,Sem perfil para financiamento,,usado
86b3ea20-0bc1-4e5c-b907-6c2adfab91f8,2025-12-29T06:06:54,Gustavo Nunes,gustavo.nunes18@yahoo.com.br,Marcos Oliveira,Marcos Oliveira,venda,Instagram - Casarão SP,AP-4436,2025-12-29T19:09:44,2025-12-29T19:44:05,,2026-01-01T19:44:05,Negociação travou,,novo
c808f090-0c5c-4483-8dce-3212dad1cc97,2025-12-29T08:59:59,Igor Pinto,igor.pinto52@hotmail.com,Juliana Costa,Juliana Costa,venda,Zap Imóveis,TE-3967,2025-12-30T22:26:09,2025-12-31T02:49:27,,,,,usado
58c10867-8403-44d0-b3f9-013f16eb79f5,2025-12-29T10:49:54,Beatriz Lima,beatriz.lima92@hotmail.com,Fernanda Rodrigues,Fernanda Rodrigues,venda,LinkedIn Ads - Alto Padrão,TE-7779,2025-12-30T21:52:47,2025-12-30T23:37:07,,,,,usado
af46bcbe-7633-4617-aad2-cba15c1f13ab,2025-12-29T14:21:01,Patricia Dias,patricia.dias87@hotmail.com,Marcos Oliveira,Marcos Oliveira,venda,Whatsapp - Indicação Direta,CO-4012,2025-12-31T14:16:11,2025-12-31T18:30:44,,,,,usado
6ce6dacb-4d03-4615-882f-02a330874134,2025-12-29T14:45:26,Gabriel Souza,gabriel.souza53@yahoo.com.br,Fernanda Rodrigues,Fernanda Rodrigues,locação,Meta - Novos Empreendimentos,CO-1558,2025-12-31T07:43:54,2025-12-31T13:35:39,2026-02-02T13:35:39,,,4246.72,usado
5522787f-e827-4151-aa39-9d7496abd565,2025-12-30T06:43:38,Rafael Torres,rafael.torres63@gmail.com,Ana Paula Ferreira,Ana Paula Ferreira,venda,OLX Imóveis,SL-7840,2025-12-30T11:22:26,2025-12-30T15:16:58,,2026-02-26T15:16:58,Preço acima do orçamento,,novo
f32548b3-ae57-4632-924c-58638622144d,2025-12-30T10:18:27,Monica Correia,monica.corr82@yahoo.com.br,Roberto Mendes,Roberto Mendes,venda,Zap Imóveis,CS-7473,2025-12-31T16:17:58,2025-12-31T17:08:45,,2026-01-10T17:08:45,Imóvel não atendeu expectativa,,usado
3686e10d-04e5-4f06-8e48-7787140d2622,2025-12-30T12:39:47,Eduardo Moreira,eduardo.mor56@yahoo.com.br,Marcos Oliveira,Paulo Henrique Santos,venda,OLX Imóveis,SL-7362,2025-12-31T00:01:19,2025-12-31T05:22:05,,2026-02-01T05:22:05,Sem perfil para financiamento,,usado
b85820b6-5826-4df3-ae8c-458e99bb90e3,2025-12-30T13:56:20,Amanda Castro,amanda.castro19@gmail.com,Juliana Costa,Juliana Costa,venda,Site Orgânico,CO-1278,2026-01-01T06:06:25,2026-01-01T11:07:13,,,,,usado
fe3d815f-de06-48f2-b5d5-e2368c656f87,2026-01-01T11:10:52,Eduardo Moreira,eduardo.mor44@outlook.com,Camila Alves,Camila Alves,venda,Google Ads - Apartamentos SP,SL-9535,2026-01-02T06:00:33,2026-01-02T09:18:34,,2026-02-09T09:18:34,Preço acima do orçamento,,novo
b41d3731-e7f8-4874-89ea-3279c5a09bf0,2026-01-01T16:23:12,Julia Medeiros,julia.med36@yahoo.com.br,Paulo Henrique Santos,Ana Paula Ferreira,locação,Whatsapp - Indicação Direta,TE-8850,2026-01-01T22:33:10,2026-01-01T23:37:52,,,,,usado
367bf06e-47ab-46d8-b556-0368d9b46b3b,2026-01-01T20:09:37,Bruno Almeida,bruno.almeida38@outlook.com,Roberto Mendes,Camila Alves,locação,Site Orgânico,AP-3308,2026-01-03T08:36:06,2026-01-03T10:39:08,,,,,usado
100d2705-2e3d-47b3-b191-0e6730cd0c67,2026-01-02T05:58:38,Thiago Carvalho,thiago.carvalho2@yahoo.com.br,Camila Alves,Camila Alves,venda,Google Ads - Apartamentos SP,CS-9666,2026-01-04T01:23:55,2026-01-04T05:34:54,,2026-03-02T05:34:54,Sem perfil para financiamento,,novo
4ff77faa-6611-4555-85c0-a458bb8a0718,2026-01-02T12:17:36,Larissa Pereira,larissa.pereira85@outlook.com,Fernanda Rodrigues,Fernanda Rodrigues,venda,Jetimob - Portal,TE-4888,2026-01-03T11:10:00,2026-01-03T16:17:10,2026-03-16T16:17:10,,,1155194.52,novo
1de88024-139e-4377-bac6-8fd16203c75f,2026-01-02T15:25:46,Isabela Nascimento,isabela.nasc55@hotmail.com,Camila Alves,Camila Alves,locação,Site Orgânico,AP-6696,2026-01-03T03:05:39,2026-01-03T07:21:51,2026-01-09T07:21:51,,,3598.73,usado
0f7a742d-7c11-4f2c-bd46-94ab81b5932f,2026-01-03T18:47:16,Gabriel Souza,gabriel.souza1@hotmail.com,Ana Paula Ferreira,Ana Paula Ferreira,locação,Indicação - Cliente,CS-9135,2026-01-05T17:17:14,2026-01-05T19:51:27,,2026-03-05T19:51:27,Sem perfil para financiamento,,usado
316ea67c-6315-420e-8db3-544958e3581b,2026-01-03T19:35:31,Gabriel Souza,gabriel.souza21@yahoo.com.br,Juliana Costa,Juliana Costa,venda,Zap Imóveis,TE-5571,2026-01-04T08:50:40,2026-01-04T12:01:46,2026-03-19T12:01:46,,,1932115.29,usado
525c3395-fe62-45d9-b7f4-7ac6dbe85b79,2026-01-04T02:44:10,Monica Correia,monica.corr74@hotmail.com,Roberto Mendes,Roberto Mendes,locação,Site Orgânico,CS-9376,2026-01-05T17:07:33,2026-01-05T17:50:31,,2026-02-20T17:50:31,Desistiu da compra,,usado
72113ebe-3b75-44d8-9dfd-34953de1ce4b,2026-01-04T05:32:14,Bruno Almeida,bruno.almeida94@yahoo.com.br,Paulo Henrique Santos,Paulo Henrique Santos,venda,Jetimob - Portal,AP-7576,2026-01-06T04:04:19,2026-01-06T07:44:48,,2026-01-11T07:44:48,Comprou com outra imobiliária,,novo
b30f6967-4ac2-4cca-a5dd-1d22f422973e,2026-01-04T14:09:05,Rodrigo Cunha,rodrigo.cunha15@gmail.com,Ana Paula Ferreira,Ana Paula Ferreira,venda,OLX Imóveis,AP-1598,2026-01-04T22:24:17,2026-01-04T23:24:55,,2026-01-10T23:24:55,Imóvel não atendeu expectativa,,novo
2bb0ac1e-58c2-451f-adcb-0d637ba6876a,2026-01-05T02:09:19,Beatriz Lima,beatriz.lima19@hotmail.com,Juliana Costa,Juliana Costa,venda,Instagram - Casarão SP,CS-8438,2026-01-05T15:57:29,2026-01-05T19:32:10,,2026-02-09T19:32:10,Negociação travou,,usado
455ea5c5-e098-4328-a5cd-2c6a1a3da155,2026-01-05T12:52:19,Nelson Xavier,nelson.xavier12@gmail.com,Ana Paula Ferreira,Roberto Mendes,locação,Zap Imóveis,TE-8133,2026-01-06T10:18:10,2026-01-06T13:47:27,,2026-02-01T13:47:27,Preço acima do orçamento,,usado
e33ac558-4c06-455f-b250-e0b56419e554,2026-01-06T15:13:22,Leandro Santana,leandro.sant59@yahoo.com.br,Fernanda Rodrigues,Roberto Mendes,venda,LinkedIn Ads - Alto Padrão,CS-4704,2026-01-08T03:31:49,2026-01-08T05:10:47,,2026-03-03T05:10:47,Desistiu da compra,,novo
4dd1b114-dbda-4fee-8469-6769a5a72fe7,2026-01-07T18:53:29,Natalia Rocha,natalia.rocha71@yahoo.com.br,Paulo Henrique Santos,Paulo Henrique Santos,venda,Jetimob - Portal,AP-8624,2026-01-08T11:03:06,2026-01-08T12:56:22,2026-02-20T12:56:22,,,812218.7,novo
0e1e5fcc-1ee2-4eaf-969a-39f6b8076b66,2026-01-08T03:26:43,Beatriz Lima,beatriz.lima86@outlook.com,Marcos Oliveira,Marcos Oliveira,venda,LinkedIn Ads - Alto Padrão,CS-7761,2026-01-10T01:58:51,2026-01-10T06:27:58,2026-01-30T06:27:58,,,1573885.47,usado
950ad816-94de-4c64-858e-78315c3cf647,2026-01-08T19:49:15,Felipe Ribeiro,felipe.ribeiro11@yahoo.com.br,Camila Alves,Camila Alves,venda,Google Ads - Apartamentos SP,SL-6638,2026-01-10T11:46:56,2026-01-10T13:16:38,,2026-03-05T13:16:38,Mudou de cidade,,usado
2a9ef5c6-3f16-4414-90ac-675dbe11551f,2026-01-09T01:55:38,Mariana Gomes,mariana.gomes30@yahoo.com.br,Paulo Henrique Santos,Marcos Oliveira,venda,Indicação - Cliente,CS-1043,2026-01-09T05:05:43,2026-01-09T08:03:57,2026-02-18T08:03:57,,,617672.44,usado
f76fb966-e295-40c0-bcab-2c6cd7496246,2026-01-09T12:24:08,Isabela Nascimento,isabela.nasc7@gmail.com,Roberto Mendes,Roberto Mendes,venda,Instagram - Casarão SP,CO-1839,2026-01-11T05:20:47,2026-01-11T08:28:32,2026-02-10T08:28:32,,,1152535.01,usado
6b55d5e0-dc05-4e37-9db5-f629bbbfc3cd,2026-01-10T00:30:33,Thiago Carvalho,thiago.carvalho59@hotmail.com,Juliana Costa,Paulo Henrique Santos,locação,OLX Imóveis,TE-8328,2026-01-11T12:13:29,2026-01-11T17:40:39,,,,,novo
562672ab-2f48-47e7-8496-44b553df79dc,2026-01-10T14:01:25,Monica Correia,monica.corr16@hotmail.com,Fernanda Rodrigues,Fernanda Rodrigues,venda,Jetimob - Portal,CS-3181,2026-01-12T10:55:53,2026-01-12T13:12:56,,,,,usado
ff132cd7-0431-45f6-8864-141d24f44b33,2026-01-11T10:56:29,Julia Medeiros,julia.med66@gmail.com,Roberto Mendes,Roberto Mendes,venda,Zap Imóveis,CO-4389,2026-01-11T22:13:34,2026-01-12T01:05:49,,,,,novo
6340359d-8be8-43f8-8a97-1fc695f57742,2026-01-11T21:00:45,Isabela Nascimento,isabela.nasc21@hotmail.com,Carlos Eduardo Silva,Juliana Costa,venda,Instagram - Casarão SP,TE-7027,2026-01-12T00:46:56,2026-01-12T06:12:04,,2026-02-07T06:12:04,Imóvel não atendeu expectativa,,usado
bf06bc4c-a404-47bc-8b25-4821864b7ced,2026-01-12T06:38:29,Diego Martins,diego.martins29@outlook.com,Juliana Costa,Juliana Costa,venda,Whatsapp - Indicação Direta,TE-1401,2026-01-13T05:40:50,2026-01-13T10:48:21,,2026-02-05T10:48:21,Preço acima do orçamento,,novo
2374e1a9-d0a6-431e-bf3e-f747d0142654,2026-01-13T06:38:19,Diego Martins,diego.martins18@hotmail.com,Carlos Eduardo Silva,Carlos Eduardo Silva,locação,Site Orgânico,CO-5709,2026-01-13T09:45:45,2026-01-13T13:43:33,,,,,novo
a5184be0-a62b-4f8b-9dba-3c41d944cbba,2026-01-14T00:15:04,Gustavo Nunes,gustavo.nunes57@gmail.com,Ana Paula Ferreira,Ana Paula Ferreira,venda,Instagram - Casarão SP,AP-4674,2026-01-15T09:23:12,2026-01-15T10:36:25,,,,,usado
c822930d-716e-41fa-8965-08e1daae26fa,2026-01-14T08:55:35,Fernanda Lopes,fernanda.lop33@yahoo.com.br,Ana Paula Ferreira,Ana Paula Ferreira,locação,LinkedIn Ads - Alto Padrão,TE-8043,2026-01-15T15:09:59,2026-01-15T17:27:39,2026-02-28T17:27:39,,,2653.26,usado
133cd0e3-707b-475b-b5e9-78852ec4986d,2026-01-14T23:02:00,Fernanda Lopes,fernanda.lop32@hotmail.com,Fernanda Rodrigues,Fernanda Rodrigues,venda,Zap Imóveis,TE-2240,2026-01-14T23:56:35,2026-01-15T01:05:11,,,,,novo
42e50455-4181-44ad-8531-4fd812d5b965,2026-01-17T17:08:07,Helena Freitas,helena.freitas47@yahoo.com.br,Camila Alves,Camila Alves,venda,Zap Imóveis,CS-7918,2026-01-19T05:04:20,2026-01-19T06:58:17,,,,,novo
d6d24f1a-2d46-4707-a8dd-bca6af72b7fa,2026-01-18T15:00:18,Larissa Pereira,larissa.pereira26@hotmail.com,Paulo Henrique Santos,Paulo Henrique Santos,venda,Site Orgânico,CS-5461,2026-01-20T02:57:00,2026-01-20T04:09:52,,2026-02-26T04:09:52,Desistiu da compra,,usado
f388950a-36c3-445c-a68b-fc83751f8321,2026-01-19T17:58:15,Rodrigo Cunha,rodrigo.cunha82@yahoo.com.br,Marcos Oliveira,Marcos Oliveira,locação,Google Ads - Apartamentos SP,SL-9141,2026-01-21T15:01:16,2026-01-21T19:37:29,,2026-03-01T19:37:29,Imóvel não atendeu expectativa,,usado
d2ce9246-3c52-49bf-8e3d-3c14435c24c3,2026-01-20T04:11:17,Rodrigo Cunha,rodrigo.cunha27@outlook.com,Ana Paula Ferreira,Roberto Mendes,locação,Site Orgânico,AP-2832,2026-01-20T23:16:31,2026-01-21T00:27:25,,,,,usado
a2bc2b6a-91cc-4452-a267-b4eb7521daaf,2026-01-20T05:08:31,Isabela Nascimento,isabela.nasc28@hotmail.com,Marcos Oliveira,Marcos Oliveira,venda,OLX Imóveis,SL-9757,2026-01-20T18:54:30,2026-01-20T23:14:08,,2026-02-25T23:14:08,Desistiu da compra,,usado
c7ba7b55-3453-44fb-8093-8627e499bf98,2026-01-21T01:39:36,Rodrigo Cunha,rodrigo.cunha26@outlook.com,Fernanda Rodrigues,Fernanda Rodrigues,venda,LinkedIn Ads - Alto Padrão,CO-3714,2026-01-21T05:09:18,2026-01-21T07:24:29,,2026-03-01T07:24:29,Mudou de cidade,,usado
c9d97cad-d8fa-4e55-a254-6b9c6c35d6f7,2026-01-21T08:25:20,Monica Correia,monica.corr3@hotmail.com,Juliana Costa,Paulo Henrique Santos,venda,Instagram - Casarão SP,CS-8250,2026-01-22T10:38:03,2026-01-22T11:53:00,,,,,usado
123b1099-65cb-43f5-9277-fc68058e2548,2026-01-22T04:26:34,Leandro Santana,leandro.sant8@yahoo.com.br,Carlos Eduardo Silva,Carlos Eduardo Silva,locação,Zap Imóveis,TE-1145,2026-01-23T04:16:34,2026-01-23T09:47:52,,2026-01-27T09:47:52,Mudou de cidade,,usado
15cf76da-f3e1-47bc-80c1-436bb0553d37,2026-01-22T11:04:54,Diego Martins,diego.martins36@yahoo.com.br,Carlos Eduardo Silva,Carlos Eduardo Silva,venda,Zap Imóveis,TE-9314,2026-01-23T15:35:12,2026-01-23T16:44:03,,2026-01-28T16:44:03,Sem perfil para financiamento,,novo
f80f5d48-d17c-4d4f-b1a1-bbe1305cfd66,2026-01-22T16:25:47,Gabriel Souza,gabriel.souza25@hotmail.com,Paulo Henrique Santos,Paulo Henrique Santos,venda,OLX Imóveis,TE-4911,2026-01-23T07:42:27,2026-01-23T11:38:55,,2026-02-19T11:38:55,Negociação travou,,usado
eb40d46a-02e7-4a96-98ed-09e685e6ebdb,2026-01-23T11:46:34,Natalia Rocha,natalia.rocha42@yahoo.com.br,Marcos Oliveira,Marcos Oliveira,locação,Indicação - Cliente,TE-9556,2026-01-23T15:31:04,2026-01-23T16:57:36,,2026-03-10T16:57:36,Mudou de cidade,,novo
66964e4d-2db0-4a10-84c4-905f26465258,2026-01-23T12:45:07,Larissa Pereira,larissa.pereira5@yahoo.com.br,Roberto Mendes,Camila Alves,venda,Instagram - Casarão SP,CS-5064,2026-01-25T10:50:47,2026-01-25T12:18:57,,,,,novo
bed1eec4-41b3-4dde-9812-bac673fb42ea,2026-01-23T16:12:52,Amanda Castro,amanda.castro74@gmail.com,Marcos Oliveira,Marcos Oliveira,locação,Meta - Novos Empreendimentos,TE-1635,2026-01-24T00:12:24,2026-01-24T03:20:12,,2026-03-02T03:20:12,Preço acima do orçamento,,novo
2c515715-9b0a-49d6-b34f-bb72c6f46708,2026-01-24T08:31:03,Felipe Ribeiro,felipe.ribeiro72@outlook.com,Marcos Oliveira,Marcos Oliveira,locação,LinkedIn Ads - Alto Padrão,CO-1555,2026-01-24T16:53:26,2026-01-24T20:04:09,,2026-03-11T20:04:09,Imóvel não atendeu expectativa,,novo
98abf2bd-2aac-4ebe-849e-b3dec7d7255c,2026-01-24T10:33:48,Felipe Ribeiro,felipe.ribeiro16@hotmail.com,Camila Alves,Paulo Henrique Santos,venda,Google Ads - Apartamentos SP,CO-1096,2026-01-25T17:22:16,2026-01-25T20:29:54,2026-03-09T20:29:54,,,1150565.73,novo
1daa6d8c-2d06-4112-baed-751308aaebde,2026-01-25T07:12:25,Patricia Dias,patricia.dias66@yahoo.com.br,Fernanda Rodrigues,Fernanda Rodrigues,locação,Meta - Novos Empreendimentos,CS-6848,2026-01-25T12:56:55,2026-01-25T17:06:42,2026-04-22T17:06:42,,,3180.05,usado
890f1df1-904b-4e7b-a011-c2b350615137,2026-01-25T19:05:22,Helena Freitas,helena.freitas58@outlook.com,Marcos Oliveira,Marcos Oliveira,venda,Whatsapp - Indicação Direta,CS-8465,2026-01-27T05:43:41,2026-01-27T11:16:54,,2026-03-19T11:16:54,Comprou com outra imobiliária,,usado
59146251-f286-49d7-b46b-e8d7f257493d,2026-01-26T02:46:57,Patricia Dias,patricia.dias47@yahoo.com.br,Fernanda Rodrigues,Fernanda Rodrigues,locação,LinkedIn Ads - Alto Padrão,CO-1215,2026-01-27T18:05:14,2026-01-27T23:06:28,,2026-03-25T23:06:28,Sem perfil para financiamento,,usado
bad32848-d45c-41c6-944b-f56189e59e90,2026-01-26T14:56:20,Gustavo Nunes,gustavo.nunes1@yahoo.com.br,Carlos Eduardo Silva,Carlos Eduardo Silva,venda,Zap Imóveis,TE-1450,2026-01-27T22:27:21,2026-01-28T01:38:59,,2026-03-07T01:38:59,Mudou de cidade,,novo
426fdc4f-bb88-4b3b-af97-abcccd4412db,2026-01-26T18:35:14,Natalia Rocha,natalia.rocha61@outlook.com,Paulo Henrique Santos,Paulo Henrique Santos,venda,Site Orgânico,TE-5084,2026-01-26T23:09:12,2026-01-27T03:08:43,,2026-03-15T03:08:43,Preço acima do orçamento,,usado
eb96b2a6-36e5-483b-9eea-d0f2ae88257f,2026-01-26T18:43:02,Felipe Ribeiro,felipe.ribeiro1@yahoo.com.br,Juliana Costa,Juliana Costa,venda,Jetimob - Portal,CO-5733,2026-01-28T16:58:03,2026-01-28T17:51:25,,,,,novo
af5d53b7-a18a-4054-b7d3-d49784e24de9,2026-01-27T03:49:22,Julia Medeiros,julia.med10@gmail.com,Ana Paula Ferreira,Ana Paula Ferreira,venda,OLX Imóveis,CO-1194,2026-01-28T00:18:49,2026-01-28T06:06:02,,2026-03-11T06:06:02,Negociação travou,,novo
e8351c32-d507-47b4-9f0f-3a72d6b682d8,2026-01-27T21:41:55,Larissa Pereira,larissa.pereira58@gmail.com,Paulo Henrique Santos,Paulo Henrique Santos,locação,OLX Imóveis,CS-7317,2026-01-28T11:26:27,2026-01-28T13:13:06,,,,,usado
6e11c56b-9070-4c4d-9c1e-ed73a1f22f03,2026-01-28T01:02:21,Eduardo Moreira,eduardo.mor96@outlook.com,Paulo Henrique Santos,Paulo Henrique Santos,venda,Indicação - Cliente,CS-2155,2026-01-28T14:42:54,2026-01-28T18:31:39,,2026-02-27T18:31:39,Negociação travou,,usado
77134a9c-eca7-4970-97e4-43642d6e764d,2026-01-28T19:43:46,Rodrigo Cunha,rodrigo.cunha43@gmail.com,Roberto Mendes,Roberto Mendes,venda,Jetimob - Portal,CS-9853,2026-01-29T00:11:47,2026-01-29T04:43:52,,,,,usado
ef5b725e-3473-475b-84f3-be26a4d971b4,2026-01-29T04:34:26,Rafael Torres,rafael.torres99@gmail.com,Ana Paula Ferreira,Ana Paula Ferreira,locação,Whatsapp - Indicação Direta,AP-4339,2026-01-29T06:33:45,2026-01-29T08:39:27,,,,,usado
3d0af1a9-135c-4e06-9782-54b155f8a451,2026-01-29T16:19:23,Leandro Santana,leandro.sant41@outlook.com,Roberto Mendes,Roberto Mendes,venda,Indicação - Cliente,CO-7319,2026-01-30T14:36:42,2026-01-30T15:15:11,,2026-03-07T15:15:11,Comprou com outra imobiliária,,usado
12c751da-c1d8-45f8-8e4a-9ee413c93802,2026-01-30T03:28:58,Beatriz Lima,beatriz.lima94@hotmail.com,Fernanda Rodrigues,Fernanda Rodrigues,venda,Meta - Novos Empreendimentos,CS-5661,2026-01-30T04:02:34,2026-01-30T08:24:18,,2026-03-21T08:24:18,Mudou de cidade,,usado
1d549ba9-3b16-47b6-a980-1ee9209b2af8,2026-01-30T18:23:24,Julia Medeiros,julia.med63@gmail.com,Juliana Costa,Juliana Costa,venda,Meta - Novos Empreendimentos,CO-8629,2026-02-01T12:38:59,2026-02-01T16:55:23,,,,,usado
03d5c67e-a6e3-4000-82cd-54819ae8a45a,2026-01-31T00:48:41,Helena Freitas,helena.freitas59@gmail.com,Paulo Henrique Santos,Paulo Henrique Santos,locação,Meta - Novos Empreendimentos,CO-3987,2026-02-01T08:00:03,2026-02-01T12:16:23,,,,,usado
c8e3e186-7f8e-4922-885c-d932e085b1e4,2026-01-31T09:23:33,Mariana Gomes,mariana.gomes98@yahoo.com.br,Marcos Oliveira,Marcos Oliveira,locação,Instagram - Casarão SP,CS-8032,2026-02-01T06:19:45,2026-02-01T07:27:02,,,,,usado
b967e02d-5fbe-4a6e-8cc4-f674dd0759ba,2026-01-31T10:13:35,Leandro Santana,leandro.sant20@outlook.com,Juliana Costa,Juliana Costa,venda,Site Orgânico,CO-6885,2026-02-01T13:48:37,2026-02-01T17:21:42,,2026-02-05T17:21:42,Comprou com outra imobiliária,,usado
b2d2586c-7805-4859-afa4-46f37fde8ee2,2026-01-31T17:02:21,Julia Medeiros,julia.med83@gmail.com,Carlos Eduardo Silva,Carlos Eduardo Silva,venda,OLX Imóveis,TE-3567,2026-02-02T03:24:41,2026-02-02T06:40:02,,2026-02-18T06:40:02,Desistiu da compra,,novo
4e8364a1-7d75-40de-8011-f7d9db7b43d8,2026-02-01T00:25:49,Natalia Rocha,natalia.rocha60@yahoo.com.br,Juliana Costa,Juliana Costa,venda,Zap Imóveis,CO-6174,2026-02-02T03:33:41,2026-02-02T07:36:02,2026-04-03T07:36:02,,,490527.21,usado
91045dfe-6f2e-45b9-ae77-bd2121b291fa,2026-02-01T21:08:01,Leandro Santana,leandro.sant7@yahoo.com.br,Juliana Costa,Juliana Costa,locação,Site Orgânico,TE-6779,2026-02-02T21:49:25,2026-02-03T02:21:36,,,,,usado
995a2efa-5d09-4719-904b-7712fcf2909a,2026-02-02T03:26:34,Bruno Almeida,bruno.almeida38@outlook.com,Paulo Henrique Santos,Paulo Henrique Santos,locação,Jetimob - Portal,TE-8370,2026-02-03T10:38:28,2026-02-03T12:45:13,2026-04-08T12:45:13,,,3725.09,usado
648f6707-c306-4d1e-9c3b-bccba9dd1a11,2026-02-02T05:39:19,Diego Martins,diego.martins3@gmail.com,Fernanda Rodrigues,Carlos Eduardo Silva,venda,Whatsapp - Indicação Direta,SL-9810,2026-02-02T11:55:46,2026-02-02T14:47:25,2026-02-11T14:47:25,,,1202952.97,usado
be03c36f-e452-473a-ac27-d92b15b1d31d,2026-02-02T10:42:48,Gustavo Nunes,gustavo.nunes58@yahoo.com.br,Marcos Oliveira,Marcos Oliveira,venda,Site Orgânico,SL-7670,2026-02-03T03:12:58,2026-02-03T08:53:13,2026-02-19T08:53:13,,,1492343.15,usado
1b0c0490-f565-4ba6-a47b-54bb87fe7701,2026-02-02T18:48:59,Monica Correia,monica.corr46@outlook.com,Fernanda Rodrigues,Ana Paula Ferreira,venda,Meta - Novos Empreendimentos,TE-7894,2026-02-04T14:57:09,2026-02-04T18:18:33,2026-03-09T18:18:33,,,1376522.15,usado
fec59515-20d2-43c5-8799-e843e67ca6c0,2026-02-03T04:27:56,Diego Martins,diego.martins21@hotmail.com,Fernanda Rodrigues,Fernanda Rodrigues,venda,Whatsapp - Indicação Direta,AP-6074,2026-02-04T04:37:37,2026-02-04T07:24:16,,2026-02-22T07:24:16,Preço acima do orçamento,,novo
583f136f-b7b5-4b7f-b573-276ac55934c4,2026-02-03T05:12:16,Patricia Dias,patricia.dias25@hotmail.com,Roberto Mendes,Camila Alves,venda,Google Ads - Apartamentos SP,AP-5172,2026-02-04T06:43:36,2026-02-04T11:06:30,,2026-02-08T11:06:30,Comprou com outra imobiliária,,novo
2161bea7-a0d6-4cb8-bb4e-6dd53d119f6f,2026-02-03T15:31:00,Rafael Torres,rafael.torres85@yahoo.com.br,Marcos Oliveira,Marcos Oliveira,venda,Instagram - Casarão SP,AP-7626,2026-02-05T04:54:34,2026-02-05T06:34:16,,2026-03-28T06:34:16,Imóvel não atendeu expectativa,,novo
33872e28-17c8-4b38-9ef4-f7a7cf8eba63,2026-02-06T07:12:57,Nelson Xavier,nelson.xavier41@hotmail.com,Roberto Mendes,Ana Paula Ferreira,venda,Meta - Novos Empreendimentos,AP-1929,2026-02-07T01:07:55,2026-02-07T05:26:36,2026-04-19T05:26:36,,,945352.76,usado
26a1d21c-f1c7-48f1-901b-9db7bf2b1d2f,2026-02-07T20:07:34,Felipe Ribeiro,felipe.ribeiro61@outlook.com,Roberto Mendes,Roberto Mendes,venda,LinkedIn Ads - Alto Padrão,TE-5403,2026-02-09T06:59:04,2026-02-09T07:38:04,2026-04-10T07:38:04,,,2021365.06,usado
c15b165a-1aed-436c-b583-aba4e3f22505,2026-02-08T08:41:44,Lucas Barbosa,lucas.barbosa47@hotmail.com,Fernanda Rodrigues,Fernanda Rodrigues,locação,Google Ads - Apartamentos SP,SL-1390,2026-02-09T03:26:57,2026-02-09T04:14:38,2026-02-22T04:14:38,,,4909.22,usado
374a083b-8395-46b1-b9dd-b8733688d1ec,2026-02-08T17:01:14,Camila Teixeira,camila.teix39@gmail.com,Ana Paula Ferreira,Ana Paula Ferreira,venda,Jetimob - Portal,TE-2511,2026-02-10T07:06:50,2026-02-10T10:14:57,2026-02-16T10:14:57,,,2158760.26,usado
3e4a25e3-e923-43b9-bf32-22934076d54d,2026-02-08T19:17:43,Monica Correia,monica.corr43@gmail.com,Fernanda Rodrigues,Fernanda Rodrigues,venda,OLX Imóveis,SL-5230,2026-02-09T19:22:56,2026-02-09T21:14:23,,2026-02-26T21:14:23,Desistiu da compra,,novo
2d3d62a6-bb01-458c-85ff-60665523c94b,2026-02-08T20:04:51,Rodrigo Cunha,rodrigo.cunha72@outlook.com,Paulo Henrique Santos,Marcos Oliveira,venda,Site Orgânico,AP-8656,2026-02-09T07:59:09,2026-02-09T12:55:50,2026-02-18T12:55:50,,,1121920.52,novo
3180c422-9e36-41e1-a983-efb8b6baeceb,2026-02-08T20:47:01,Gustavo Nunes,gustavo.nunes93@yahoo.com.br,Roberto Mendes,Paulo Henrique Santos,locação,Whatsapp - Indicação Direta,AP-4010,2026-02-09T04:03:09,2026-02-09T07:39:21,,2026-03-03T07:39:21,Preço acima do orçamento,,usado
46c2c63a-bc24-46d0-b331-dabcf29b3462,2026-02-08T21:01:31,Larissa Pereira,larissa.pereira99@yahoo.com.br,Carlos Eduardo Silva,Carlos Eduardo Silva,locação,LinkedIn Ads - Alto Padrão,AP-2099,2026-02-09T02:17:22,2026-02-09T03:00:08,2026-03-10T03:00:08,,,2125.66,usado
56d01ec0-296f-4788-a087-6bd6b43f00f7,2026-02-09T16:34:24,Gustavo Nunes,gustavo.nunes17@outlook.com,Fernanda Rodrigues,Fernanda Rodrigues,venda,Indicação - Cliente,CS-2425,2026-02-11T13:12:20,2026-02-11T17:27:51,,2026-02-24T17:27:51,Comprou com outra imobiliária,,usado
d6b58f23-05b4-4f7f-a0b3-44a45a519b6e,2026-02-10T03:02:51,Patricia Dias,patricia.dias67@outlook.com,Paulo Henrique Santos,Marcos Oliveira,venda,Jetimob - Portal,CO-2447,2026-02-10T14:04:04,2026-02-10T17:05:00,,2026-02-21T17:05:00,Negociação travou,,novo
42c90e3b-c2af-40bd-b9ca-336c0f3d91a3,2026-02-10T05:59:07,Bruno Almeida,bruno.almeida36@yahoo.com.br,Camila Alves,Camila Alves,venda,Meta - Novos Empreendimentos,SL-9481,2026-02-11T16:59:34,2026-02-11T22:54:29,,,,,usado
bfa89df7-0f24-4672-86b5-e9256eb55961,2026-02-10T10:41:17,Bruno Almeida,bruno.almeida60@yahoo.com.br,Camila Alves,Carlos Eduardo Silva,locação,Meta - Novos Empreendimentos,CS-9420,2026-02-12T08:27:37,2026-02-12T09:48:10,,2026-03-10T09:48:10,Preço acima do orçamento,,usado
d5177f43-330c-4806-8213-81aef5a0fe31,2026-02-11T14:09:50,Camila Teixeira,camila.teix71@hotmail.com,Camila Alves,Camila Alves,locação,Jetimob - Portal,CS-4940,2026-02-12T02:37:36,2026-02-12T04:25:16,,2026-03-08T04:25:16,Sem perfil para financiamento,,usado
d8ecd86b-4a17-4716-b6b8-3eff4fe61abf,2026-02-12T00:28:36,Gustavo Nunes,gustavo.nunes41@gmail.com,Marcos Oliveira,Marcos Oliveira,locação,Whatsapp - Indicação Direta,TE-6081,2026-02-13T19:14:04,2026-02-14T01:11:56,,,,,novo
cd41d262-173b-4bd9-ae53-6cd5e33f7334,2026-02-12T04:33:51,Felipe Ribeiro,felipe.ribeiro32@gmail.com,Roberto Mendes,Roberto Mendes,venda,Meta - Novos Empreendimentos,TE-4737,2026-02-12T11:21:57,2026-02-12T16:48:51,2026-05-07T16:48:51,,,1721510.49,usado
527cc3e5-663d-491f-b72d-bc67678be23a,2026-02-12T11:45:19,Diego Martins,diego.martins53@gmail.com,Roberto Mendes,Roberto Mendes,venda,Jetimob - Portal,SL-6684,2026-02-14T00:06:12,2026-02-14T05:51:40,,2026-03-17T05:51:40,Desistiu da compra,,usado
a0aaaf8e-74fc-4820-8ee9-a48b527939c8,2026-02-12T17:10:57,Rafael Torres,rafael.torres44@outlook.com,Roberto Mendes,Roberto Mendes,venda,Site Orgânico,CO-5105,2026-02-14T12:41:11,2026-02-14T14:37:17,,2026-04-07T14:37:17,Sem perfil para financiamento,,usado
a3cbfa59-5f83-4d74-924b-6c24722870f6,2026-02-13T13:00:52,Lucas Barbosa,lucas.barbosa95@gmail.com,Juliana Costa,Juliana Costa,venda,Whatsapp - Indicação Direta,SL-5617,2026-02-15T05:58:55,2026-02-15T07:26:15,,2026-03-28T07:26:15,Desistiu da compra,,novo
ec8c7128-dc6f-4861-819b-ce274dabfa53,2026-02-14T12:37:01,Isabela Nascimento,isabela.nasc89@outlook.com,Fernanda Rodrigues,Marcos Oliveira,venda,Indicação - Cliente,SL-1878,2026-02-15T00:29:03,2026-02-15T03:38:08,2026-04-13T03:38:08,,,421743.55,novo
bf1f48b3-a319-4956-8b31-0f30d1376a5c,2026-02-14T20:40:50,Helena Freitas,helena.freitas47@yahoo.com.br,Fernanda Rodrigues,Fernanda Rodrigues,locação,LinkedIn Ads - Alto Padrão,SL-7826,2026-02-15T23:13:45,2026-02-16T01:48:37,,2026-04-10T01:48:37,Desistiu da compra,,usado
2ba4d41c-85f4-4009-b841-d4b9dad6946f,2026-02-14T21:43:14,Helena Freitas,helena.freitas16@hotmail.com,Ana Paula Ferreira,Ana Paula Ferreira,venda,OLX Imóveis,TE-4079,2026-02-16T09:45:03,2026-02-16T12:24:48,,2026-04-10T12:24:48,Negociação travou,,usado
a8d2d128-4d37-4f84-8f5c-27b10826fc0b,2026-02-15T06:21:10,Gustavo Nunes,gustavo.nunes16@hotmail.com,Roberto Mendes,Marcos Oliveira,venda,Zap Imóveis,CS-7112,2026-02-15T10:26:18,2026-02-15T13:07:56,2026-05-02T13:07:56,,,1324928.62,usado
d4fde0d6-67c0-41e3-a870-ead98b882853,2026-02-15T08:58:46,Igor Pinto,igor.pinto93@gmail.com,Carlos Eduardo Silva,Carlos Eduardo Silva,venda,Instagram - Casarão SP,CS-4685,2026-02-16T12:48:45,2026-02-16T17:20:19,,2026-03-17T17:20:19,Comprou com outra imobiliária,,usado
558dc5e7-951f-4e3f-a164-2c43377d31dc,2026-02-15T10:25:50,Mariana Gomes,mariana.gomes53@gmail.com,Roberto Mendes,Paulo Henrique Santos,venda,Google Ads - Apartamentos SP,CS-3388,2026-02-16T00:45:17,2026-02-16T04:11:53,2026-05-09T04:11:53,,,1965584.68,novo
84458b02-5acd-4cba-b2c6-ea7248668817,2026-02-15T15:47:40,Isabela Nascimento,isabela.nasc76@yahoo.com.br,Marcos Oliveira,Marcos Oliveira,locação,Instagram - Casarão SP,SL-6122,2026-02-16T22:40:24,2026-02-17T00:33:47,,,,,usado
3ab4933f-137a-4f72-bd8d-9abdeb020ce5,2026-02-16T14:35:08,Nelson Xavier,nelson.xavier28@gmail.com,Juliana Costa,Juliana Costa,locação,Google Ads - Apartamentos SP,SL-3950,2026-02-18T13:37:30,2026-02-18T15:18:15,,2026-02-26T15:18:15,Negociação travou,,novo
8fac4787-3b6e-43bb-813a-a7c385f39380,2026-02-16T16:18:44,Lucas Barbosa,lucas.barbosa16@gmail.com,Marcos Oliveira,Marcos Oliveira,venda,Site Orgânico,AP-2817,2026-02-17T04:32:01,2026-02-17T05:28:15,,2026-03-24T05:28:15,Não respondeu,,usado
89d87163-163e-43c3-89fa-1d6d4dd65f53,2026-02-17T07:27:52,Nelson Xavier,nelson.xavier28@outlook.com,Juliana Costa,Juliana Costa,venda,Jetimob - Portal,TE-2011,2026-02-17T09:15:30,2026-02-17T12:36:57,,2026-04-11T12:36:57,Desistiu da compra,,novo
8902e927-5a05-4590-9ae6-7bdbc25d58f4,2026-02-17T17:22:39,Fernanda Lopes,fernanda.lop72@hotmail.com,Camila Alves,Camila Alves,locação,OLX Imóveis,CO-2270,2026-02-18T10:05:06,2026-02-18T15:19:29,,2026-03-16T15:19:29,Mudou de cidade,,novo
a97740eb-119f-451b-952d-572b2710c8f1,2026-02-18T12:41:33,Rodrigo Cunha,rodrigo.cunha35@gmail.com,Carlos Eduardo Silva,Carlos Eduardo Silva,locação,Instagram - Casarão SP,SL-5600,2026-02-19T15:55:57,2026-02-19T20:08:34,,,,,usado
07d790d1-1f18-4960-a1fe-0cf32b4af9f5,2026-02-20T01:13:15,Beatriz Lima,beatriz.lima44@hotmail.com,Paulo Henrique Santos,Paulo Henrique Santos,locação,Zap Imóveis,CO-5185,2026-02-21T04:22:52,2026-02-21T08:03:28,,2026-03-05T08:03:28,Sem perfil para financiamento,,novo
7a297779-ab0a-4112-8a1b-c33ea8bfd4f8,2026-02-20T02:12:35,Helena Freitas,helena.freitas15@gmail.com,Roberto Mendes,Marcos Oliveira,locação,LinkedIn Ads - Alto Padrão,TE-4971,2026-02-21T10:21:31,2026-02-21T13:05:52,,,,,usado
0525f06e-89e2-4f16-bcfc-7e2716fc938f,2026-02-22T04:19:08,Diego Martins,diego.martins75@outlook.com,Paulo Henrique Santos,Paulo Henrique Santos,locação,OLX Imóveis,CO-4814,2026-02-22T22:37:34,2026-02-22T23:10:55,,,,,usado
e7b33026-5105-4d74-8c05-19d0d4c55f03,2026-02-24T02:58:10,Leandro Santana,leandro.sant32@outlook.com,Carlos Eduardo Silva,Fernanda Rodrigues,venda,Zap Imóveis,TE-6455,2026-02-24T13:14:09,2026-02-24T15:33:59,2026-05-01T15:33:59,,,1894921.19,novo
d29b7c3e-260e-4949-86fd-46a97a27d8f1,2026-02-24T10:01:16,Beatriz Lima,beatriz.lima80@hotmail.com,Carlos Eduardo Silva,Carlos Eduardo Silva,venda,Meta - Novos Empreendimentos,TE-7223,2026-02-26T00:53:58,2026-02-26T02:16:02,2026-05-13T02:16:02,,,1610724.92,usado
c0fdddef-ead7-4735-9444-d20c1411b316,2026-02-24T10:48:31,Helena Freitas,helena.freitas66@yahoo.com.br,Ana Paula Ferreira,Ana Paula Ferreira,locação,Jetimob - Portal,TE-8658,2026-02-24T13:21:31,2026-02-24T18:51:36,,2026-04-07T18:51:36,Preço acima do orçamento,,novo
1478fe8d-a4e5-4ddb-9b10-dad5d9769399,2026-02-27T17:36:40,Bruno Almeida,bruno.almeida8@hotmail.com,Ana Paula Ferreira,Ana Paula Ferreira,locação,Jetimob - Portal,CS-9382,2026-02-28T05:16:13,2026-02-28T10:58:11,,2026-04-25T10:58:11,Mudou de cidade,,novo
96364d99-a7cd-4bb7-bc3e-f02c9308f882,2026-02-28T05:07:58,Helena Freitas,helena.freitas14@gmail.com,Juliana Costa,Juliana Costa,venda,Instagram - Casarão SP,SL-8663,2026-03-01T02:24:42,2026-03-01T04:17:14,,,,,usado
565efc51-4f86-477d-8941-3dda4572e2d8,2026-02-28T12:04:05,Lucas Barbosa,lucas.barbosa38@outlook.com,Paulo Henrique Santos,Roberto Mendes,venda,OLX Imóveis,AP-7365,2026-02-28T15:06:38,2026-02-28T18:02:06,,,,,usado
cd548a39-55d9-40d8-bd57-7cf5930a0090,2026-02-28T15:15:34,Diego Martins,diego.martins72@outlook.com,Carlos Eduardo Silva,Carlos Eduardo Silva,venda,Meta - Novos Empreendimentos,CO-1019,2026-03-01T14:38:02,2026-03-01T20:04:30,,2026-03-04T20:04:30,Negociação travou,,usado
31a5d4f7-a457-4270-af48-e57c8c285ffe,2026-03-02T03:56:38,Eduardo Moreira,eduardo.mor76@yahoo.com.br,Camila Alves,Fernanda Rodrigues,venda,Zap Imóveis,TE-5226,2026-03-02T18:10:12,2026-03-02T19:03:04,,2026-03-10T19:03:04,Comprou com outra imobiliária,,usado
0cbe1737-0834-44d6-9f96-ad90cc1ab0ed,2026-03-02T11:48:52,Igor Pinto,igor.pinto32@hotmail.com,Camila Alves,Camila Alves,locação,Whatsapp - Indicação Direta,CO-4055,2026-03-04T07:39:47,2026-03-04T12:46:29,2026-04-23T12:46:29,,,3685.73,novo
7e0e276b-54dd-4bb0-af2b-2917c3c72044,2026-03-04T21:00:16,Rodrigo Cunha,rodrigo.cunha14@hotmail.com,Camila Alves,Camila Alves,venda,Instagram - Casarão SP,CO-3535,2026-03-06T07:28:48,2026-03-06T08:49:03,,,,,novo
ae3dee76-f3f7-4370-a453-c8aeca6b0365,2026-03-04T22:13:16,Amanda Castro,amanda.castro11@yahoo.com.br,Carlos Eduardo Silva,Carlos Eduardo Silva,venda,Google Ads - Apartamentos SP,TE-1008,2026-03-05T00:45:49,2026-03-05T01:50:51,,2026-03-29T01:50:51,Preço acima do orçamento,,novo
0fcaf481-6b20-4fe2-90c1-e450d6b208dd,2026-03-05T03:55:59,Leandro Santana,leandro.sant9@yahoo.com.br,Paulo Henrique Santos,Paulo Henrique Santos,venda,Instagram - Casarão SP,CO-6769,2026-03-06T18:20:36,2026-03-06T19:25:18,,2026-03-20T19:25:18,Preço acima do orçamento,,usado
f2b5933b-ebf8-48cf-9586-0e5265b4efda,2026-03-06T02:01:42,Helena Freitas,helena.freitas60@outlook.com,Marcos Oliveira,Marcos Oliveira,venda,Whatsapp - Indicação Direta,SL-7076,2026-03-07T20:48:31,2026-03-07T23:05:30,,2026-04-21T23:05:30,Mudou de cidade,,usado
0d6fa5d8-fbfe-46e8-b0a9-a42fe25dfdec,2026-03-06T06:53:27,Camila Teixeira,camila.teix12@gmail.com,Carlos Eduardo Silva,Carlos Eduardo Silva,locação,LinkedIn Ads - Alto Padrão,AP-4079,2026-03-07T12:18:29,2026-03-07T17:32:11,2026-05-03T17:32:11,,,2891.58,usado
d1b3b33c-1e4f-4eb8-a051-cc28ebd12646,2026-03-08T07:06:22,Larissa Pereira,larissa.pereira50@gmail.com,Carlos Eduardo Silva,Carlos Eduardo Silva,locação,Zap Imóveis,TE-8614,2026-03-09T21:25:47,2026-03-09T22:31:46,,2026-05-08T22:31:46,Comprou com outra imobiliária,,usado
d77a6946-5b6f-4a14-a7b7-61f7ff976147,2026-03-08T16:48:01,Rafael Torres,rafael.torres84@gmail.com,Camila Alves,Juliana Costa,venda,Site Orgânico,CS-9766,2026-03-10T14:02:11,2026-03-10T16:19:23,,2026-04-08T16:19:23,Preço acima do orçamento,,novo
fe7ff044-78ad-4ba3-a322-d9c85e42442d,2026-03-10T04:45:54,Julia Medeiros,julia.med24@outlook.com,Camila Alves,Camila Alves,venda,OLX Imóveis,AP-4984,2026-03-12T04:28:29,2026-03-12T07:37:54,,2026-05-05T07:37:54,Sem perfil para financiamento,,novo
723f17cc-701e-43d9-aa6f-6ce5cd5d05e4,2026-03-10T14:48:31,Amanda Castro,amanda.castro90@hotmail.com,Paulo Henrique Santos,Ana Paula Ferreira,venda,OLX Imóveis,AP-2670,2026-03-10T16:23:44,2026-03-10T17:59:10,,2026-03-16T17:59:10,Comprou com outra imobiliária,,novo
af7ba7ac-1d04-4b08-8c7b-8c9b63f1c7fe,2026-03-10T16:21:58,Gabriel Souza,gabriel.souza62@outlook.com,Marcos Oliveira,Marcos Oliveira,locação,Jetimob - Portal,CS-6323,2026-03-10T20:36:07,2026-03-11T02:03:08,2026-03-28T02:03:08,,,1869.26,novo
6dd64531-9cdf-4cd6-b4cf-b3ac7343af1b,2026-03-12T02:29:01,Gustavo Nunes,gustavo.nunes54@hotmail.com,Carlos Eduardo Silva,Carlos Eduardo Silva,locação,OLX Imóveis,CS-8433,2026-03-14T01:54:09,2026-03-14T05:36:01,,2026-05-11T05:36:01,Desistiu da compra,,novo
1cff4c31-7411-4a9c-87a8-f718b387702b,2026-03-12T05:12:30,Leandro Santana,leandro.sant84@hotmail.com,Marcos Oliveira,Marcos Oliveira,locação,Google Ads - Apartamentos SP,AP-3559,2026-03-13T01:21:31,2026-03-13T02:42:38,,2026-04-14T02:42:38,Comprou com outra imobiliária,,novo
c60acd1f-2f0c-4116-a777-16b9eb943fd2,2026-03-12T12:53:50,Mariana Gomes,mariana.gomes48@gmail.com,Carlos Eduardo Silva,Carlos Eduardo Silva,locação,Whatsapp - Indicação Direta,CO-3678,2026-03-13T22:41:12,2026-03-14T02:35:04,2026-03-18T02:35:04,,,4336.74,usado
1d6c1154-8c7d-4d7a-9858-d153acd40685,2026-03-14T23:17:32,Leandro Santana,leandro.sant90@yahoo.com.br,Fernanda Rodrigues,Roberto Mendes,venda,Indicação - Cliente,TE-1127,2026-03-15T19:15:58,2026-03-16T00:52:56,,,,,usado
4a168519-943b-4b66-a660-fefeaa05e90e,2026-03-16T20:22:54,Igor Pinto,igor.pinto90@yahoo.com.br,Roberto Mendes,Camila Alves,locação,Google Ads - Apartamentos SP,CS-6838,2026-03-17T03:45:35,2026-03-17T08:10:57,,2026-04-11T08:10:57,Desistiu da compra,,usado
7c6d7e0a-0f9b-4502-8c20-8a013aef97e9,2026-03-17T08:05:33,Rodrigo Cunha,rodrigo.cunha96@hotmail.com,Roberto Mendes,Roberto Mendes,venda,LinkedIn Ads - Alto Padrão,AP-6114,2026-03-17T20:23:11,2026-03-18T01:05:05,,,,,usado
84e09f8a-fd2a-43ae-87e1-c63a21b10207,2026-03-18T04:09:23,Patricia Dias,patricia.dias72@yahoo.com.br,Camila Alves,Marcos Oliveira,venda,Jetimob - Portal,AP-5165,2026-03-18T16:21:42,2026-03-18T22:02:50,,2026-04-15T22:02:50,Mudou de cidade,,novo
f370efcc-3c19-49c7-bfc4-1affac58d23d,2026-03-18T15:10:10,Mariana Gomes,mariana.gomes8@hotmail.com,Paulo Henrique Santos,Paulo Henrique Santos,venda,Site Orgânico,AP-2296,2026-03-19T11:27:14,2026-03-19T15:07:37,2026-04-28T15:07:37,,,474695.28,usado
d41ffa59-af84-4548-93bb-a2846dfb7fd9,2026-03-18T16:49:05,Gustavo Nunes,gustavo.nunes34@hotmail.com,Carlos Eduardo Silva,Ana Paula Ferreira,venda,Zap Imóveis,AP-9906,2026-03-19T12:38:46,2026-03-19T16:57:31,,2026-05-16T16:57:31,Preço acima do orçamento,,novo
9947f66a-22f0-4be9-af24-b0ec8606a0a2,2026-03-18T21:59:04,Helena Freitas,helena.freitas5@outlook.com,Juliana Costa,Fernanda Rodrigues,venda,LinkedIn Ads - Alto Padrão,AP-3437,2026-03-19T03:31:23,2026-03-19T05:24:23,2026-04-30T05:24:23,,,801733.2,novo
411532c6-8a61-4184-ad44-3cb59b54e006,2026-03-18T23:18:39,Monica Correia,monica.corr68@outlook.com,Paulo Henrique Santos,Juliana Costa,locação,Indicação - Cliente,CO-7357,2026-03-19T11:54:06,2026-03-19T12:49:56,,,,,usado
47d3b764-709c-4289-a74c-f11aea89a063,2026-03-19T05:48:06,Helena Freitas,helena.freitas66@hotmail.com,Roberto Mendes,Ana Paula Ferreira,locação,OLX Imóveis,SL-2958,2026-03-19T22:15:51,2026-03-20T03:31:32,2026-05-28T03:31:32,,,3024.26,usado
e20413ff-ed3e-4ed5-8fac-7f50fbb42e39,2026-03-19T07:26:56,Larissa Pereira,larissa.pereira11@gmail.com,Fernanda Rodrigues,Fernanda Rodrigues,venda,Whatsapp - Indicação Direta,CO-4154,2026-03-21T05:54:48,2026-03-21T10:31:18,,2026-03-27T10:31:18,Comprou com outra imobiliária,,usado
f00285c6-5b57-42a6-8248-4cb239f8aa12,2026-03-19T15:56:23,Amanda Castro,amanda.castro34@hotmail.com,Fernanda Rodrigues,Fernanda Rodrigues,venda,Whatsapp - Indicação Direta,TE-8084,2026-03-20T12:31:04,2026-03-20T15:18:21,2026-04-22T15:18:21,,,2039314.72,usado
c08dc063-52c9-44f0-807e-0c36f4046642,2026-03-20T03:52:55,Lucas Barbosa,lucas.barbosa14@yahoo.com.br,Roberto Mendes,Roberto Mendes,venda,LinkedIn Ads - Alto Padrão,TE-5260,2026-03-21T07:10:24,2026-03-21T12:19:28,2026-04-16T12:19:28,,,2476695.19,usado
30d0642e-183d-4f6d-b12c-9fcdf4c33fa8,2026-03-20T07:40:56,Lucas Barbosa,lucas.barbosa13@yahoo.com.br,Marcos Oliveira,Marcos Oliveira,venda,Site Orgânico,CS-2133,2026-03-20T20:21:51,2026-03-21T01:18:15,,,,,novo
380ac53c-5295-4e37-a0f9-c9b5e8fd7c6c,2026-03-21T09:50:22,Isabela Nascimento,isabela.nasc95@gmail.com,Roberto Mendes,Roberto Mendes,venda,Whatsapp - Indicação Direta,CS-2842,2026-03-21T20:41:05,2026-03-21T23:49:37,2026-05-16T23:49:37,,,1505097.29,novo
31727108-d113-404f-b07c-2c7ae46a9235,2026-03-21T22:27:22,Mariana Gomes,mariana.gomes36@yahoo.com.br,Camila Alves,Carlos Eduardo Silva,venda,LinkedIn Ads - Alto Padrão,AP-8620,2026-03-22T04:33:54,2026-03-22T08:58:54,,2026-05-03T08:58:54,Imóvel não atendeu expectativa,,usado
e1c794de-2c4f-4fe3-a69a-ef864e985b41,2026-03-22T06:37:26,Rafael Torres,rafael.torres78@hotmail.com,Juliana Costa,Juliana Costa,locação,Instagram - Casarão SP,SL-3966,2026-03-23T20:43:48,2026-03-24T00:19:46,,2026-04-22T00:19:46,Negociação travou,,novo
0d1e2017-06c2-4d42-a55c-20a401e30c45,2026-03-22T14:21:21,Leandro Santana,leandro.sant67@hotmail.com,Carlos Eduardo Silva,Carlos Eduardo Silva,venda,Meta - Novos Empreendimentos,SL-1099,2026-03-23T21:47:30,2026-03-24T03:35:44,,2026-04-30T03:35:44,Mudou de cidade,,novo
4367828d-eaaa-4bf5-a858-1f539e2311a3,2026-03-22T14:50:35,Natalia Rocha,natalia.rocha89@gmail.com,Paulo Henrique Santos,Paulo Henrique Santos,locação,Instagram - Casarão SP,CS-6585,2026-03-23T00:58:06,2026-03-23T04:49:48,,2026-05-03T04:49:48,Preço acima do orçamento,,usado
b3ed5dcd-2d25-4d96-b5e0-37f23680780e,2026-03-23T19:43:26,Patricia Dias,patricia.dias4@outlook.com,Camila Alves,Ana Paula Ferreira,locação,Indicação - Cliente,CS-9864,2026-03-25T05:50:13,2026-03-25T06:28:56,,2026-04-13T06:28:56,Mudou de cidade,,usado
5aa018d1-7d08-4d43-81d9-91a2d9c42016,2026-03-25T18:34:30,Patricia Dias,patricia.dias14@gmail.com,Roberto Mendes,Roberto Mendes,venda,Indicação - Cliente,CS-4407,2026-03-26T20:41:11,2026-03-26T23:10:29,,,,,novo
ae6fc58a-44e7-4fde-9e82-bed317e6c3f2,2026-03-26T10:25:22,Rodrigo Cunha,rodrigo.cunha2@gmail.com,Fernanda Rodrigues,Fernanda Rodrigues,venda,Whatsapp - Indicação Direta,CO-7507,2026-03-28T03:46:44,2026-03-28T05:01:55,,,,,usado
5950eade-c443-4b5e-9b19-ecd2d9622727,2026-03-27T01:51:49,Leandro Santana,leandro.sant40@gmail.com,Roberto Mendes,Roberto Mendes,venda,Instagram - Casarão SP,TE-7343,2026-03-27T16:01:51,2026-03-27T21:07:30,,,,,usado
349cd4c3-8506-4b29-9fd8-37ef502c6722,2026-03-28T05:01:58,Leandro Santana,leandro.sant83@gmail.com,Camila Alves,Camila Alves,venda,Whatsapp - Indicação Direta,SL-6225,2026-03-28T20:07:39,2026-03-28T21:16:26,,2026-04-11T21:16:26,Desistiu da compra,,usado
504c339a-00e0-4107-a89e-046ea856509c,2026-03-28T14:35:20,Rodrigo Cunha,rodrigo.cunha1@yahoo.com.br,Ana Paula Ferreira,Ana Paula Ferreira,locação,Jetimob - Portal,CO-6131,2026-03-29T19:12:51,2026-03-30T00:09:48,,,,,usado
8b5da6f7-66d3-4e7f-a1c4-2ac5c52bcb10,2026-03-29T01:53:33,Natalia Rocha,natalia.rocha8@hotmail.com,Camila Alves,Roberto Mendes,locação,Meta - Novos Empreendimentos,CO-6133,2026-03-30T07:13:25,2026-03-30T11:37:39,2026-05-19T11:37:39,,,3376.48,novo
